Time ,cpuUsage ,cost ,memUsed ,requestThroughput ,busyThreads ,numberOfVMs , ongoingAction, targetedNodeID
Thu Feb 20 13:24:19 UTC 2014,63.2924,0.12,62.0322,0.7,0,1,CassandraNode_scaleOut,CassandraNode
Thu Feb 20 13:24:30 UTC 2014,51.3875,0.12,60.9529,0.7,0,1,CassandraNode_scaleOut,CassandraNode
Thu Feb 20 13:24:41 UTC 2014,64.3713,0.12,62.0141,0.8333,0,1,CassandraNode_scaleOut,CassandraNode
Thu Feb 20 13:24:53 UTC 2014,60.259,0.12,62.861,0.8333,0,1,,
Thu Feb 20 13:24:58 UTC 2014,60.259,0.12,62.861,0.8333,0,1,,
Thu Feb 20 13:25:04 UTC 2014,47.5806,0.12,64.413,0.8333,0,1,,
Thu Feb 20 13:25:09 UTC 2014,47.5806,0.12,64.413,0.8333,0,1,,
Thu Feb 20 13:25:14 UTC 2014,47.5806,0.12,64.413,0.8333,0,1,,
Thu Feb 20 13:25:20 UTC 2014,34.7237,0.12,65.2726,0.6333,0,1,,
Thu Feb 20 13:25:26 UTC 2014,34.7237,0.12,65.2726,0.6333,0,1,,
Thu Feb 20 13:25:31 UTC 2014,38.2564,0.12,65.3962,0.6333,0,1,,
Thu Feb 20 13:25:37 UTC 2014,39.3476,0.12,65.4906,0.7,0,1,,
Thu Feb 20 13:25:42 UTC 2014,39.3476,0.12,65.4906,0.7,0,1,,
Thu Feb 20 13:25:47 UTC 2014,39.3476,0.12,65.4906,0.7,0,1,,
Thu Feb 20 13:25:54 UTC 2014,40.0404,0.12,65.3642,0.7,0,1,,
Thu Feb 20 13:25:59 UTC 2014,40.0404,0.12,65.3642,0.7,0,1,,
Thu Feb 20 13:26:05 UTC 2014,35.6636,0.12,66.2047,0.7,0,1,,
Thu Feb 20 13:26:10 UTC 2014,36.4562,0.12,66.2342,0.7,0,1,,
Thu Feb 20 13:26:16 UTC 2014,36.4562,0.12,66.2342,0.7,0,1,,
Thu Feb 20 13:26:21 UTC 2014,36.4562,0.12,66.2342,0.7,0,1,,
Thu Feb 20 13:26:27 UTC 2014,36.4562,0.12,66.2342,0.7,0,1,,
Thu Feb 20 13:26:32 UTC 2014,46.875,0.12,62.8125,0.7,0,1,,
Thu Feb 20 13:26:37 UTC 2014,29.3634,0.12,63.382,0.9,0,1,,
Thu Feb 20 13:26:43 UTC 2014,29.3634,0.12,63.382,0.9,0,1,,
Thu Feb 20 13:26:48 UTC 2014,29.3634,0.12,63.382,0.9,0,1,,
Thu Feb 20 13:26:53 UTC 2014,46.9681,0.12,63.001,0.9,0,1,,
Thu Feb 20 13:26:59 UTC 2014,46.9681,0.12,63.001,0.9,0,1,,
Thu Feb 20 13:27:04 UTC 2014,38.191,0.12,62.8914,0.9,0,1,,
Thu Feb 20 13:27:09 UTC 2014,38.191,0.12,62.8914,0.9,0,1,,
Thu Feb 20 13:27:15 UTC 2014,38.191,0.12,62.8914,0.9,0,1,,
Thu Feb 20 13:27:21 UTC 2014,48.3384,0.12,63.5688,0.8,0,1,,
Thu Feb 20 13:27:26 UTC 2014,48.3384,0.12,63.5688,0.8,0,1,,
Thu Feb 20 13:27:31 UTC 2014,48.3384,0.12,63.5688,0.8,0,1,,
Thu Feb 20 13:27:37 UTC 2014,50.9548,0.12,63.0141,0.8,0,1,,
Thu Feb 20 13:27:42 UTC 2014,50.9548,0.12,63.0141,0.8,0,1,,
Thu Feb 20 13:27:47 UTC 2014,48.7854,0.12,61.3249,0.9333,0,1,,
Thu Feb 20 13:27:54 UTC 2014,52.3618,0.12,61.8577,0.9333,0,1,,
Thu Feb 20 13:27:59 UTC 2014,52.3618,0.12,61.8577,0.9333,0,1,,
Thu Feb 20 13:28:04 UTC 2014,58.0678,0.12,62.8337,0.9333,0,1,,
Thu Feb 20 13:28:10 UTC 2014,58.0678,0.12,62.8337,0.9333,0,1,,
Thu Feb 20 13:28:15 UTC 2014,58.0222,0.12,61.8433,0.8,0,1,,
Thu Feb 20 13:28:20 UTC 2014,58.0222,0.12,61.8433,0.8,0,1,,
Thu Feb 20 13:28:26 UTC 2014,58.0222,0.12,61.8433,0.8,0,1,,
Thu Feb 20 13:28:31 UTC 2014,58.0222,0.12,61.8433,0.8,0,1,,
Thu Feb 20 13:28:37 UTC 2014,52.8942,0.12,64.3822,0.7333,0,1,,
Thu Feb 20 13:28:42 UTC 2014,52.8942,0.12,64.3822,0.7333,0,1,,
Thu Feb 20 13:28:48 UTC 2014,54.4814,0.12,64.767,0.7333,0,1,,
Thu Feb 20 13:28:53 UTC 2014,54.4814,0.12,64.767,0.7333,0,1,,
Thu Feb 20 13:28:58 UTC 2014,54.4814,0.12,64.767,0.7333,0,1,,
Thu Feb 20 13:29:04 UTC 2014,54.4814,0.12,64.767,0.7333,0,1,,
Thu Feb 20 13:29:10 UTC 2014,52.8571,0.12,64.1862,0.7333,0,1,,
Thu Feb 20 13:29:15 UTC 2014,49.9489,0.12,65.6442,0.7333,0,1,,
Thu Feb 20 13:29:21 UTC 2014,49.9489,0.12,65.6442,0.7333,0,1,,
Thu Feb 20 13:29:26 UTC 2014,49.9489,0.12,65.6442,0.7333,0,1,,
Thu Feb 20 13:29:31 UTC 2014,49.9489,0.12,65.6442,0.7333,0,1,,
Thu Feb 20 13:29:37 UTC 2014,39.1084,0.12,65.5257,0.7333,0,1,,
Thu Feb 20 13:29:42 UTC 2014,45.7746,0.12,63.3083,0.7667,0,1,,
Thu Feb 20 13:29:48 UTC 2014,45.7746,0.12,63.3083,0.7667,0,1,,
Thu Feb 20 13:29:53 UTC 2014,52.4,0.12,62.2713,0.7667,0,1,,
Thu Feb 20 13:29:58 UTC 2014,52.4,0.12,62.2713,0.7667,0,1,,
Thu Feb 20 13:30:04 UTC 2014,52.4,0.12,62.2713,0.7667,0,1,,
Thu Feb 20 13:30:09 UTC 2014,53.5787,0.12,63.3459,0.7667,0,1,,
Thu Feb 20 13:30:15 UTC 2014,48.6056,0.12,63.5532,0.8333,0,1,,
Thu Feb 20 13:30:20 UTC 2014,48.6056,0.12,63.5532,0.8333,0,1,,
Thu Feb 20 13:30:25 UTC 2014,48.6056,0.12,63.5532,0.8333,0,1,,
Thu Feb 20 13:30:31 UTC 2014,48.6056,0.12,63.5532,0.8333,0,1,,
Thu Feb 20 13:30:37 UTC 2014,47.3473,0.12,64.4393,0.8333,0,1,,
Thu Feb 20 13:30:42 UTC 2014,45.4642,0.12,65.715,0.7,0,1,,
Thu Feb 20 13:30:47 UTC 2014,45.4642,0.12,65.715,0.7,0,1,,
Thu Feb 20 13:30:53 UTC 2014,49.1753,0.12,63.8883,0.7,0,1,,
Thu Feb 20 13:30:58 UTC 2014,49.1753,0.12,63.8883,0.7,0,1,,
Thu Feb 20 13:31:04 UTC 2014,48.4789,0.12,65.7501,0.7,0,1,,
Thu Feb 20 13:31:09 UTC 2014,44.7896,0.12,66.0154,0.7333,0,1,,
Thu Feb 20 13:31:15 UTC 2014,44.7896,0.12,66.0154,0.7333,0,1,,
Thu Feb 20 13:31:20 UTC 2014,44.7896,0.12,66.0154,0.7333,0,1,,
Thu Feb 20 13:31:25 UTC 2014,44.7896,0.12,66.0154,0.7333,0,1,,
Thu Feb 20 13:31:31 UTC 2014,40.3789,0.12,66.0975,0.7333,0,1,,
Thu Feb 20 13:31:36 UTC 2014,40.3789,0.12,66.0975,0.7333,0,1,,
Thu Feb 20 13:31:42 UTC 2014,45.0617,0.12,64.2753,0.8,0,1,,
Thu Feb 20 13:31:47 UTC 2014,50.6173,0.12,64.2309,0.8,0,1,,
Thu Feb 20 13:31:53 UTC 2014,50.6173,0.12,64.2309,0.8,0,1,,
Thu Feb 20 13:31:58 UTC 2014,50.6173,0.12,64.2309,0.8,0,1,,
Thu Feb 20 13:32:04 UTC 2014,46.7807,0.12,64.1252,0.8,0,1,,
Thu Feb 20 13:32:09 UTC 2014,46.7807,0.12,64.1252,0.8,0,1,,
Thu Feb 20 13:32:14 UTC 2014,50.6917,0.12,63.6384,0.7333,0,1,,
Thu Feb 20 13:32:20 UTC 2014,50.6917,0.12,63.6384,0.7333,0,1,,
Thu Feb 20 13:32:26 UTC 2014,50.6917,0.12,63.6384,0.7333,0,1,,
Thu Feb 20 13:32:31 UTC 2014,50.6917,0.12,63.6384,0.7333,0,1,,
Thu Feb 20 13:32:36 UTC 2014,50.2513,0.12,64.5641,0.7333,0,1,,
Thu Feb 20 13:32:42 UTC 2014,50.2513,0.12,64.5641,0.7333,0,1,,
Thu Feb 20 13:32:47 UTC 2014,51.0682,0.12,63.4276,0.8667,0,1,,
Thu Feb 20 13:32:53 UTC 2014,54.0241,0.12,63.6854,0.8667,0,1,CassandraNode_scaleIn,CassandraNode
Thu Feb 20 13:33:04 UTC 2014,50.6708,0.12,64.5822,0.8667,0,1,CassandraNode_scaleIn,CassandraNode
Thu Feb 20 13:33:16 UTC 2014,39.556,0.12,65.1306,0.8333,0,1,CassandraNode_scaleIn,CassandraNode
Thu Feb 20 13:33:27 UTC 2014,39.556,0.12,65.1306,0.8333,0,1,CassandraNode_scaleIn,CassandraNode
Thu Feb 20 13:33:38 UTC 2014,32.5832,0.12,64.0351,0.7667,0,1,CassandraNode_scaleIn,CassandraNode
Thu Feb 20 13:33:50 UTC 2014,30.3835,0.12,64.5354,0.7667,0,1,CassandraNode_scaleIn,CassandraNode
Thu Feb 20 13:34:01 UTC 2014,30.3835,0.12,64.5354,0.7667,0,1,CassandraNode_scaleIn,CassandraNode
Thu Feb 20 13:34:13 UTC 2014,46.0825,0.12,63.4432,0.8,0,1,CassandraNode_scaleIn,CassandraNode
Thu Feb 20 13:34:25 UTC 2014,46.0825,0.12,62.2211,0.8,0,1,CassandraNode_scaleIn,CassandraNode
Thu Feb 20 13:34:37 UTC 2014,55.9671,0.12,62.2211,0.8,0,1,CassandraNode_scaleIn,CassandraNode
Thu Feb 20 13:34:48 UTC 2014,50.8964,0.12,63.8875,0.8667,0,1,CassandraNode_scaleIn,CassandraNode
Thu Feb 20 13:34:59 UTC 2014,50.1008,0.12,63.5419,0.8667,0,1,CassandraNode_scaleIn,CassandraNode
Thu Feb 20 13:35:11 UTC 2014,50.1008,0.12,62.2032,0.8,0,1,CassandraNode_scaleIn,CassandraNode
Thu Feb 20 13:35:22 UTC 2014,55.2469,0.12,62.2032,0.8,0,1,CassandraNode_scaleIn,CassandraNode
Thu Feb 20 13:35:34 UTC 2014,45.082,0.12,64.0995,0.8,0,1,CassandraNode_scaleIn,CassandraNode
Thu Feb 20 13:35:45 UTC 2014,45.977,0.12,64.7832,0.7,0,1,CassandraNode_scaleIn,CassandraNode
Thu Feb 20 13:35:57 UTC 2014,49.0664,0.12,64.7832,0.7,0,1,CassandraNode_scaleIn,CassandraNode
Thu Feb 20 13:36:08 UTC 2014,51.8191,0.12,64.365,0.7,0,1,CassandraNode_scaleIn,CassandraNode
Thu Feb 20 13:36:19 UTC 2014,45.7879,0.12,63.8423,0.8333,0,1,CassandraNode_scaleIn,CassandraNode
Thu Feb 20 13:36:31 UTC 2014,36.5709,0.12,65.5738,0.6333,0,1,CassandraNode_scaleIn,CassandraNode
Thu Feb 20 13:36:42 UTC 2014,33.0806,0.12,66.8253,0.6333,0,1,CassandraNode_scaleIn,CassandraNode
Thu Feb 20 13:36:54 UTC 2014,43.8596,0.12,64.8479,0.6333,0,1,CassandraNode_scaleIn,CassandraNode
Thu Feb 20 13:37:05 UTC 2014,40.6709,0.12,65.1946,0.6333,0,1,,
Thu Feb 20 13:37:13 UTC 2014,43.5,0.12,64.6824,0.7667,0,1,,
Thu Feb 20 13:37:19 UTC 2014,43.5,0.12,64.6824,0.7667,0,1,,
Thu Feb 20 13:37:25 UTC 2014,43.5,0.12,64.6824,0.7667,0,1,,
Thu Feb 20 13:37:30 UTC 2014,53.3804,0.12,62.5274,0.7667,0,1,,
Thu Feb 20 13:37:36 UTC 2014,53.3804,0.12,62.5274,0.7667,0,1,,
Thu Feb 20 13:37:41 UTC 2014,51.6418,0.12,63.8731,0.8667,0,1,,
Thu Feb 20 13:37:46 UTC 2014,48.0122,0.12,64.2488,0.8667,0,1,,
Thu Feb 20 13:37:52 UTC 2014,48.0122,0.12,64.2488,0.8667,0,1,,
Thu Feb 20 13:37:58 UTC 2014,48.0122,0.12,64.2488,0.8667,0,1,,
Thu Feb 20 13:38:03 UTC 2014,42.7992,0.12,65.5572,0.8667,0,1,,
Thu Feb 20 13:38:08 UTC 2014,42.7992,0.12,65.5572,0.8667,0,1,,
Thu Feb 20 13:38:14 UTC 2014,30.3725,0.12,66.1244,0.7,0,1,,
Thu Feb 20 13:38:19 UTC 2014,30.3725,0.12,66.1244,0.7,0,1,,
Thu Feb 20 13:38:25 UTC 2014,30.3725,0.12,66.1244,0.7,0,1,,
Thu Feb 20 13:38:30 UTC 2014,30.8521,0.12,64.5919,0.7,0,1,,
Thu Feb 20 13:38:35 UTC 2014,30.8521,0.12,64.5919,0.7,0,1,,
Thu Feb 20 13:38:41 UTC 2014,30.8521,0.12,64.5919,0.7,0,1,,
Thu Feb 20 13:38:47 UTC 2014,31.2805,0.12,65.8427,0.6667,0,1,,
Thu Feb 20 13:38:52 UTC 2014,37.2781,0.12,64.4524,0.6667,0,1,,
Thu Feb 20 13:38:57 UTC 2014,37.2781,0.12,64.4524,0.6667,0,1,,
Thu Feb 20 13:39:03 UTC 2014,43.0664,0.12,62.6317,0.6667,0,1,,
Thu Feb 20 13:39:08 UTC 2014,43.0664,0.12,62.6317,0.6667,0,1,,
Thu Feb 20 13:39:14 UTC 2014,43.0664,0.12,62.6317,0.6667,0,1,,
Thu Feb 20 13:39:19 UTC 2014,45.1302,0.12,61.7694,0.9,0,1,AppServer_scaleOut,AppServer
Thu Feb 20 13:39:30 UTC 2014,44.1907,0.12,62.3654,0.9,0,1,AppServer_scaleOut,AppServer
Thu Feb 20 13:39:42 UTC 2014,34.4965,0.12,62.4109,0.9667,0,1,AppServer_scaleOut,AppServer
Thu Feb 20 13:39:54 UTC 2014,42.0039,0.12,62.4109,0.9667,0,1,AppServer_scaleOut,AppServer
Thu Feb 20 13:40:05 UTC 2014,34.0909,0.12,64.0809,0.9667,0,1,,
Thu Feb 20 13:40:14 UTC 2014,34.0909,0.24,64.0809,0.9667,0,2,,
Thu Feb 20 13:40:19 UTC 2014,44.9041,0.24,64.8148,0.7333,0,2,,
Thu Feb 20 13:40:24 UTC 2014,44.9041,0.24,64.8148,0.7333,0,2,,
Thu Feb 20 13:40:29 UTC 2014,46.9161,0.24,65.4268,0.7333,0,2,,
Thu Feb 20 13:40:35 UTC 2014,46.9161,0.24,65.4268,0.7333,0,2,,
Thu Feb 20 13:40:40 UTC 2014,53.0964,0.24,63.8793,0.7667,0,2,,
Thu Feb 20 13:40:46 UTC 2014,52.0408,0.24,64.8212,0.7667,0,2,,
Thu Feb 20 13:40:51 UTC 2014,52.0408,0.24,64.8212,0.7667,0,2,,
Thu Feb 20 13:40:57 UTC 2014,52.0408,0.24,64.8212,0.7667,0,2,,
Thu Feb 20 13:41:02 UTC 2014,51.0638,0.24,64.3535,0.7667,0,2,,
Thu Feb 20 13:41:08 UTC 2014,44.0931,0.24,58.4594,2166.0147,0,2,,
Thu Feb 20 13:41:13 UTC 2014,44.0931,0.24,58.4594,2166.0147,0,2,,
Thu Feb 20 13:41:18 UTC 2014,78.4895,0.24,48.711,0.9032,0,2,,
Thu Feb 20 13:41:24 UTC 2014,78.4895,0.24,48.711,0.9032,0,2,,
Thu Feb 20 13:41:29 UTC 2014,32.6197,0.24,50.4199,0.9032,0,2,,
Thu Feb 20 13:41:34 UTC 2014,32.6197,0.24,50.4199,0.9032,0,2,,
Thu Feb 20 13:41:40 UTC 2014,28.607,0.24,51.3843,0.7667,0,2,AppServer_scaleOut,AppServer
Thu Feb 20 13:41:51 UTC 2014,59.5543,0.24,51.4558,0.7667,0,2,AppServer_scaleOut,AppServer
Thu Feb 20 13:42:03 UTC 2014,59.5543,0.24,51.4558,0.7667,0,2,AppServer_scaleOut,AppServer
Thu Feb 20 13:42:15 UTC 2014,29.8859,0.24,47.7494,0.8667,0,2,AppServer_scaleOut,AppServer
Thu Feb 20 13:42:26 UTC 2014,40.2395,0.36,48.2413,1.7333,0,3,,
Thu Feb 20 13:42:31 UTC 2014,40.2395,0.36,48.2413,1.7333,0,3,,
Thu Feb 20 13:42:37 UTC 2014,33.431,0.36,46.9363,1.9,0,3,,
Thu Feb 20 13:42:42 UTC 2014,33.431,0.36,46.9363,1.9,0,3,,
Thu Feb 20 13:42:48 UTC 2014,33.8906,0.36,46.2652,1.9,0,3,,
Thu Feb 20 13:42:53 UTC 2014,33.8906,0.36,46.2652,1.9,0,3,,
Thu Feb 20 13:42:58 UTC 2014,34.5969,0.36,46.4256,1.6,0,3,,
Thu Feb 20 13:43:04 UTC 2014,34.5969,0.36,46.4256,1.6,0,3,,
Thu Feb 20 13:43:09 UTC 2014,38.0507,0.36,45.9932,1.6,0,3,,
Thu Feb 20 13:43:15 UTC 2014,38.0507,0.36,45.9932,1.6,0,3,,
Thu Feb 20 13:43:20 UTC 2014,39.8739,0.36,43.2835,1.4,0,3,,
Thu Feb 20 13:43:25 UTC 2014,63.0033,0.36,43.2395,1.4,0,3,,
Thu Feb 20 13:43:31 UTC 2014,63.0033,0.36,43.2395,1.4,0,3,,
Thu Feb 20 13:43:36 UTC 2014,56.7099,0.36,42.5645,1.4333,0,3,,
Thu Feb 20 13:43:42 UTC 2014,56.7099,0.36,42.5645,1.4333,0,3,,
Thu Feb 20 13:43:47 UTC 2014,56.7099,0.36,42.5645,1.4333,0,3,,
Thu Feb 20 13:43:53 UTC 2014,47.8615,0.36,42.3211,1.4333,0,3,,
Thu Feb 20 13:43:59 UTC 2014,59.3579,0.36,42.8541,1.4,0,3,,
Thu Feb 20 13:44:04 UTC 2014,76.3704,0.36,47.3861,1.4,0,3,,
Thu Feb 20 13:44:09 UTC 2014,76.3704,0.36,47.3861,1.4,0,3,,
Thu Feb 20 13:44:15 UTC 2014,74.9938,0.36,39.656,1.3333,0,3,,
Thu Feb 20 13:44:20 UTC 2014,77.7374,0.36,40.6695,1.3333,0,3,,
Thu Feb 20 13:44:26 UTC 2014,70.9523,0.36,41.9504,1.3,0,3,,
Thu Feb 20 13:44:31 UTC 2014,70.9523,0.36,41.9504,1.3,0,3,,
Thu Feb 20 13:44:36 UTC 2014,46.4579,0.36,42.9122,1.5,0,3,,
Thu Feb 20 13:44:42 UTC 2014,46.4579,0.36,42.9122,1.5,0,3,,
Thu Feb 20 13:44:47 UTC 2014,39.414,0.36,42.6476,1.5,0,3,,
Thu Feb 20 13:44:53 UTC 2014,39.414,0.36,42.6476,1.5,0,3,,
Thu Feb 20 13:44:58 UTC 2014,39.414,0.36,42.6476,1.5,0,3,,
Thu Feb 20 13:45:04 UTC 2014,61.6335,0.36,41.6453,1.8484,0,3,,
Thu Feb 20 13:45:09 UTC 2014,61.6335,0.36,41.6453,1.8484,0,3,,
Thu Feb 20 13:45:14 UTC 2014,61.6335,0.36,41.6453,1.8484,0,3,,
Thu Feb 20 13:45:20 UTC 2014,63.1045,0.36,40.3427,1.9817,0,3,,
Thu Feb 20 13:45:25 UTC 2014,63.1045,0.36,40.3427,1.9817,0,3,,
Thu Feb 20 13:45:30 UTC 2014,53.679,0.36,39.2009,2.028,0,3,,
Thu Feb 20 13:45:36 UTC 2014,52.3166,0.36,38.497,1.9462,0,3,,
Thu Feb 20 13:45:41 UTC 2014,52.3166,0.36,38.497,1.9462,0,3,,
Thu Feb 20 13:45:47 UTC 2014,52.6458,0.36,38.6966,1.9462,0,3,,
Thu Feb 20 13:45:52 UTC 2014,49.389,0.36,36.4925,1.9462,0,3,,
Thu Feb 20 13:45:58 UTC 2014,70.8594,0.36,36.6978,1.9667,0,3,,
Thu Feb 20 13:46:04 UTC 2014,70.8594,0.36,36.6978,1.9667,0,3,,
Thu Feb 20 13:46:09 UTC 2014,68.956,0.36,35.8487,1.9667,0,3,,
Thu Feb 20 13:46:15 UTC 2014,68.956,0.36,35.8487,1.9667,0,3,,
Thu Feb 20 13:46:20 UTC 2014,65.4067,0.36,33.9618,2.2,0,3,,
Thu Feb 20 13:46:25 UTC 2014,59.549,0.36,32.7298,2.1151,0,3,,
Thu Feb 20 13:46:31 UTC 2014,59.549,0.36,32.7298,2.1151,0,3,,
Thu Feb 20 13:46:36 UTC 2014,65.8416,0.36,32.37,1.8817,0,3,,
Thu Feb 20 13:46:41 UTC 2014,65.8416,0.36,32.37,1.8817,0,3,,
Thu Feb 20 13:46:47 UTC 2014,63.3593,0.36,32.0952,1.8817,0,3,,
Thu Feb 20 13:46:52 UTC 2014,61.9596,0.36,31.8179,1.8817,0,3,,
Thu Feb 20 13:46:58 UTC 2014,61.9596,0.36,31.8179,1.8817,0,3,,
Thu Feb 20 13:47:03 UTC 2014,57.6149,0.36,31.6495,2,0,3,,
Thu Feb 20 13:47:09 UTC 2014,57.6149,0.36,31.6495,2,0,3,,
Thu Feb 20 13:47:15 UTC 2014,54.5224,0.36,31.3085,1.9,0,3,,
Thu Feb 20 13:47:20 UTC 2014,54.5224,0.36,31.3085,1.9,0,3,,
Thu Feb 20 13:47:25 UTC 2014,64.3132,0.36,31.5056,1.9,0,3,,
Thu Feb 20 13:47:31 UTC 2014,65.2962,0.36,30.802,1.9,0,3,,
Thu Feb 20 13:47:36 UTC 2014,61.4254,0.36,30.6001,1.7667,0,3,,
Thu Feb 20 13:47:42 UTC 2014,61.4254,0.36,30.6001,1.7667,0,3,,
Thu Feb 20 13:47:47 UTC 2014,59.6497,0.36,30.9884,1.7667,0,3,,
Thu Feb 20 13:47:53 UTC 2014,59.6497,0.36,30.9884,1.7667,0,3,,
Thu Feb 20 13:47:58 UTC 2014,59.6497,0.36,30.9884,1.7667,0,3,,
Thu Feb 20 13:48:04 UTC 2014,63.9158,0.36,31.2443,1.8,0,3,,
Thu Feb 20 13:48:09 UTC 2014,63.9158,0.36,31.2443,1.7333,0,3,CassandraNode_scaleOut,CassandraNode
Thu Feb 20 13:48:21 UTC 2014,60.4106,0.36,29.347,1.7333,0,3,CassandraNode_scaleOut,CassandraNode
Thu Feb 20 13:48:33 UTC 2014,63.8304,0.36,29.5309,1.957,0,3,CassandraNode_scaleOut,CassandraNode
Thu Feb 20 13:48:44 UTC 2014,62.2303,0.36,28.9951,1.957,0,3,CassandraNode_scaleOut,CassandraNode
Thu Feb 20 13:48:55 UTC 2014,62.6568,0.36,28.8361,1.957,0,3,CassandraNode_scaleOut,CassandraNode
Thu Feb 20 13:49:07 UTC 2014,66.6192,0.36,29.1456,1.957,0,3,,
Thu Feb 20 13:49:12 UTC 2014,67.1302,0.36,29.456,1.8333,0,3,,
Thu Feb 20 13:49:18 UTC 2014,67.1302,0.36,29.456,1.8333,0,3,,
Thu Feb 20 13:49:23 UTC 2014,67.2715,0.36,29.4077,1.8333,0,3,,
Thu Feb 20 13:49:29 UTC 2014,63.4305,0.36,29.9066,1.8333,0,3,,
Thu Feb 20 13:49:34 UTC 2014,63.4305,0.36,29.9066,1.8333,0,3,,
Thu Feb 20 13:49:39 UTC 2014,61.821,0.36,30.3293,1.7292,0,3,,
Thu Feb 20 13:49:45 UTC 2014,62.8703,0.36,30.4865,1.7292,0,3,,
Thu Feb 20 13:49:50 UTC 2014,62.8703,0.36,30.4865,1.7292,0,3,,
Thu Feb 20 13:49:56 UTC 2014,58.4461,0.36,30.1935,1.7292,0,3,,
Thu Feb 20 13:50:02 UTC 2014,58.4461,0.36,30.1935,1.7292,0,3,,
Thu Feb 20 13:50:08 UTC 2014,57.4024,0.36,29.4489,1.7667,0,3,,
Thu Feb 20 13:50:13 UTC 2014,64.3766,0.36,29.9224,1.8333,0,3,,
Thu Feb 20 13:50:19 UTC 2014,64.3766,0.36,29.9224,1.8333,0,3,,
Thu Feb 20 13:50:25 UTC 2014,65.4688,0.36,30.0076,1.8333,0,3,,
Thu Feb 20 13:50:30 UTC 2014,65.4688,0.36,30.0076,1.8333,0,3,,
Thu Feb 20 13:50:35 UTC 2014,54.4843,0.36,30.3285,1.6161,0,3,,
Thu Feb 20 13:50:41 UTC 2014,54.4843,0.36,30.3285,1.6161,0,3,,
Thu Feb 20 13:50:46 UTC 2014,51.6429,0.36,29.8068,1.6495,0,3,,
Thu Feb 20 13:50:52 UTC 2014,51.6429,0.36,29.8068,1.6495,0,3,,
Thu Feb 20 13:50:57 UTC 2014,58.0184,0.36,29.469,1.6495,0,3,,
Thu Feb 20 13:51:03 UTC 2014,58.0184,0.36,29.469,1.6495,0,3,,
Thu Feb 20 13:51:09 UTC 2014,61.0582,0.36,29.4162,1.8161,0,3,,
Thu Feb 20 13:51:14 UTC 2014,64.5931,0.36,29.6204,1.9333,0,3,,
Thu Feb 20 13:51:19 UTC 2014,64.5931,0.36,29.6204,1.9333,0,3,,
Thu Feb 20 13:51:25 UTC 2014,57.7819,0.36,30.1099,1.9333,0,3,,
Thu Feb 20 13:51:30 UTC 2014,44.7009,0.36,30.2049,1.9333,0,3,,
Thu Feb 20 13:51:36 UTC 2014,44.7009,0.36,30.2049,1.9333,0,3,,
Thu Feb 20 13:51:41 UTC 2014,57.0964,0.36,29.2375,1.9118,0,3,,
Thu Feb 20 13:51:47 UTC 2014,57.0964,0.36,29.2375,1.9118,0,3,,
Thu Feb 20 13:51:52 UTC 2014,57.0964,0.36,29.2375,1.9118,0,3,,
Thu Feb 20 13:51:57 UTC 2014,57.6475,0.36,29.5633,1.9118,0,3,,
Thu Feb 20 13:52:03 UTC 2014,57.6475,0.36,29.5633,1.9118,0,3,,
Thu Feb 20 13:52:08 UTC 2014,63.4055,0.36,29.3698,1.8269,0,3,,
Thu Feb 20 13:52:13 UTC 2014,63.4055,0.36,29.3698,1.8269,0,3,,
Thu Feb 20 13:52:18 UTC 2014,59.156,0.36,30.1471,1.6317,0,3,,
Thu Feb 20 13:52:24 UTC 2014,59.156,0.36,30.1471,1.6317,0,3,,
Thu Feb 20 13:52:29 UTC 2014,61.7951,0.36,29.9278,1.6317,0,3,,
Thu Feb 20 13:52:35 UTC 2014,61.907,0.36,29.9213,1.6317,0,3,,
Thu Feb 20 13:52:40 UTC 2014,68.1085,0.36,29.7559,1.5995,0,3,,
Thu Feb 20 13:52:46 UTC 2014,67.0582,0.36,29.4294,1.5995,0,3,,
Thu Feb 20 13:52:51 UTC 2014,65.5481,0.36,28.3737,1.8828,0,3,,
Thu Feb 20 13:52:57 UTC 2014,65.5481,0.36,28.3737,1.8828,0,3,,
Thu Feb 20 13:53:02 UTC 2014,65.5481,0.36,28.3737,1.8828,0,3,,
Thu Feb 20 13:53:08 UTC 2014,65.4897,0.36,29.6905,2.0118,0,3,,
Thu Feb 20 13:53:13 UTC 2014,65.4897,0.36,29.6905,2.0118,0,3,,
Thu Feb 20 13:53:18 UTC 2014,63.007,0.36,30.3948,1.8785,0,3,,
Thu Feb 20 13:53:24 UTC 2014,64.9589,0.36,30.021,1.8785,0,3,,
Thu Feb 20 13:53:29 UTC 2014,64.9589,0.36,30.021,1.8785,0,3,,
Thu Feb 20 13:53:34 UTC 2014,65.2638,0.36,30.1901,1.8785,0,3,,
Thu Feb 20 13:53:40 UTC 2014,65.2638,0.36,30.1901,1.8785,0,3,CassandraNode_scaleIn,CassandraNode
Thu Feb 20 13:53:51 UTC 2014,66.7,0.36,29.0474,1.7806,0,3,CassandraNode_scaleIn,CassandraNode
Thu Feb 20 13:54:03 UTC 2014,66.7,0.36,29.0474,1.7806,0,3,CassandraNode_scaleIn,CassandraNode
Thu Feb 20 13:54:14 UTC 2014,66.7969,0.36,30.5599,1.814,0,3,CassandraNode_scaleIn,CassandraNode
Thu Feb 20 13:54:26 UTC 2014,63.5179,0.36,30.0013,1.8,0,3,CassandraNode_scaleIn,CassandraNode
Thu Feb 20 13:54:37 UTC 2014,66.1184,0.36,30.215,1.814,0,3,CassandraNode_scaleIn,CassandraNode
Thu Feb 20 13:54:49 UTC 2014,62.3295,0.36,30.0182,1.8806,0,3,CassandraNode_scaleIn,CassandraNode
Thu Feb 20 13:55:00 UTC 2014,62.3295,0.36,30.0182,1.8806,0,3,CassandraNode_scaleIn,CassandraNode
Thu Feb 20 13:55:11 UTC 2014,61.7809,0.36,29.4248,1.8667,0,3,CassandraNode_scaleIn,CassandraNode
Thu Feb 20 13:55:23 UTC 2014,64.4766,0.36,29.6322,1.8462,0,3,CassandraNode_scaleIn,CassandraNode
Thu Feb 20 13:55:35 UTC 2014,63.68,0.36,28.6815,1.8462,0,3,CassandraNode_scaleIn,CassandraNode
Thu Feb 20 13:55:47 UTC 2014,61.4552,0.36,29.2674,1.828,0,3,CassandraNode_scaleIn,CassandraNode
Thu Feb 20 13:55:58 UTC 2014,65.9554,0.36,29.0637,1.8817,0,3,CassandraNode_scaleIn,CassandraNode
Thu Feb 20 13:56:10 UTC 2014,62.0999,0.36,28.819,2,0,3,CassandraNode_scaleIn,CassandraNode
Thu Feb 20 13:56:21 UTC 2014,66.2067,0.36,29.2335,2,0,3,CassandraNode_scaleIn,CassandraNode
Thu Feb 20 13:56:33 UTC 2014,66.9146,0.36,30.4287,1.7333,0,3,CassandraNode_scaleIn,CassandraNode
Thu Feb 20 13:56:44 UTC 2014,61.8041,0.36,30.3808,1.5839,0,3,CassandraNode_scaleIn,CassandraNode
Thu Feb 20 13:56:55 UTC 2014,60.4724,0.36,29.2124,1.6323,0,3,CassandraNode_scaleIn,CassandraNode
Thu Feb 20 13:57:07 UTC 2014,67.8379,0.36,29.9658,1.6323,0,3,CassandraNode_scaleIn,CassandraNode
Thu Feb 20 13:57:20 UTC 2014,64.6471,0.36,30.3041,1.7925,0,3,CassandraNode_scaleIn,CassandraNode
Thu Feb 20 13:57:31 UTC 2014,58.6105,0.36,30.3898,1.8903,0,3,CassandraNode_scaleIn,CassandraNode
Thu Feb 20 13:57:42 UTC 2014,57.8731,0.36,30.7509,1.8462,0,3,CassandraNode_scaleIn,CassandraNode
Thu Feb 20 13:57:54 UTC 2014,63.106,0.36,30.7674,1.8333,0,3,CassandraNode_scaleIn,CassandraNode
Thu Feb 20 13:58:05 UTC 2014,65.0571,0.36,29.7234,1.8333,0,3,CassandraNode_scaleIn,CassandraNode
Thu Feb 20 13:58:17 UTC 2014,64.9057,0.36,30.3151,1.8151,0,3,,
Thu Feb 20 13:58:23 UTC 2014,63.4733,0.36,30.7546,1.8151,0,3,,
Thu Feb 20 13:58:29 UTC 2014,63.1313,0.36,30.2591,1.8151,0,3,,
Thu Feb 20 13:58:34 UTC 2014,62.2226,0.36,30.6525,1.8484,0,3,,
Thu Feb 20 13:58:39 UTC 2014,62.2226,0.36,30.6525,1.8484,0,3,,
Thu Feb 20 13:58:45 UTC 2014,62.2226,0.36,30.6525,1.8484,0,3,,
Thu Feb 20 13:58:50 UTC 2014,63.3361,0.36,31.0735,1.9,0,3,,
Thu Feb 20 13:58:56 UTC 2014,63.3361,0.36,31.0735,1.9,0,3,,
Thu Feb 20 13:59:01 UTC 2014,66.3482,0.36,30.3009,1.8667,0,3,,
Thu Feb 20 13:59:07 UTC 2014,66.3482,0.36,30.3009,1.8667,0,3,,
Thu Feb 20 13:59:12 UTC 2014,64.7154,0.36,30.3067,1.7667,0,3,,
Thu Feb 20 13:59:17 UTC 2014,64.7154,0.36,30.3067,1.7667,0,3,,
Thu Feb 20 13:59:23 UTC 2014,64.7154,0.36,30.3067,1.7667,0,3,,
Thu Feb 20 13:59:28 UTC 2014,55.5184,0.36,30.5275,1.7667,0,3,,
Thu Feb 20 13:59:34 UTC 2014,55.5184,0.36,30.5275,1.7667,0,3,,
Thu Feb 20 13:59:39 UTC 2014,62.7866,0.36,30.8168,1.8118,0,3,,
Thu Feb 20 13:59:45 UTC 2014,62.7866,0.36,30.8168,1.8118,0,3,,
Thu Feb 20 13:59:50 UTC 2014,56.3892,0.36,30.7074,1.7785,0,3,,
Thu Feb 20 13:59:55 UTC 2014,63.2005,0.36,29.615,1.8,0,3,,
Thu Feb 20 14:00:01 UTC 2014,63.2005,0.36,29.615,1.8,0,3,,
Thu Feb 20 14:00:06 UTC 2014,68.7008,0.36,30.1665,1.8,0,3,,
Thu Feb 20 14:00:11 UTC 2014,68.7008,0.36,30.1665,1.8,0,3,,
Thu Feb 20 14:00:17 UTC 2014,68.7008,0.36,30.1665,1.8,0,3,,
Thu Feb 20 14:00:22 UTC 2014,65.5141,0.36,30.0073,1.9774,0,3,,
Thu Feb 20 14:00:27 UTC 2014,65.5141,0.36,30.0073,1.9774,0,3,,
Thu Feb 20 14:00:33 UTC 2014,68.4319,0.36,29.7272,1.9774,0,3,,
Thu Feb 20 14:00:39 UTC 2014,68.4319,0.36,29.7272,1.9774,0,3,,
Thu Feb 20 14:00:44 UTC 2014,67.7281,0.36,29.8632,1.914,0,3,,
Thu Feb 20 14:00:49 UTC 2014,67.7281,0.36,29.8632,1.914,0,3,,
Thu Feb 20 14:00:55 UTC 2014,67.7281,0.36,29.8632,1.914,0,3,,
Thu Feb 20 14:01:01 UTC 2014,65.3514,0.36,30.2274,1.7957,0,3,,
Thu Feb 20 14:01:06 UTC 2014,65.3514,0.36,30.2274,1.7957,0,3,,
Thu Feb 20 14:01:12 UTC 2014,66.6762,0.36,30.4035,1.8151,0,3,,
Thu Feb 20 14:01:17 UTC 2014,64.5413,0.36,30.6969,1.8151,0,3,,
Thu Feb 20 14:01:22 UTC 2014,64.5413,0.36,31.0769,1.7828,0,3,CassandraNode_scaleIn,CassandraNode
Thu Feb 20 14:01:33 UTC 2014,56.1955,0.36,30.6503,1.8161,0,3,CassandraNode_scaleIn,CassandraNode
Thu Feb 20 14:01:45 UTC 2014,61.9216,0.36,29.9937,1.7312,0,3,CassandraNode_scaleIn,CassandraNode
Thu Feb 20 14:01:57 UTC 2014,60.8629,0.36,30.4188,1.8484,0,3,CassandraNode_scaleIn,CassandraNode
Thu Feb 20 14:02:08 UTC 2014,61.0211,0.36,30.2237,1.8484,0,3,CassandraNode_scaleIn,CassandraNode
Thu Feb 20 14:02:20 UTC 2014,65.4131,0.36,30.3052,1.9333,0,3,CassandraNode_scaleIn,CassandraNode
Thu Feb 20 14:02:32 UTC 2014,63.6434,0.36,30.7638,1.8484,0,3,CassandraNode_scaleIn,CassandraNode
Thu Feb 20 14:02:43 UTC 2014,62.9605,0.36,30.5426,1.8151,0,3,CassandraNode_scaleIn,CassandraNode
Thu Feb 20 14:02:54 UTC 2014,51.5202,0.36,30.083,1.8667,0,3,CassandraNode_scaleIn,CassandraNode
Thu Feb 20 14:03:06 UTC 2014,67.0474,0.36,29.9074,1.8667,0,3,CassandraNode_scaleIn,CassandraNode
Thu Feb 20 14:03:17 UTC 2014,65.4428,0.36,30.2615,1.9,0,3,CassandraNode_scaleIn,CassandraNode
Thu Feb 20 14:03:29 UTC 2014,58.8903,0.36,30.0817,1.9,0,3,CassandraNode_scaleIn,CassandraNode
Thu Feb 20 14:03:40 UTC 2014,59.5477,0.36,30.6901,1.8462,0,3,CassandraNode_scaleIn,CassandraNode
Thu Feb 20 14:03:51 UTC 2014,65.228,0.36,30.8735,1.8462,0,3,CassandraNode_scaleIn,CassandraNode
Thu Feb 20 14:04:03 UTC 2014,65.3878,0.36,29.9771,1.8258,0,3,CassandraNode_scaleIn,CassandraNode
Thu Feb 20 14:04:14 UTC 2014,61.0083,0.36,30.7608,1.8462,0,3,CassandraNode_scaleIn,CassandraNode
Thu Feb 20 14:04:25 UTC 2014,60.5573,0.36,30.1381,1.8462,0,3,CassandraNode_scaleIn,CassandraNode
Thu Feb 20 14:04:37 UTC 2014,63.6702,0.36,29.8054,1.9333,0,3,CassandraNode_scaleIn,CassandraNode
Thu Feb 20 14:04:49 UTC 2014,57.5633,0.36,30.3312,1.9,0,3,CassandraNode_scaleIn,CassandraNode
Thu Feb 20 14:05:00 UTC 2014,59.3716,0.36,30.7858,1.7667,0,3,CassandraNode_scaleIn,CassandraNode
Thu Feb 20 14:05:12 UTC 2014,59.483,0.36,30.1435,1.9,0,3,CassandraNode_scaleIn,CassandraNode
Thu Feb 20 14:05:23 UTC 2014,56.793,0.36,30.5141,1.9,0,3,CassandraNode_scaleIn,CassandraNode
Thu Feb 20 14:05:35 UTC 2014,57.3958,0.36,30.6624,1.9,0,3,CassandraNode_scaleIn,CassandraNode
Thu Feb 20 14:05:47 UTC 2014,53.2323,0.36,30.6629,1.8333,0,3,,
Thu Feb 20 14:05:56 UTC 2014,56.6245,0.36,31.3146,1.8333,0,3,,
Thu Feb 20 14:06:01 UTC 2014,62.8119,0.36,30.5625,1.8796,0,3,,
Thu Feb 20 14:06:07 UTC 2014,57.9347,0.36,30.748,1.8796,0,3,,
Thu Feb 20 14:06:12 UTC 2014,57.9347,0.36,30.748,1.8796,0,3,,
Thu Feb 20 14:06:18 UTC 2014,62.3193,0.36,29.8313,1.8269,0,3,,
Thu Feb 20 14:06:24 UTC 2014,60.5125,0.36,30.1844,1.8269,0,3,,
Thu Feb 20 14:06:29 UTC 2014,52.2891,0.36,30.6956,1.814,0,3,,
Thu Feb 20 14:06:34 UTC 2014,52.2891,0.36,30.6956,1.814,0,3,,
Thu Feb 20 14:06:40 UTC 2014,52.9317,0.36,30.8375,1.8473,0,3,,
Thu Feb 20 14:06:45 UTC 2014,55.2882,0.36,30.9599,1.8667,0,3,,
Thu Feb 20 14:06:50 UTC 2014,55.2882,0.36,30.9599,1.8667,0,3,,
Thu Feb 20 14:06:56 UTC 2014,56.2747,0.36,31.4385,1.8667,0,3,,
Thu Feb 20 14:07:01 UTC 2014,51.2782,0.36,30.7601,1.8667,0,3,,
Thu Feb 20 14:07:07 UTC 2014,58.0244,0.36,30.1866,1.8667,0,3,,
Thu Feb 20 14:07:12 UTC 2014,57.4255,0.36,30.1413,1.8333,0,3,,
Thu Feb 20 14:07:17 UTC 2014,57.4255,0.36,30.1413,1.8333,0,3,,
Thu Feb 20 14:07:23 UTC 2014,60.8484,0.36,30.6844,1.9,0,3,,
Thu Feb 20 14:07:28 UTC 2014,62.1863,0.36,30.5308,1.9129,0,3,,
Thu Feb 20 14:07:33 UTC 2014,62.1863,0.36,30.5308,1.9129,0,3,,
Thu Feb 20 14:07:39 UTC 2014,62.1863,0.36,30.5308,1.8796,0,3,,
Thu Feb 20 14:07:44 UTC 2014,62.1863,0.36,30.5308,1.8796,0,3,,
Thu Feb 20 14:07:50 UTC 2014,56.0166,0.36,30.3848,1.8796,0,3,,
Thu Feb 20 14:07:55 UTC 2014,56.0166,0.36,30.3848,1.8796,0,3,,
Thu Feb 20 14:08:01 UTC 2014,56.6792,0.36,30.1973,1.8796,0,3,,
Thu Feb 20 14:08:06 UTC 2014,58.4477,0.36,30.272,1.8796,0,3,,
Thu Feb 20 14:08:11 UTC 2014,55.0031,0.36,30.5428,1.9667,0,3,,
Thu Feb 20 14:08:17 UTC 2014,55.0031,0.36,30.5428,1.9667,0,3,CassandraNode_scaleOut,CassandraNode
Thu Feb 20 14:08:28 UTC 2014,55.4797,0.36,30.802,1.8,0,3,CassandraNode_scaleOut,CassandraNode
Thu Feb 20 14:08:39 UTC 2014,54.9025,0.36,31.1685,1.8667,0,3,CassandraNode_scaleOut,CassandraNode
Thu Feb 20 14:08:51 UTC 2014,56.654,0.36,30.8738,1.8333,0,3,CassandraNode_scaleOut,CassandraNode
Thu Feb 20 14:09:02 UTC 2014,50.8997,0.36,30.6174,1.8333,0,3,,
Thu Feb 20 14:09:09 UTC 2014,51.4664,0.36,30.4567,1.8667,0,3,,
Thu Feb 20 14:09:14 UTC 2014,51.4664,0.36,30.4567,1.8667,0,3,,
Thu Feb 20 14:09:20 UTC 2014,63.1264,0.36,30.4396,1.9333,0,3,,
Thu Feb 20 14:09:26 UTC 2014,63.1264,0.36,30.4396,1.9333,0,3,,
Thu Feb 20 14:09:31 UTC 2014,46.4158,0.36,30.3046,1.9667,0,3,,
Thu Feb 20 14:09:37 UTC 2014,37.1949,0.36,30.6626,1.9,0,3,,
Thu Feb 20 14:09:42 UTC 2014,55.0905,0.36,30.246,1.8785,0,3,,
Thu Feb 20 14:09:48 UTC 2014,55.4818,0.36,30.2957,1.8785,0,3,,
Thu Feb 20 14:09:53 UTC 2014,52.0269,0.36,29.8331,1.8785,0,3,,
Thu Feb 20 14:09:58 UTC 2014,52.0269,0.36,29.8331,1.8785,0,3,,
Thu Feb 20 14:10:03 UTC 2014,52.0269,0.36,29.8331,1.8785,0,3,,
Thu Feb 20 14:10:09 UTC 2014,56.0317,0.36,29.7448,1.8785,0,3,,
Thu Feb 20 14:10:14 UTC 2014,56.0317,0.36,29.7448,1.8785,0,3,,
Thu Feb 20 14:10:20 UTC 2014,52.919,0.36,30.0674,1.9667,0,3,,
Thu Feb 20 14:10:26 UTC 2014,52.919,0.36,30.0674,1.9667,0,3,,
Thu Feb 20 14:10:31 UTC 2014,64.8434,0.36,30.3219,2,0,3,,
Thu Feb 20 14:10:37 UTC 2014,64.8434,0.36,30.3219,2,0,3,,
Thu Feb 20 14:10:42 UTC 2014,59.6016,0.36,30.2763,1.9667,0,3,,
Thu Feb 20 14:10:47 UTC 2014,60.1259,0.36,29.8671,1.9667,0,3,,
Thu Feb 20 14:10:53 UTC 2014,67.9787,0.36,29.7152,1.9333,0,3,,
Thu Feb 20 14:10:58 UTC 2014,67.9787,0.36,29.7152,1.9333,0,3,,
Thu Feb 20 14:11:04 UTC 2014,67.9787,0.36,29.7152,1.9333,0,3,,
Thu Feb 20 14:11:09 UTC 2014,63.5585,0.36,29.3348,1.8151,0,3,,
Thu Feb 20 14:11:15 UTC 2014,63.5585,0.36,29.3348,1.8151,0,3,,
Thu Feb 20 14:11:20 UTC 2014,63.5585,0.36,29.3348,1.8151,0,3,,
Thu Feb 20 14:11:26 UTC 2014,58.5169,0.36,30.2603,1.9151,0,3,,
Thu Feb 20 14:11:31 UTC 2014,45.4618,0.36,30.246,1.9333,0,3,,
Thu Feb 20 14:11:37 UTC 2014,47.6573,0.36,30.1807,1.8,0,3,,
Thu Feb 20 14:11:42 UTC 2014,47.6573,0.36,30.1807,1.8,0,3,,
Thu Feb 20 14:11:47 UTC 2014,57.1116,0.36,29.6769,1.7667,0,3,,
Thu Feb 20 14:11:52 UTC 2014,57.1116,0.36,29.6769,1.7667,0,3,,
Thu Feb 20 14:11:58 UTC 2014,57.1116,0.36,29.6769,1.7667,0,3,,
Thu Feb 20 14:12:04 UTC 2014,57.1116,0.36,29.6769,1.7667,0,3,,
Thu Feb 20 14:12:10 UTC 2014,50.8203,0.36,30.0979,1.8667,0,3,,
Thu Feb 20 14:12:15 UTC 2014,50.8203,0.36,30.0979,1.8667,0,3,,
Thu Feb 20 14:12:20 UTC 2014,59.2384,0.36,29.8324,1.9667,0,3,,
Thu Feb 20 14:12:26 UTC 2014,65.1706,0.36,29.8989,1.9667,0,3,,
Thu Feb 20 14:12:31 UTC 2014,65.1706,0.36,29.8989,1.9667,0,3,,
Thu Feb 20 14:12:37 UTC 2014,39.9802,0.36,30.4753,1.8667,0,3,,
Thu Feb 20 14:12:42 UTC 2014,39.9802,0.36,30.4753,1.8667,0,3,,
Thu Feb 20 14:12:48 UTC 2014,39.9802,0.36,30.4753,1.8667,0,3,,
Thu Feb 20 14:12:54 UTC 2014,32.8133,0.36,30.9127,1.8,0,3,,
Thu Feb 20 14:12:59 UTC 2014,32.8133,0.36,30.9127,1.8,0,3,,
Thu Feb 20 14:13:04 UTC 2014,43.5496,0.36,31.446,1.8,0,3,,
Thu Feb 20 14:13:10 UTC 2014,43.5496,0.36,31.446,1.8,0,3,,
Thu Feb 20 14:13:15 UTC 2014,41.6242,0.36,30.9795,1.7806,0,3,,
Thu Feb 20 14:13:20 UTC 2014,41.6894,0.36,31.061,1.729,0,3,,
Thu Feb 20 14:13:25 UTC 2014,49.0893,0.36,30.1505,1.729,0,3,,
Thu Feb 20 14:13:31 UTC 2014,49.0893,0.36,30.1505,1.729,0,3,,
Thu Feb 20 14:13:37 UTC 2014,56.2236,0.36,30.7247,1.8484,0,3,,
Thu Feb 20 14:13:42 UTC 2014,56.2236,0.36,30.7247,1.8484,0,3,,
Thu Feb 20 14:13:48 UTC 2014,56.2236,0.36,30.7247,1.8484,0,3,,
Thu Feb 20 14:13:53 UTC 2014,57.4747,0.36,30.5555,1.9,0,3,,
Thu Feb 20 14:13:59 UTC 2014,57.4747,0.36,30.5555,1.9,0,3,,
Thu Feb 20 14:14:04 UTC 2014,59.3785,0.36,30.0356,1.9,0,3,,
Thu Feb 20 14:14:09 UTC 2014,59.3785,0.36,30.0356,1.9,0,3,,
Thu Feb 20 14:14:15 UTC 2014,59.5544,0.36,29.3782,1.8667,0,3,,
Thu Feb 20 14:14:21 UTC 2014,59.5544,0.36,29.3782,1.8667,0,3,,
Thu Feb 20 14:14:26 UTC 2014,59.5544,0.36,29.3782,1.8667,0,3,,
Thu Feb 20 14:14:32 UTC 2014,57.7465,0.36,30.2562,1.9,0,3,,
Thu Feb 20 14:14:37 UTC 2014,57.7465,0.36,30.2562,1.9,0,3,,
Thu Feb 20 14:14:42 UTC 2014,59.7378,0.36,29.6364,1.8161,0,3,,
Thu Feb 20 14:14:48 UTC 2014,59.7378,0.36,29.6364,1.8161,0,3,,
Thu Feb 20 14:14:54 UTC 2014,65.7385,0.36,29.3566,1.8161,0,3,,
Thu Feb 20 14:15:00 UTC 2014,65.7385,0.36,29.3566,1.8161,0,3,,
Thu Feb 20 14:15:05 UTC 2014,65.7385,0.36,29.3566,1.8161,0,3,,
Thu Feb 20 14:15:11 UTC 2014,66.0988,0.36,29.2781,1.9774,0,3,,
Thu Feb 20 14:15:16 UTC 2014,60.9885,0.36,29.9568,1.9441,0,3,,
Thu Feb 20 14:15:22 UTC 2014,60.9885,0.36,29.9568,1.9441,0,3,,
Thu Feb 20 14:15:28 UTC 2014,65.4113,0.36,29.8111,1.9559,0,3,,
Thu Feb 20 14:15:34 UTC 2014,65.4113,0.36,29.8111,1.9559,0,3,,
Thu Feb 20 14:15:40 UTC 2014,62.0813,0.36,29.3534,1.8591,0,3,,
Thu Feb 20 14:15:45 UTC 2014,67.2356,0.36,29.4231,1.7806,0,3,AppServer_scaleOut,AppServer
Thu Feb 20 14:15:56 UTC 2014,67.7726,0.36,29.6386,1.7806,0,3,AppServer_scaleOut,AppServer
Thu Feb 20 14:16:08 UTC 2014,67.8199,0.36,29.6986,1.8129,0,3,AppServer_scaleOut,AppServer
Thu Feb 20 14:16:19 UTC 2014,65.3257,0.36,29.8155,1.8269,0,3,AppServer_scaleOut,AppServer
Thu Feb 20 14:16:30 UTC 2014,68.1387,0.36,30.9737,1.7301,0,3,,
Thu Feb 20 14:16:42 UTC 2014,64.965,0.48,31.3594,1.6968,0,4,,
Thu Feb 20 14:16:49 UTC 2014,59.6738,0.48,31.1292,1.6968,0,4,,
Thu Feb 20 14:16:55 UTC 2014,59.6738,0.48,31.1292,1.6968,0,4,,
Thu Feb 20 14:17:01 UTC 2014,59.6738,0.48,31.1292,1.6968,0,4,,
Thu Feb 20 14:17:06 UTC 2014,56.5883,0.48,29.9892,1.8473,0,4,,
Thu Feb 20 14:17:12 UTC 2014,56.5883,0.48,29.9892,1.8473,0,4,,
Thu Feb 20 14:17:17 UTC 2014,67.3803,0.48,30.3307,1.7473,0,4,,
Thu Feb 20 14:17:23 UTC 2014,66.2973,0.48,30.5838,1.7473,0,4,,
Thu Feb 20 14:17:28 UTC 2014,65.4954,0.48,29.8446,1.7473,0,4,,
Thu Feb 20 14:17:34 UTC 2014,65.4954,0.48,29.8446,1.7473,0,4,,
Thu Feb 20 14:17:39 UTC 2014,65.4954,0.48,29.8446,1.7473,0,4,,
Thu Feb 20 14:17:45 UTC 2014,64.7407,0.48,30.0529,1.8333,0,4,,
Thu Feb 20 14:17:50 UTC 2014,64.7407,0.48,30.0529,1.8333,0,4,,
Thu Feb 20 14:17:56 UTC 2014,63.5706,0.48,30.5149,1.9129,0,4,,
Thu Feb 20 14:18:01 UTC 2014,63.5706,0.48,30.5149,1.9129,0,4,,
Thu Feb 20 14:18:06 UTC 2014,63.5706,0.48,30.5149,1.9129,0,4,,
Thu Feb 20 14:18:12 UTC 2014,74.263,0.48,29.4898,1.7624,0,4,,
Thu Feb 20 14:18:18 UTC 2014,74.263,0.48,29.4898,1.7624,0,4,,
Thu Feb 20 14:18:23 UTC 2014,71.5985,0.48,33.4451,1.6828,0,4,,
Thu Feb 20 14:18:29 UTC 2014,71.5985,0.48,33.4451,1.6828,0,4,,
Thu Feb 20 14:18:34 UTC 2014,68.7539,0.48,33.4782,1.8828,0,4,CassandraNode_scaleOut,CassandraNode
Thu Feb 20 14:18:45 UTC 2014,69.5659,0.48,33.7121,1.9333,0,4,CassandraNode_scaleOut,CassandraNode
Thu Feb 20 14:18:57 UTC 2014,50.8098,0.48,33.9488,1.8839,0,4,CassandraNode_scaleOut,CassandraNode
Thu Feb 20 14:19:08 UTC 2014,58.3975,0.48,32.0605,2.3505,0,4,,
Thu Feb 20 14:19:19 UTC 2014,57.8998,0.48,32.0605,2.3505,0,4,,
Thu Feb 20 14:19:24 UTC 2014,55.5063,0.48,30.9564,2.4667,0,4,,
Thu Feb 20 14:19:29 UTC 2014,55.5063,0.48,30.9564,2.4667,0,4,,
Thu Feb 20 14:19:35 UTC 2014,55.5063,0.48,30.9564,2.4667,0,4,,
Thu Feb 20 14:19:41 UTC 2014,55.5063,0.48,30.9564,2.4667,0,4,,
Thu Feb 20 14:19:46 UTC 2014,55.5063,0.48,30.9564,2.4667,0,4,,
Thu Feb 20 14:19:52 UTC 2014,66.3659,0.48,30.0972,2.3625,0,4,,
Thu Feb 20 14:19:57 UTC 2014,58.0641,0.48,30.0915,2.3313,0,4,,
Thu Feb 20 14:20:03 UTC 2014,58.0641,0.48,30.0915,2.3313,0,4,,
Thu Feb 20 14:20:08 UTC 2014,58.0641,0.48,30.0915,2.3313,0,4,,
Thu Feb 20 14:20:14 UTC 2014,66.3018,0.48,29.9081,2.2688,0,4,,
Thu Feb 20 14:20:19 UTC 2014,66.3018,0.48,29.9081,2.2688,0,4,,
Thu Feb 20 14:20:25 UTC 2014,66.3018,0.48,29.9081,2.2688,0,4,,
Thu Feb 20 14:20:30 UTC 2014,66.3018,0.48,29.9081,2.2688,0,4,,
Thu Feb 20 14:20:36 UTC 2014,66.3018,0.48,29.9081,2.2688,0,4,,
Thu Feb 20 14:20:41 UTC 2014,64.1485,0.48,28.233,2.2292,0,4,,
Thu Feb 20 14:20:46 UTC 2014,64.1235,0.48,28.5126,2.3421,0,4,,
Thu Feb 20 14:20:52 UTC 2014,64.1235,0.48,28.5126,2.3421,0,4,,
Thu Feb 20 14:20:57 UTC 2014,64.1235,0.48,28.5126,2.3421,0,4,,
Thu Feb 20 14:21:03 UTC 2014,58.5793,0.48,27.3905,2.3421,0,4,,
Thu Feb 20 14:21:09 UTC 2014,58.5793,0.48,27.3905,2.3421,0,4,,
Thu Feb 20 14:21:15 UTC 2014,58.5793,0.48,27.3905,2.3421,0,4,,
Thu Feb 20 14:21:20 UTC 2014,65.6577,0.48,27.9035,2.4238,0,4,,
Thu Feb 20 14:21:26 UTC 2014,65.6577,0.48,27.9035,2.4238,0,4,,
Thu Feb 20 14:21:31 UTC 2014,59.179,0.48,28.4353,2.4151,0,4,,
Thu Feb 20 14:21:37 UTC 2014,59.179,0.48,28.4353,2.4151,0,4,,
Thu Feb 20 14:21:42 UTC 2014,66.4723,0.48,27.613,2.4118,0,4,,
Thu Feb 20 14:21:47 UTC 2014,66.4723,0.48,27.613,2.4118,0,4,,
Thu Feb 20 14:21:53 UTC 2014,66.4723,0.48,27.613,2.4118,0,4,,
Thu Feb 20 14:21:59 UTC 2014,66.4723,0.48,27.613,2.4118,0,4,,
Thu Feb 20 14:22:04 UTC 2014,66.4723,0.48,27.613,2.4118,0,4,,
Thu Feb 20 14:22:10 UTC 2014,66.4723,0.48,27.613,2.4118,0,4,,
Thu Feb 20 14:22:16 UTC 2014,66.556,0.48,27.4718,2.4333,0,4,,
Thu Feb 20 14:22:22 UTC 2014,66.556,0.48,27.4718,2.4333,0,4,,
Thu Feb 20 14:22:27 UTC 2014,66.556,0.48,27.4718,2.4333,0,4,,
Thu Feb 20 14:22:33 UTC 2014,66.556,0.48,27.4718,2.4333,0,4,,
Thu Feb 20 14:22:39 UTC 2014,66.556,0.48,27.4718,2.4333,0,4,,
Thu Feb 20 14:22:44 UTC 2014,59.4034,0.48,25.5217,2.6667,0,4,,
Thu Feb 20 14:22:49 UTC 2014,59.4034,0.48,25.5217,2.6667,0,4,,
Thu Feb 20 14:22:55 UTC 2014,60.3767,0.48,25.3117,2.5806,0,4,,
Thu Feb 20 14:23:00 UTC 2014,60.989,0.48,25.9152,2.5806,0,4,,
Thu Feb 20 14:23:05 UTC 2014,60.989,0.48,25.9152,2.5806,0,4,,
Thu Feb 20 14:23:11 UTC 2014,60.989,0.48,25.9152,2.5806,0,4,,
Thu Feb 20 14:23:16 UTC 2014,40.7839,0.48,26.3216,2.514,0,4,,
Thu Feb 20 14:23:21 UTC 2014,50.4851,0.48,25.6242,2.4,0,4,,
Thu Feb 20 14:23:27 UTC 2014,50.4851,0.48,25.6242,2.4,0,4,,
Thu Feb 20 14:23:32 UTC 2014,44.4248,0.48,25.8163,2.4462,0,4,,
Thu Feb 20 14:23:37 UTC 2014,44.4248,0.48,25.8163,2.4462,0,4,,
Thu Feb 20 14:23:43 UTC 2014,41.0955,0.48,26.1791,2.4129,0,4,,
Thu Feb 20 14:23:48 UTC 2014,41.0955,0.48,26.1791,2.4129,0,4,,
Thu Feb 20 14:23:55 UTC 2014,49.2231,0.48,27.0264,2.4129,0,4,,
Thu Feb 20 14:24:01 UTC 2014,49.2231,0.48,27.0264,2.4129,0,4,,
Thu Feb 20 14:24:07 UTC 2014,49.2231,0.48,27.0264,2.4129,0,4,,
Thu Feb 20 14:24:12 UTC 2014,49.2231,0.48,27.0264,2.4129,0,4,,
Thu Feb 20 14:24:18 UTC 2014,59.8634,0.48,25.2623,2.4462,0,4,,
Thu Feb 20 14:24:23 UTC 2014,59.8634,0.48,25.2623,2.4462,0,4,,
Thu Feb 20 14:24:29 UTC 2014,59.8634,0.48,25.2623,2.4462,0,4,,
Thu Feb 20 14:24:34 UTC 2014,59.8634,0.48,25.2623,2.4462,0,4,,
Thu Feb 20 14:24:40 UTC 2014,59.8634,0.48,25.2623,2.4462,0,4,,
Thu Feb 20 14:24:45 UTC 2014,68.1679,0.48,26.1185,2.5,0,4,,
Thu Feb 20 14:24:51 UTC 2014,68.1679,0.48,26.1185,2.5,0,4,,
Thu Feb 20 14:24:58 UTC 2014,62.7212,0.48,26.2846,2.4,0,4,,
Thu Feb 20 14:25:03 UTC 2014,62.7212,0.48,26.2846,2.4,0,4,,
Thu Feb 20 14:25:09 UTC 2014,62.7212,0.48,26.2846,2.4,0,4,,
Thu Feb 20 14:25:14 UTC 2014,50.2001,0.48,26.496,2.3667,0,4,,
Thu Feb 20 14:25:19 UTC 2014,61.0007,0.48,25.9745,2.4452,0,4,,
Thu Feb 20 14:25:25 UTC 2014,61.0007,0.48,25.9745,2.4452,0,4,,
Thu Feb 20 14:25:30 UTC 2014,61.0007,0.48,25.9745,2.4452,0,4,,
Thu Feb 20 14:25:36 UTC 2014,61.0007,0.48,25.9745,2.4452,0,4,,
Thu Feb 20 14:25:41 UTC 2014,61.0007,0.48,25.9745,2.4452,0,4,,
Thu Feb 20 14:25:47 UTC 2014,63.8214,0.48,26.3766,2.3645,0,4,,
Thu Feb 20 14:25:53 UTC 2014,63.8214,0.48,26.3766,2.3645,0,4,,
Thu Feb 20 14:25:59 UTC 2014,63.8214,0.48,26.3766,2.3645,0,4,,
Thu Feb 20 14:26:05 UTC 2014,52.1762,0.48,26.1529,2.3645,0,4,,
Thu Feb 20 14:26:10 UTC 2014,52.1762,0.48,26.1529,2.3645,0,4,,
Thu Feb 20 14:26:15 UTC 2014,49.1866,0.48,26.694,2.4,0,4,CassandraNode_scaleOut,CassandraNode
Thu Feb 20 14:26:27 UTC 2014,49.1866,0.48,26.694,2.4,0,4,CassandraNode_scaleOut,CassandraNode
Thu Feb 20 14:26:38 UTC 2014,49.6618,0.48,26.7131,2.4,0,4,CassandraNode_scaleOut,CassandraNode
Thu Feb 20 14:26:50 UTC 2014,64.0145,0.48,26.8156,2.4129,0,4,CassandraNode_scaleOut,CassandraNode
Thu Feb 20 14:27:02 UTC 2014,64.0145,0.48,26.8156,2.4129,0,4,,
Thu Feb 20 14:27:07 UTC 2014,65.9552,0.48,26.0944,2.5,0,4,,
Thu Feb 20 14:27:13 UTC 2014,65.9552,0.48,26.0944,2.5,0,4,,
Thu Feb 20 14:27:19 UTC 2014,56.3466,0.48,26.7833,2.4473,0,4,,
Thu Feb 20 14:27:24 UTC 2014,56.3466,0.48,26.7833,2.4473,0,4,,
Thu Feb 20 14:27:29 UTC 2014,56.3466,0.48,26.7833,2.4473,0,4,,
Thu Feb 20 14:27:36 UTC 2014,56.3466,0.48,26.7833,2.4473,0,4,,
Thu Feb 20 14:27:42 UTC 2014,68.7581,0.48,26.488,2.3946,0,4,,
Thu Feb 20 14:27:48 UTC 2014,68.7581,0.48,26.488,2.3946,0,4,,
Thu Feb 20 14:27:53 UTC 2014,68.7581,0.48,26.488,2.3946,0,4,,
Thu Feb 20 14:27:59 UTC 2014,68.7581,0.48,26.488,2.3946,0,4,,
Thu Feb 20 14:28:04 UTC 2014,68.7581,0.48,26.488,2.3946,0,4,,
Thu Feb 20 14:28:10 UTC 2014,68.7581,0.48,26.488,2.3946,0,4,,
Thu Feb 20 14:28:16 UTC 2014,68.7581,0.48,26.488,2.3946,0,4,,
Thu Feb 20 14:28:22 UTC 2014,68.7581,0.48,26.488,2.3946,0,4,,
Thu Feb 20 14:28:27 UTC 2014,61.036,0.48,26.5832,2.4129,0,4,,
Thu Feb 20 14:28:33 UTC 2014,61.036,0.48,26.5832,2.4129,0,4,,
Thu Feb 20 14:28:38 UTC 2014,61.036,0.48,26.5832,2.4129,0,4,,
Thu Feb 20 14:28:44 UTC 2014,70.7699,0.48,26.5103,2.3473,0,4,,
Thu Feb 20 14:28:49 UTC 2014,70.7699,0.48,26.5103,2.3473,0,4,,
Thu Feb 20 14:28:56 UTC 2014,70.7699,0.48,26.5103,2.3473,0,4,,
Thu Feb 20 14:29:02 UTC 2014,70.7699,0.48,26.5103,2.3473,0,4,,
Thu Feb 20 14:29:08 UTC 2014,70.7699,0.48,26.5103,2.3473,0,4,,
Thu Feb 20 14:29:14 UTC 2014,66.0719,0.48,26.7458,2.4667,0,4,,
Thu Feb 20 14:29:19 UTC 2014,66.0719,0.48,26.7458,2.4667,0,4,,
Thu Feb 20 14:29:24 UTC 2014,66.0719,0.48,26.7458,2.4667,0,4,,
Thu Feb 20 14:29:30 UTC 2014,66.0719,0.48,26.7458,2.4667,0,4,,
Thu Feb 20 14:29:36 UTC 2014,66.0719,0.48,26.7458,2.4667,0,4,,
Thu Feb 20 14:29:42 UTC 2014,66.0719,0.48,26.7458,2.4667,0,4,,
Thu Feb 20 14:29:48 UTC 2014,67.3144,0.48,26.4849,2.6333,0,4,,
Thu Feb 20 14:29:53 UTC 2014,67.3144,0.48,26.4849,2.6333,0,4,,
Thu Feb 20 14:29:58 UTC 2014,67.3144,0.48,26.4849,2.6333,0,4,,
Thu Feb 20 14:30:04 UTC 2014,51.6715,0.48,27.2575,2.5333,0,4,,
Thu Feb 20 14:30:09 UTC 2014,51.6715,0.48,27.2575,2.5333,0,4,,
Thu Feb 20 14:30:15 UTC 2014,57.5231,0.48,27.0214,2.329,0,4,,
Thu Feb 20 14:30:20 UTC 2014,57.5231,0.48,27.0214,2.329,0,4,,
Thu Feb 20 14:30:25 UTC 2014,57.5231,0.48,27.0214,2.329,0,4,,
Thu Feb 20 14:30:31 UTC 2014,57.5231,0.48,27.0214,2.329,0,4,,
Thu Feb 20 14:30:39 UTC 2014,52.1359,0.48,26.9325,2.4935,0,4,,
Thu Feb 20 14:30:45 UTC 2014,55.3056,0.48,27.3144,2.4129,0,4,,
Thu Feb 20 14:30:50 UTC 2014,55.3056,0.48,27.3144,2.4129,0,4,,
Thu Feb 20 14:30:55 UTC 2014,55.3056,0.48,27.3144,2.4129,0,4,,
Thu Feb 20 14:31:01 UTC 2014,55.3056,0.48,27.3144,2.4129,0,4,,
Thu Feb 20 14:31:07 UTC 2014,64.8912,0.48,26.9905,2.3667,0,4,,
Thu Feb 20 14:31:12 UTC 2014,64.8912,0.48,26.9905,2.3667,0,4,,
Thu Feb 20 14:31:18 UTC 2014,64.8912,0.48,26.9905,2.3667,0,4,,
Thu Feb 20 14:31:23 UTC 2014,59.8678,0.48,27.338,2.3667,0,4,,
Thu Feb 20 14:31:29 UTC 2014,59.8678,0.48,27.338,2.3667,0,4,,
Thu Feb 20 14:31:34 UTC 2014,59.8678,0.48,27.338,2.3667,0,4,,
Thu Feb 20 14:31:40 UTC 2014,64.3107,0.48,27.1704,2.4333,0,4,,
Thu Feb 20 14:31:45 UTC 2014,64.3107,0.48,27.1704,2.4333,0,4,,
Thu Feb 20 14:31:51 UTC 2014,64.3107,0.48,27.1704,2.4333,0,4,,
Thu Feb 20 14:31:56 UTC 2014,64.3107,0.48,27.1704,2.4333,0,4,,
Thu Feb 20 14:32:02 UTC 2014,64.3107,0.48,27.1704,2.4333,0,4,,
Thu Feb 20 14:32:07 UTC 2014,60.024,0.48,26.8752,2.2817,0,4,,
Thu Feb 20 14:32:12 UTC 2014,60.024,0.48,26.8752,2.2817,0,4,,
Thu Feb 20 14:32:17 UTC 2014,64.4508,0.48,26.9707,2.2946,0,4,,
Thu Feb 20 14:32:24 UTC 2014,64.4508,0.48,26.9707,2.2946,0,4,,
Thu Feb 20 14:32:29 UTC 2014,64.4508,0.48,26.9707,2.2946,0,4,,
Thu Feb 20 14:32:35 UTC 2014,55.9057,0.48,27.7693,2.3269,0,4,,
Thu Feb 20 14:32:40 UTC 2014,55.9057,0.48,27.7693,2.3269,0,4,,
Thu Feb 20 14:32:46 UTC 2014,55.9057,0.48,27.7693,2.3269,0,4,,
Thu Feb 20 14:32:51 UTC 2014,67.9058,0.48,26.6293,2.4667,0,4,,
Thu Feb 20 14:32:56 UTC 2014,67.9058,0.48,26.6293,2.4667,0,4,,
Thu Feb 20 14:33:02 UTC 2014,66.156,0.48,26.938,2.4667,0,4,,
Thu Feb 20 14:33:07 UTC 2014,66.156,0.48,26.938,2.4667,0,4,,
Thu Feb 20 14:33:13 UTC 2014,66.156,0.48,26.938,2.4667,0,4,,
Thu Feb 20 14:33:19 UTC 2014,66.156,0.48,26.938,2.4667,0,4,,
Thu Feb 20 14:33:24 UTC 2014,69.6781,0.48,27.2984,2.3301,0,4,,
Thu Feb 20 14:33:30 UTC 2014,69.6781,0.48,27.2984,2.3301,0,4,,
Thu Feb 20 14:33:35 UTC 2014,69.6781,0.48,27.2984,2.3301,0,4,,
Thu Feb 20 14:33:41 UTC 2014,55.3848,0.48,27.6166,2.3161,0,4,,
Thu Feb 20 14:33:46 UTC 2014,55.3848,0.48,27.6166,2.3161,0,4,,
Thu Feb 20 14:33:52 UTC 2014,67.3664,0.48,27.2656,2.3667,0,4,,
Thu Feb 20 14:33:57 UTC 2014,67.3664,0.48,27.2656,2.3667,0,4,,
Thu Feb 20 14:34:02 UTC 2014,67.3664,0.48,27.2656,2.3667,0,4,,
Thu Feb 20 14:34:08 UTC 2014,67.3664,0.48,27.2656,2.3667,0,4,,
Thu Feb 20 14:34:14 UTC 2014,55.9587,0.48,27.2431,2.3806,0,4,,
Thu Feb 20 14:34:19 UTC 2014,55.9587,0.48,27.2431,2.3806,0,4,,
Thu Feb 20 14:34:24 UTC 2014,52.6092,0.48,27.6536,2.4,0,4,,
Thu Feb 20 14:34:29 UTC 2014,52.6092,0.48,27.6536,2.4,0,4,,
Thu Feb 20 14:34:35 UTC 2014,52.6092,0.48,26.8314,2.4667,0,4,CassandraNode_scaleOut,CassandraNode
Thu Feb 20 14:34:47 UTC 2014,62.6227,0.48,26.9647,2.4785,0,4,CassandraNode_scaleOut,CassandraNode
Thu Feb 20 14:34:58 UTC 2014,69.8948,0.48,26.9647,2.4785,0,4,CassandraNode_scaleOut,CassandraNode
Thu Feb 20 14:35:09 UTC 2014,63.8429,0.48,26.8637,2.3495,0,4,CassandraNode_scaleOut,CassandraNode
Thu Feb 20 14:35:21 UTC 2014,62.574,0.48,27.0503,2.3495,0,4,CassandraNode_scaleOut,CassandraNode
Thu Feb 20 14:35:32 UTC 2014,49.9305,0.48,27.1384,2.2828,0,4,,
Thu Feb 20 14:35:38 UTC 2014,68.0277,0.48,27.3092,2.2828,0,4,,
Thu Feb 20 14:35:43 UTC 2014,68.0277,0.48,27.3092,2.2828,0,4,,
Thu Feb 20 14:35:49 UTC 2014,68.0277,0.48,27.3092,2.2828,0,4,,
Thu Feb 20 14:35:54 UTC 2014,68.0277,0.48,27.3092,2.2828,0,4,,
Thu Feb 20 14:36:00 UTC 2014,56.4935,0.48,27.7139,2.4,0,4,,
Thu Feb 20 14:36:05 UTC 2014,56.4935,0.48,27.7139,2.4,0,4,,
Thu Feb 20 14:36:11 UTC 2014,56.4935,0.48,27.7139,2.4,0,4,,
Thu Feb 20 14:36:16 UTC 2014,56.4935,0.48,27.7139,2.4,0,4,,
Thu Feb 20 14:36:22 UTC 2014,68.5737,0.48,27.0511,2.3817,0,4,,
Thu Feb 20 14:36:27 UTC 2014,68.5737,0.48,27.0511,2.3817,0,4,,
Thu Feb 20 14:36:33 UTC 2014,68.5737,0.48,27.0511,2.3817,0,4,,
Thu Feb 20 14:36:38 UTC 2014,66.8882,0.48,27.0094,2.4935,0,4,,
Thu Feb 20 14:36:44 UTC 2014,66.8882,0.48,27.0094,2.4935,0,4,,
Thu Feb 20 14:36:49 UTC 2014,66.8882,0.48,27.0094,2.4935,0,4,,
Thu Feb 20 14:36:55 UTC 2014,66.8882,0.48,27.0094,2.4935,0,4,,
Thu Feb 20 14:37:00 UTC 2014,70.4684,0.48,27.0001,2.4452,0,4,,
Thu Feb 20 14:37:06 UTC 2014,70.8907,0.48,26.6247,2.4452,0,4,,
Thu Feb 20 14:37:11 UTC 2014,67.2209,0.48,26.4329,2.5,0,4,,
Thu Feb 20 14:37:16 UTC 2014,67.2209,0.48,26.4329,2.5,0,4,,
Thu Feb 20 14:37:22 UTC 2014,67.2209,0.48,26.4329,2.5,0,4,,
Thu Feb 20 14:37:27 UTC 2014,67.2209,0.48,26.4329,2.5,0,4,,
Thu Feb 20 14:37:33 UTC 2014,72.8141,0.48,26.405,2.4484,0,4,,
Thu Feb 20 14:37:39 UTC 2014,72.8141,0.48,26.405,2.4484,0,4,,
Thu Feb 20 14:37:44 UTC 2014,72.8141,0.48,26.405,2.4484,0,4,,
Thu Feb 20 14:37:49 UTC 2014,62.7134,0.48,26.8526,2.4269,0,4,,
Thu Feb 20 14:37:55 UTC 2014,62.7134,0.48,26.8526,2.4269,0,4,,
Thu Feb 20 14:38:00 UTC 2014,62.7134,0.48,26.8526,2.4269,0,4,,
Thu Feb 20 14:38:05 UTC 2014,58.5145,0.48,26.6731,2.2968,0,4,,
Thu Feb 20 14:38:11 UTC 2014,58.5145,0.48,26.6731,2.2968,0,4,,
Thu Feb 20 14:38:16 UTC 2014,58.5145,0.48,26.6731,2.2968,0,4,,
Thu Feb 20 14:38:22 UTC 2014,59.4963,0.48,27.0406,2.2183,0,4,,
Thu Feb 20 14:38:27 UTC 2014,60.7171,0.48,26.7724,2.4,0,4,,
Thu Feb 20 14:38:33 UTC 2014,60.7171,0.48,26.7724,2.4,0,4,,
Thu Feb 20 14:38:38 UTC 2014,60.7171,0.48,26.7724,2.4,0,4,,
Thu Feb 20 14:38:44 UTC 2014,41.8683,0.48,27.2847,2.5,0,4,,
Thu Feb 20 14:38:49 UTC 2014,58.1863,0.48,27.0129,2.5,0,4,,
Thu Feb 20 14:38:54 UTC 2014,58.1863,0.48,27.0129,2.5,0,4,,
Thu Feb 20 14:38:59 UTC 2014,58.1863,0.48,27.0129,2.5,0,4,,
Thu Feb 20 14:39:05 UTC 2014,48.748,0.48,27.2916,2.5,0,4,,
Thu Feb 20 14:39:10 UTC 2014,48.748,0.48,27.2916,2.5,0,4,,
Thu Feb 20 14:39:16 UTC 2014,48.748,0.48,27.2916,2.5,0,4,,
Thu Feb 20 14:39:21 UTC 2014,55.1944,0.48,27.4503,2.3806,0,4,,
Thu Feb 20 14:39:27 UTC 2014,55.1944,0.48,27.4503,2.3806,0,4,,
Thu Feb 20 14:39:32 UTC 2014,47.5394,0.48,27.9526,2.3806,0,4,,
Thu Feb 20 14:39:37 UTC 2014,41.3013,0.48,27.986,2.328,0,4,,
Thu Feb 20 14:39:42 UTC 2014,41.3013,0.48,27.986,2.328,0,4,,
Thu Feb 20 14:39:47 UTC 2014,40.1236,0.48,27.1967,2.414,0,4,,
Thu Feb 20 14:39:53 UTC 2014,52.4843,0.48,27.256,2.414,0,4,,
Thu Feb 20 14:39:58 UTC 2014,52.4843,0.48,27.256,2.414,0,4,,
Thu Feb 20 14:40:03 UTC 2014,49.6151,0.48,27.5154,2.4333,0,4,,
Thu Feb 20 14:40:08 UTC 2014,49.6151,0.48,27.5154,2.4333,0,4,,
Thu Feb 20 14:40:14 UTC 2014,39.7389,0.48,27.524,2.4129,0,4,,
Thu Feb 20 14:40:20 UTC 2014,39.7389,0.48,27.524,2.4129,0,4,,
Thu Feb 20 14:40:25 UTC 2014,39.7389,0.48,27.524,2.4129,0,4,,
Thu Feb 20 14:40:31 UTC 2014,23.4236,0.48,27.1099,2.3796,0,4,,
Thu Feb 20 14:40:36 UTC 2014,16.0998,0.48,26.9178,2.3796,0,4,,
Thu Feb 20 14:40:41 UTC 2014,16.0998,0.48,26.9178,2.3796,0,4,,
Thu Feb 20 14:40:46 UTC 2014,50.4819,0.48,27.2494,2.4,0,4,,
Thu Feb 20 14:40:51 UTC 2014,50.4819,0.48,27.2494,2.4,0,4,,
Thu Feb 20 14:40:57 UTC 2014,54.8141,0.48,27.6429,2.4,0,4,,
Thu Feb 20 14:41:02 UTC 2014,59.5806,0.48,27.8703,2.4,0,4,,
Thu Feb 20 14:41:08 UTC 2014,53.2373,0.48,27.7575,2.4,0,4,,
Thu Feb 20 14:41:13 UTC 2014,53.2373,0.48,27.7575,2.4,0,4,,
Thu Feb 20 14:41:18 UTC 2014,60.9179,0.48,26.8034,2.3333,0,4,,
Thu Feb 20 14:41:23 UTC 2014,60.9179,0.48,26.8034,2.3333,0,4,,
Thu Feb 20 14:41:29 UTC 2014,60.9179,0.48,26.8034,2.3333,0,4,,
Thu Feb 20 14:41:35 UTC 2014,63.3995,0.48,27.3786,2.3796,0,4,,
Thu Feb 20 14:41:40 UTC 2014,63.3995,0.48,27.3786,2.3796,0,4,,
Thu Feb 20 14:41:45 UTC 2014,61.5656,0.48,27.5012,2.4129,0,4,,
Thu Feb 20 14:41:51 UTC 2014,61.5656,0.48,27.5012,2.4129,0,4,,
Thu Feb 20 14:41:56 UTC 2014,61.5656,0.48,27.5012,2.4129,0,4,,
Thu Feb 20 14:42:02 UTC 2014,66.1604,0.48,27.7312,2.3301,0,4,,
Thu Feb 20 14:42:07 UTC 2014,66.1604,0.48,27.7312,2.3301,0,4,,
Thu Feb 20 14:42:13 UTC 2014,66.1604,0.48,27.7312,2.3301,0,4,,
Thu Feb 20 14:42:19 UTC 2014,68.1092,0.48,27.2793,2.3301,0,4,,
Thu Feb 20 14:42:24 UTC 2014,68.1092,0.48,27.2793,2.3301,0,4,,
Thu Feb 20 14:42:29 UTC 2014,68.1092,0.48,27.2793,2.3301,0,4,,
Thu Feb 20 14:42:35 UTC 2014,68.1092,0.48,27.2793,2.3301,0,4,,
Thu Feb 20 14:42:40 UTC 2014,68.1092,0.48,27.2793,2.3301,0,4,,
Thu Feb 20 14:42:46 UTC 2014,71.6115,0.48,26.7523,2.5796,0,4,,
Thu Feb 20 14:42:51 UTC 2014,71.6115,0.48,26.7523,2.5796,0,4,,
Thu Feb 20 14:42:56 UTC 2014,71.6115,0.48,26.7523,2.5796,0,4,,
Thu Feb 20 14:43:02 UTC 2014,71.6115,0.48,26.7523,2.5796,0,4,,
Thu Feb 20 14:43:08 UTC 2014,70.4312,0.48,27.2592,2.5333,0,4,,
Thu Feb 20 14:43:13 UTC 2014,70.4312,0.48,27.2592,2.5333,0,4,AppServer_scaleIn,AppServer
Thu Feb 20 14:43:24 UTC 2014,68.4383,0.48,27.4101,2.3495,0,4,AppServer_scaleIn,AppServer
Thu Feb 20 14:43:36 UTC 2014,66.7579,0.48,27.6675,2.3161,0,4,AppServer_scaleIn,AppServer
Thu Feb 20 14:43:47 UTC 2014,66.7579,0.48,27.9144,2.2645,0,4,AppServer_scaleIn,AppServer
Thu Feb 20 14:43:59 UTC 2014,71.9917,0.48,29.0859,2.2645,0,4,AppServer_scaleIn,AppServer
Thu Feb 20 14:44:10 UTC 2014,72.0603,0.48,31.2877,2.3935,0,4,AppServer_scaleIn,AppServer
Thu Feb 20 14:44:21 UTC 2014,72.1625,0.48,31.642,2.2774,0,4,AppServer_scaleIn,AppServer
Thu Feb 20 14:44:32 UTC 2014,71.8901,0.48,32.6732,2.1989,0,4,AppServer_scaleIn,AppServer
Thu Feb 20 14:44:44 UTC 2014,71.8901,0.48,32.6732,2.4129,0,4,AppServer_scaleIn,AppServer
Thu Feb 20 14:44:55 UTC 2014,73.1183,0.48,34.6165,2.4129,0,4,AppServer_scaleIn,AppServer
Thu Feb 20 14:45:07 UTC 2014,69.647,0.48,35.3242,1.6525,0,4,AppServer_scaleIn,AppServer
Thu Feb 20 14:45:18 UTC 2014,80.808,0.48,36.4374,1.6979,0,4,AppServer_scaleIn,AppServer
Thu Feb 20 14:45:29 UTC 2014,80.808,0.48,36.6738,1.6979,0,4,AppServer_scaleIn,AppServer
Thu Feb 20 14:45:41 UTC 2014,74.5713,0.48,36.6738,1.6979,0,4,,
Thu Feb 20 14:45:47 UTC 2014,91.7042,0.36,35.2607,1.7419,0,3,,
Thu Feb 20 14:45:53 UTC 2014,91.7042,0.36,35.2607,1.7419,0,3,,
Thu Feb 20 14:45:59 UTC 2014,91.0346,0.36,34.6088,1.7419,0,3,,
Thu Feb 20 14:46:04 UTC 2014,91.0346,0.36,34.6088,1.7419,0,3,,
Thu Feb 20 14:46:09 UTC 2014,91.0346,0.36,34.6088,1.7419,0,3,,
Thu Feb 20 14:46:15 UTC 2014,70.1468,0.36,35.4851,1.7097,0,3,,
Thu Feb 20 14:46:20 UTC 2014,70.1468,0.36,35.4851,1.7097,0,3,,
Thu Feb 20 14:46:26 UTC 2014,89.9683,0.36,35.2722,1.7161,0,3,,
Thu Feb 20 14:46:31 UTC 2014,89.9683,0.36,35.2722,1.7161,0,3,,
Thu Feb 20 14:46:37 UTC 2014,90.0197,0.36,33.7903,1.7161,0,3,,
Thu Feb 20 14:46:42 UTC 2014,90.0197,0.36,33.7903,1.7161,0,3,,
Thu Feb 20 14:46:48 UTC 2014,90.0197,0.36,33.7903,1.7161,0,3,,
Thu Feb 20 14:46:54 UTC 2014,90.0197,0.36,33.7903,1.7161,0,3,,
Thu Feb 20 14:46:59 UTC 2014,90.737,0.36,31.8959,1.9,0,3,,
Thu Feb 20 14:47:05 UTC 2014,90.737,0.36,31.8959,1.9,0,3,,
Thu Feb 20 14:47:10 UTC 2014,90.737,0.36,31.8959,1.9,0,3,,
Thu Feb 20 14:47:15 UTC 2014,73.6875,0.36,32.4965,1.8806,0,3,,
Thu Feb 20 14:47:20 UTC 2014,73.6875,0.36,32.4965,1.8806,0,3,,
Thu Feb 20 14:47:26 UTC 2014,71.1338,0.36,32.3852,1.7935,0,3,,
Thu Feb 20 14:47:31 UTC 2014,75.5545,0.36,32.3538,1.7935,0,3,,
Thu Feb 20 14:47:36 UTC 2014,69.0654,0.36,32.0605,1.9226,0,3,,
Thu Feb 20 14:47:42 UTC 2014,69.0654,0.36,32.0605,1.9226,0,3,,
Thu Feb 20 14:47:47 UTC 2014,65.0251,0.36,31.0798,2.043,0,3,,
Thu Feb 20 14:47:52 UTC 2014,65.0251,0.36,31.0798,2.043,0,3,,
Thu Feb 20 14:47:58 UTC 2014,60.789,0.36,31.963,2.043,0,3,,
Thu Feb 20 14:48:03 UTC 2014,60.789,0.36,31.963,2.043,0,3,,
Thu Feb 20 14:48:08 UTC 2014,51.0116,0.36,31.8693,1.9,0,3,,
Thu Feb 20 14:48:13 UTC 2014,51.0116,0.36,31.8693,1.9,0,3,,
Thu Feb 20 14:48:19 UTC 2014,51.0116,0.36,31.8693,1.9,0,3,,
Thu Feb 20 14:48:25 UTC 2014,75.522,0.36,30.1173,1.7333,0,3,,
Thu Feb 20 14:48:30 UTC 2014,75.522,0.36,30.1173,1.7333,0,3,,
Thu Feb 20 14:48:35 UTC 2014,75.522,0.36,30.1173,1.7333,0,3,,
Thu Feb 20 14:48:41 UTC 2014,75.522,0.36,30.1173,1.7333,0,3,,
Thu Feb 20 14:48:46 UTC 2014,75.522,0.36,30.1173,1.7333,0,3,,
Thu Feb 20 14:48:52 UTC 2014,86.0396,0.36,29.4718,2.0452,0,3,,
Thu Feb 20 14:48:58 UTC 2014,86.0396,0.36,29.4718,2.0452,0,3,,
Thu Feb 20 14:49:04 UTC 2014,86.0396,0.36,29.4718,2.0452,0,3,,
Thu Feb 20 14:49:09 UTC 2014,86.0396,0.36,29.4718,2.0452,0,3,,
Thu Feb 20 14:49:14 UTC 2014,88.096,0.36,29.8679,1.9743,0,3,,
Thu Feb 20 14:49:20 UTC 2014,88.096,0.36,29.8679,1.9743,0,3,,
Thu Feb 20 14:49:25 UTC 2014,88.096,0.36,29.8679,1.9743,0,3,,
Thu Feb 20 14:49:31 UTC 2014,88.096,0.36,29.8679,1.9743,0,3,,
Thu Feb 20 14:49:36 UTC 2014,73.2573,0.36,29.994,1.8087,0,3,,
Thu Feb 20 14:49:42 UTC 2014,73.2573,0.36,29.994,1.8087,0,3,,
Thu Feb 20 14:49:47 UTC 2014,73.2573,0.36,29.994,1.8087,0,3,,
Thu Feb 20 14:49:53 UTC 2014,73.2573,0.36,29.994,1.8087,0,3,,
Thu Feb 20 14:49:59 UTC 2014,85.4779,0.36,30.6564,1.7495,0,3,,
Thu Feb 20 14:50:04 UTC 2014,85.4779,0.36,30.6564,1.7495,0,3,,
Thu Feb 20 14:50:09 UTC 2014,85.4779,0.36,30.6564,1.7495,0,3,,
Thu Feb 20 14:50:15 UTC 2014,87.8764,0.36,30.3397,1.7495,0,3,,
Thu Feb 20 14:50:20 UTC 2014,87.8764,0.36,30.3397,1.7495,0,3,,
Thu Feb 20 14:50:25 UTC 2014,86.1849,0.36,30.8339,1.7495,0,3,,
Thu Feb 20 14:50:31 UTC 2014,86.1849,0.36,30.8339,1.7495,0,3,,
Thu Feb 20 14:50:36 UTC 2014,89.4865,0.36,30.9467,1.7495,0,3,,
Thu Feb 20 14:50:41 UTC 2014,86.295,0.36,31.1318,1.7495,0,3,,
Thu Feb 20 14:50:47 UTC 2014,86.295,0.36,31.1318,1.7495,0,3,,
Thu Feb 20 14:50:52 UTC 2014,76.0193,0.36,31.4206,1.8333,0,3,,
Thu Feb 20 14:50:58 UTC 2014,88.3091,0.36,30.5969,1.7151,0,3,,
Thu Feb 20 14:51:03 UTC 2014,88.2281,0.36,31.4338,1.7151,0,3,,
Thu Feb 20 14:51:08 UTC 2014,89.5041,0.36,31.2768,1.7151,0,3,,
Thu Feb 20 14:51:13 UTC 2014,79.6441,0.36,31.5866,1.7817,0,3,,
Thu Feb 20 14:51:19 UTC 2014,49.4783,0.36,31.6905,1.9,0,3,,
Thu Feb 20 14:51:24 UTC 2014,49.4783,0.36,31.6905,1.9,0,3,,
Thu Feb 20 14:51:30 UTC 2014,49.4783,0.36,31.6905,1.9,0,3,,
Thu Feb 20 14:51:35 UTC 2014,52.8174,0.36,31.9399,1.9,0,3,,
Thu Feb 20 14:51:41 UTC 2014,52.8174,0.36,31.9399,1.9,0,3,,
Thu Feb 20 14:51:46 UTC 2014,53.9875,0.36,31.6307,1.9333,0,3,,
Thu Feb 20 14:51:52 UTC 2014,53.9875,0.36,31.6307,1.9333,0,3,CassandraNode_scaleOut,CassandraNode
Thu Feb 20 14:52:03 UTC 2014,59.6352,0.36,32.4237,1.8796,0,3,CassandraNode_scaleOut,CassandraNode
Thu Feb 20 14:52:15 UTC 2014,75.2531,0.36,31.5375,1.7,0,3,CassandraNode_scaleOut,CassandraNode
Thu Feb 20 14:52:26 UTC 2014,77.0057,0.36,31.5375,1.7333,0,3,CassandraNode_scaleOut,CassandraNode
Thu Feb 20 14:52:38 UTC 2014,82.1252,0.36,30.816,1.7333,0,3,CassandraNode_scaleOut,CassandraNode
Thu Feb 20 14:52:49 UTC 2014,73.1372,0.36,31.7528,1.8774,0,3,,
Thu Feb 20 14:52:54 UTC 2014,76.8488,0.36,31.7025,1.8774,0,3,,
Thu Feb 20 14:52:59 UTC 2014,84.8435,0.36,30.9369,1.8774,0,3,,
Thu Feb 20 14:53:05 UTC 2014,81.2476,0.36,30.5629,1.8774,0,3,,
Thu Feb 20 14:53:10 UTC 2014,81.2476,0.36,30.5629,1.8774,0,3,,
Thu Feb 20 14:53:16 UTC 2014,68.9582,0.36,30.5683,1.9441,0,3,,
Thu Feb 20 14:53:21 UTC 2014,68.9582,0.36,30.5683,1.9441,0,3,,
Thu Feb 20 14:53:27 UTC 2014,68.9582,0.36,30.5683,1.9441,0,3,,
Thu Feb 20 14:53:32 UTC 2014,90.0981,0.36,30.8963,1.9129,0,3,,
Thu Feb 20 14:53:37 UTC 2014,86.967,0.36,31.4765,1.9129,0,3,,
Thu Feb 20 14:53:42 UTC 2014,86.967,0.36,31.4765,1.9129,0,3,,
Thu Feb 20 14:53:48 UTC 2014,87.3043,0.36,31.6908,1.7796,0,3,,
Thu Feb 20 14:53:53 UTC 2014,87.3043,0.36,31.6908,1.7796,0,3,,
Thu Feb 20 14:53:59 UTC 2014,87.0509,0.36,31.8503,1.6667,0,3,,
Thu Feb 20 14:54:04 UTC 2014,87.0509,0.36,31.8503,1.6667,0,3,,
Thu Feb 20 14:54:09 UTC 2014,83.9569,0.36,31.5485,1.6667,0,3,,
Thu Feb 20 14:54:14 UTC 2014,83.9569,0.36,31.5485,1.6667,0,3,,
Thu Feb 20 14:54:20 UTC 2014,77.7445,0.36,31.5644,1.7,0,3,,
Thu Feb 20 14:54:25 UTC 2014,77.7445,0.36,31.5644,1.7,0,3,,
Thu Feb 20 14:54:30 UTC 2014,77.7445,0.36,31.5644,1.7,0,3,,
Thu Feb 20 14:54:36 UTC 2014,77.7445,0.36,31.5644,1.7,0,3,,
Thu Feb 20 14:54:41 UTC 2014,77.7445,0.36,31.5644,1.7,0,3,,
Thu Feb 20 14:54:47 UTC 2014,91.2029,0.36,31.6701,1.7925,0,3,,
Thu Feb 20 14:54:53 UTC 2014,91.2029,0.36,31.6701,1.7925,0,3,,
Thu Feb 20 14:54:58 UTC 2014,91.2029,0.36,31.6701,1.7925,0,3,,
Thu Feb 20 14:55:04 UTC 2014,91.2029,0.36,31.6701,1.7925,0,3,,
Thu Feb 20 14:55:10 UTC 2014,91.8433,0.36,29.3817,1.8333,0,3,,
Thu Feb 20 14:55:17 UTC 2014,91.8433,0.36,29.3817,1.8333,0,3,,
Thu Feb 20 14:55:22 UTC 2014,91.8433,0.36,29.3817,1.8333,0,3,,
Thu Feb 20 14:55:28 UTC 2014,91.8433,0.36,29.3817,1.8333,0,3,,
Thu Feb 20 14:55:33 UTC 2014,91.8433,0.36,29.3817,1.8333,0,3,,
Thu Feb 20 14:55:39 UTC 2014,92.4052,0.36,29.5315,1.9667,0,3,,
Thu Feb 20 14:55:44 UTC 2014,92.4052,0.36,29.5315,1.9667,0,3,,
Thu Feb 20 14:55:50 UTC 2014,92.4052,0.36,29.5315,1.9667,0,3,,
Thu Feb 20 14:55:55 UTC 2014,92.4052,0.36,29.5315,1.9667,0,3,,
Thu Feb 20 14:56:01 UTC 2014,92.4052,0.36,29.5315,1.9667,0,3,,
Thu Feb 20 14:56:06 UTC 2014,93.2685,0.36,28.6525,1.6925,0,3,,
Thu Feb 20 14:56:12 UTC 2014,93.2685,0.36,28.6525,1.6925,0,3,,
Thu Feb 20 14:56:17 UTC 2014,93.2685,0.36,28.6525,1.6925,0,3,,
Thu Feb 20 14:56:23 UTC 2014,93.2685,0.36,28.6525,1.6925,0,3,,
Thu Feb 20 14:56:28 UTC 2014,89.6782,0.36,29.6408,1.8161,0,3,,
Thu Feb 20 14:56:33 UTC 2014,89.6782,0.36,29.6408,1.8161,0,3,,
Thu Feb 20 14:56:39 UTC 2014,92.1713,0.36,29.9812,1.8161,0,3,,
Thu Feb 20 14:56:44 UTC 2014,92.1713,0.36,29.9812,1.8161,0,3,,
Thu Feb 20 14:56:49 UTC 2014,92.1713,0.36,29.9812,1.8161,0,3,,
Thu Feb 20 14:56:55 UTC 2014,92.1713,0.36,29.9812,1.8161,0,3,,
Thu Feb 20 14:57:00 UTC 2014,92.0085,0.36,30.5759,1.6593,0,3,,
Thu Feb 20 14:57:06 UTC 2014,92.0085,0.36,30.5759,1.6593,0,3,,
Thu Feb 20 14:57:11 UTC 2014,92.0085,0.36,30.5759,1.6593,0,3,,
Thu Feb 20 14:57:17 UTC 2014,92.0085,0.36,30.5759,1.6593,0,3,,
Thu Feb 20 14:57:22 UTC 2014,92.1836,0.36,30.9133,1.6129,0,3,,
Thu Feb 20 14:57:28 UTC 2014,92.1272,0.36,29.7511,1.7742,0,3,,
Thu Feb 20 14:57:33 UTC 2014,92.1272,0.36,29.7511,1.7742,0,3,,
Thu Feb 20 14:57:38 UTC 2014,91.2363,0.36,29.9744,1.7742,0,3,,
Thu Feb 20 14:57:44 UTC 2014,91.2363,0.36,29.9744,1.7742,0,3,,
Thu Feb 20 14:57:50 UTC 2014,91.2363,0.36,29.9744,1.7742,0,3,,
Thu Feb 20 14:57:55 UTC 2014,91.2363,0.36,29.9744,1.7742,0,3,,
Thu Feb 20 14:58:00 UTC 2014,91.2363,0.36,29.9744,1.7742,0,3,,
Thu Feb 20 14:58:06 UTC 2014,92.5446,0.36,29.4741,1.957,0,3,,
Thu Feb 20 14:58:11 UTC 2014,92.5446,0.36,29.4741,1.957,0,3,,
Thu Feb 20 14:58:17 UTC 2014,92.5446,0.36,29.4741,1.957,0,3,,
Thu Feb 20 14:58:23 UTC 2014,92.5446,0.36,29.4741,1.957,0,3,,
Thu Feb 20 14:58:28 UTC 2014,92.5446,0.36,29.4741,1.957,0,3,,
Thu Feb 20 14:58:34 UTC 2014,92.6,0.36,29.7396,1.6583,0,3,,
Thu Feb 20 14:58:39 UTC 2014,92.6,0.36,29.7396,1.6583,0,3,,
Thu Feb 20 14:58:45 UTC 2014,92.6,0.36,29.7396,1.6583,0,3,,
Thu Feb 20 14:58:50 UTC 2014,92.6,0.36,29.7396,1.6583,0,3,,
Thu Feb 20 14:58:56 UTC 2014,93.1112,0.36,30.1099,1.6905,0,3,,
Thu Feb 20 14:59:01 UTC 2014,93.1112,0.36,30.1099,1.6905,0,3,,
Thu Feb 20 14:59:07 UTC 2014,93.1112,0.36,30.1099,1.6905,0,3,,
Thu Feb 20 14:59:12 UTC 2014,93.1112,0.36,30.1099,1.6905,0,3,,
Thu Feb 20 14:59:17 UTC 2014,93.4709,0.36,29.4778,1.8065,0,3,,
Thu Feb 20 14:59:23 UTC 2014,93.4709,0.36,29.4778,1.8065,0,3,,
Thu Feb 20 14:59:29 UTC 2014,93.4709,0.36,29.4778,1.8065,0,3,,
Thu Feb 20 14:59:34 UTC 2014,93.4709,0.36,29.4778,1.8065,0,3,,
Thu Feb 20 14:59:40 UTC 2014,93.4709,0.36,29.4778,1.8065,0,3,,
Thu Feb 20 14:59:45 UTC 2014,93.0719,0.36,28.8001,1.7097,0,3,,
Thu Feb 20 14:59:50 UTC 2014,93.0719,0.36,28.8001,1.7097,0,3,,
Thu Feb 20 14:59:56 UTC 2014,93.0719,0.36,28.8001,1.7097,0,3,,
Thu Feb 20 15:00:01 UTC 2014,93.0719,0.36,28.8001,1.7097,0,3,,
Thu Feb 20 15:00:07 UTC 2014,93.0719,0.36,28.8001,1.7097,0,3,,
Thu Feb 20 15:00:12 UTC 2014,87.3815,0.36,29.7655,1.871,0,3,,
Thu Feb 20 15:00:18 UTC 2014,87.3815,0.36,29.7655,1.871,0,3,,
Thu Feb 20 15:00:23 UTC 2014,87.3815,0.36,29.7655,1.871,0,3,,
Thu Feb 20 15:00:29 UTC 2014,87.3815,0.36,29.7655,1.871,0,3,CassandraNode_scaleOut,CassandraNode
Thu Feb 20 15:00:40 UTC 2014,94.023,0.36,30.0645,1.629,0,3,CassandraNode_scaleOut,CassandraNode
Thu Feb 20 15:00:52 UTC 2014,92.673,0.36,28.4259,1.629,0,3,CassandraNode_scaleOut,CassandraNode
Thu Feb 20 15:01:03 UTC 2014,90.2182,0.36,29.4,1.8484,0,3,CassandraNode_scaleOut,CassandraNode
Thu Feb 20 15:01:15 UTC 2014,90.2182,0.36,29.4,1.8484,0,3,CassandraNode_scaleOut,CassandraNode
Thu Feb 20 15:01:26 UTC 2014,91.4629,0.36,29.3184,1.8484,0,3,,
Thu Feb 20 15:01:32 UTC 2014,92.1622,0.36,29.0892,1.9036,0,3,,
Thu Feb 20 15:01:37 UTC 2014,92.8093,0.36,29.0343,1.7853,0,3,,
Thu Feb 20 15:01:42 UTC 2014,92.8246,0.36,28.8532,1.7853,0,3,,
Thu Feb 20 15:01:47 UTC 2014,90.8484,0.36,28.9562,1.7853,0,3,,
Thu Feb 20 15:01:53 UTC 2014,90.8484,0.36,28.9562,1.7853,0,3,,
Thu Feb 20 15:01:58 UTC 2014,87.73,0.36,29.7755,1.8046,0,3,,
Thu Feb 20 15:02:03 UTC 2014,87.73,0.36,29.7755,1.8046,0,3,,
Thu Feb 20 15:02:08 UTC 2014,87.73,0.36,29.7755,1.8046,0,3,,
Thu Feb 20 15:02:14 UTC 2014,83.3678,0.36,30.7214,1.8258,0,3,,
Thu Feb 20 15:02:19 UTC 2014,83.3678,0.36,30.7214,1.8258,0,3,,
Thu Feb 20 15:02:24 UTC 2014,83.7833,0.36,31.4986,1.8258,0,3,,
Thu Feb 20 15:02:29 UTC 2014,90.2192,0.36,31.6364,1.8258,0,3,,
Thu Feb 20 15:02:34 UTC 2014,89.914,0.36,31.4788,1.7462,0,3,,
Thu Feb 20 15:02:40 UTC 2014,90.767,0.36,31.9372,1.6796,0,3,,
Thu Feb 20 15:02:45 UTC 2014,90.767,0.36,31.9372,1.6796,0,3,,
Thu Feb 20 15:02:51 UTC 2014,90.767,0.36,31.9372,1.6796,0,3,,
Thu Feb 20 15:02:56 UTC 2014,90.767,0.36,31.9372,1.6796,0,3,,
Thu Feb 20 15:03:02 UTC 2014,90.767,0.36,31.9372,1.6796,0,3,,
Thu Feb 20 15:03:07 UTC 2014,90.1794,0.36,31.7098,1.7806,0,3,,
Thu Feb 20 15:03:13 UTC 2014,90.1794,0.36,31.7098,1.7806,0,3,,
Thu Feb 20 15:03:19 UTC 2014,90.1794,0.36,31.7098,1.7806,0,3,,
Thu Feb 20 15:03:24 UTC 2014,83.0002,0.36,31.4848,1.7806,0,3,,
Thu Feb 20 15:03:29 UTC 2014,83.0002,0.36,31.4848,1.7806,0,3,,
Thu Feb 20 15:03:35 UTC 2014,79.0944,0.36,31.5249,1.9,0,3,,
Thu Feb 20 15:03:40 UTC 2014,79.0944,0.36,31.5249,1.9,0,3,,
Thu Feb 20 15:03:45 UTC 2014,84.4624,0.36,31.0041,1.9,0,3,,
Thu Feb 20 15:03:50 UTC 2014,84.4624,0.36,31.0041,1.9,0,3,,
Thu Feb 20 15:03:55 UTC 2014,84.4624,0.36,31.0041,1.9,0,3,,
Thu Feb 20 15:04:01 UTC 2014,84.4624,0.36,31.0041,1.9,0,3,,
Thu Feb 20 15:04:06 UTC 2014,89.8522,0.36,31.795,1.8538,0,3,,
Thu Feb 20 15:04:12 UTC 2014,89.8522,0.36,31.795,1.8538,0,3,,
Thu Feb 20 15:04:17 UTC 2014,89.2516,0.36,32.1025,1.8538,0,3,,
Thu Feb 20 15:04:22 UTC 2014,89.2516,0.36,32.1025,1.8538,0,3,,
Thu Feb 20 15:04:28 UTC 2014,87.2194,0.36,31.2838,1.8538,0,3,,
Thu Feb 20 15:04:33 UTC 2014,87.2194,0.36,31.2838,1.8538,0,3,,
Thu Feb 20 15:04:39 UTC 2014,77.0665,0.36,31.5873,1.7667,0,3,,
Thu Feb 20 15:04:44 UTC 2014,76.5774,0.36,31.6979,1.7667,0,3,,
Thu Feb 20 15:04:49 UTC 2014,87.9522,0.36,31.4703,1.7667,0,3,,
Thu Feb 20 15:04:54 UTC 2014,87.9522,0.36,31.4703,1.7667,0,3,,
Thu Feb 20 15:04:59 UTC 2014,88.5287,0.36,31.5717,1.7667,0,3,,
Thu Feb 20 15:05:04 UTC 2014,80.3463,0.36,30.7099,1.7634,0,3,,
Thu Feb 20 15:05:10 UTC 2014,76.284,0.36,30.9003,1.7634,0,3,,
Thu Feb 20 15:05:15 UTC 2014,76.62,0.36,31.6131,1.7634,0,3,,
Thu Feb 20 15:05:20 UTC 2014,75.9823,0.36,31.4066,1.7634,0,3,,
Thu Feb 20 15:05:26 UTC 2014,75.9823,0.36,31.4066,1.7634,0,3,,
Thu Feb 20 15:05:31 UTC 2014,86.1601,0.36,30.766,1.7634,0,3,,
Thu Feb 20 15:05:37 UTC 2014,86.1601,0.36,30.766,1.7634,0,3,AppServer_scaleIn,AppServer
Thu Feb 20 15:05:48 UTC 2014,87.8037,0.36,32.5097,1.8151,0,3,AppServer_scaleIn,AppServer
Thu Feb 20 15:05:59 UTC 2014,85.3847,0.36,31.9916,1.8151,0,3,AppServer_scaleIn,AppServer
Thu Feb 20 15:06:11 UTC 2014,85.6688,0.36,31.7825,1.7271,0,3,AppServer_scaleIn,AppServer
Thu Feb 20 15:06:22 UTC 2014,85.4575,0.36,35.9705,1.7271,0,3,AppServer_scaleIn,AppServer
Thu Feb 20 15:06:34 UTC 2014,93.4357,0.36,39.4287,1.8271,0,3,AppServer_scaleIn,AppServer
Thu Feb 20 15:06:45 UTC 2014,93.4637,0.36,39.5408,1.8271,0,3,AppServer_scaleIn,AppServer
Thu Feb 20 15:06:56 UTC 2014,92.666,0.36,40.2675,1.8271,0,3,AppServer_scaleIn,AppServer
Thu Feb 20 15:07:07 UTC 2014,93.63,0.36,39.8612,1.8938,0,3,AppServer_scaleIn,AppServer
Thu Feb 20 15:07:19 UTC 2014,93.8534,0.36,44.4566,1.3774,0,3,AppServer_scaleIn,AppServer
Thu Feb 20 15:07:31 UTC 2014,94.4,0.36,44.0975,1.3774,0,3,AppServer_scaleIn,AppServer
Thu Feb 20 15:07:43 UTC 2014,94.4,0.36,44.0975,1.3774,0,3,AppServer_scaleIn,AppServer
Thu Feb 20 15:07:54 UTC 2014,94.4056,0.36,42.589,0.9688,0,3,AppServer_scaleIn,AppServer
Thu Feb 20 15:08:06 UTC 2014,93.8025,0.36,40.5552,0.9688,0,3,AppServer_scaleIn,AppServer
Thu Feb 20 15:08:18 UTC 2014,93.8025,0.36,40.5552,0.9688,0,3,,
Thu Feb 20 15:08:26 UTC 2014,94.006,0.24,42.0316,1.0667,0,2,,
Thu Feb 20 15:08:32 UTC 2014,94.006,0.24,42.0316,1.0667,0,2,,
Thu Feb 20 15:08:38 UTC 2014,92.0033,0.24,41.7871,1.0828,0,2,,
Thu Feb 20 15:08:43 UTC 2014,92.0033,0.24,41.7871,1.0828,0,2,,
Thu Feb 20 15:08:48 UTC 2014,91.7342,0.24,41.554,1.1411,0,2,,
Thu Feb 20 15:08:55 UTC 2014,91.7342,0.24,41.554,1.1411,0,2,,
Thu Feb 20 15:09:00 UTC 2014,91.7342,0.24,41.554,1.1411,0,2,,
Thu Feb 20 15:09:05 UTC 2014,90.7398,0.24,38.4733,1.1411,0,2,,
Thu Feb 20 15:09:10 UTC 2014,90.7398,0.24,38.4733,1.1411,0,2,,
Thu Feb 20 15:09:16 UTC 2014,93.2764,0.24,36.5009,1.3121,0,2,,
Thu Feb 20 15:09:21 UTC 2014,93.2764,0.24,36.5009,1.3121,0,2,,
Thu Feb 20 15:09:26 UTC 2014,92.7606,0.24,36.6945,1.3121,0,2,,
Thu Feb 20 15:09:31 UTC 2014,92.7606,0.24,36.6945,1.3121,0,2,,
Thu Feb 20 15:09:36 UTC 2014,93.4559,0.24,37.1242,1.1788,0,2,,
Thu Feb 20 15:09:42 UTC 2014,93.4559,0.24,37.1242,1.1788,0,2,,
Thu Feb 20 15:09:47 UTC 2014,94.4056,0.24,39.0078,1.3,0,2,,
Thu Feb 20 15:09:52 UTC 2014,94.4056,0.24,39.0078,1.3,0,2,,
Thu Feb 20 15:09:57 UTC 2014,94.4056,0.24,39.0078,1.3,0,2,,
Thu Feb 20 15:10:03 UTC 2014,92.75,0.24,40.127,1.3,0,2,,
Thu Feb 20 15:10:08 UTC 2014,92.75,0.24,40.127,1.3,0,2,,
Thu Feb 20 15:10:14 UTC 2014,92.71,0.24,39.6327,1.3229,0,2,,
Thu Feb 20 15:10:19 UTC 2014,92.71,0.24,39.6327,1.3229,0,2,,
Thu Feb 20 15:10:24 UTC 2014,94.75,0.24,38.1959,1.1285,0,2,,
Thu Feb 20 15:10:30 UTC 2014,94.75,0.24,38.1959,1.1285,0,2,,
Thu Feb 20 15:10:35 UTC 2014,94.75,0.24,38.1959,1.1285,0,2,,
Thu Feb 20 15:10:41 UTC 2014,94.75,0.24,38.1959,1.1285,0,2,,
Thu Feb 20 15:10:46 UTC 2014,95.2494,0.24,36.6515,1.2389,0,2,,
Thu Feb 20 15:10:52 UTC 2014,95.2494,0.24,36.6515,1.2389,0,2,,
Thu Feb 20 15:10:57 UTC 2014,94.1942,0.24,36.1252,1.3917,0,2,,
Thu Feb 20 15:11:03 UTC 2014,94.1942,0.24,36.1252,1.3917,0,2,,
Thu Feb 20 15:11:08 UTC 2014,94.1942,0.24,36.1252,1.3917,0,2,,
Thu Feb 20 15:11:15 UTC 2014,94.4071,0.24,34.4812,1.3583,0,2,,
Thu Feb 20 15:11:20 UTC 2014,94.4071,0.24,34.4812,1.3583,0,2,,
Thu Feb 20 15:11:26 UTC 2014,94.4071,0.24,34.4812,1.3583,0,2,,
Thu Feb 20 15:11:31 UTC 2014,94.4071,0.24,34.4812,1.3583,0,2,,
Thu Feb 20 15:11:37 UTC 2014,94.4071,0.24,34.4812,1.3583,0,2,,
Thu Feb 20 15:11:43 UTC 2014,94.4071,0.24,34.4812,1.3583,0,2,,
Thu Feb 20 15:11:49 UTC 2014,93.5025,0.24,38.7301,1.0192,0,2,,
Thu Feb 20 15:11:54 UTC 2014,93.5025,0.24,38.7301,1.0192,0,2,,
Thu Feb 20 15:11:59 UTC 2014,93.062,0.24,39.3371,1.0396,0,2,,
Thu Feb 20 15:12:05 UTC 2014,93.062,0.24,39.3371,1.0396,0,2,,
Thu Feb 20 15:12:10 UTC 2014,93.062,0.24,39.3371,1.0396,0,2,,
Thu Feb 20 15:12:15 UTC 2014,94.3473,0.24,40.8284,1.1333,0,2,,
Thu Feb 20 15:12:21 UTC 2014,94.3473,0.24,40.8284,1.1333,0,2,CassandraNode_scaleOut,CassandraNode
Thu Feb 20 15:12:32 UTC 2014,92.4475,0.24,41.1659,0.9375,0,2,CassandraNode_scaleOut,CassandraNode
Thu Feb 20 15:12:43 UTC 2014,94.0966,0.24,38.0521,1.1042,0,2,CassandraNode_scaleOut,CassandraNode
Thu Feb 20 15:12:55 UTC 2014,92.7539,0.24,39.4603,1.2473,0,2,CassandraNode_scaleOut,CassandraNode
Thu Feb 20 15:13:06 UTC 2014,91.9162,0.24,38.867,1.2473,0,2,,
Thu Feb 20 15:13:15 UTC 2014,91.5018,0.24,38.373,1.1613,0,2,,
Thu Feb 20 15:13:21 UTC 2014,91.5018,0.24,38.373,1.1613,0,2,,
Thu Feb 20 15:13:26 UTC 2014,92.4529,0.24,40.3554,1.1935,0,2,,
Thu Feb 20 15:13:31 UTC 2014,92.4529,0.24,40.3554,1.1935,0,2,,
Thu Feb 20 15:13:36 UTC 2014,93.1637,0.24,40.0542,1.1935,0,2,,
Thu Feb 20 15:13:42 UTC 2014,93.1637,0.24,40.0542,1.1935,0,2,,
Thu Feb 20 15:13:47 UTC 2014,93.1637,0.24,40.0542,1.1935,0,2,,
Thu Feb 20 15:13:52 UTC 2014,93.466,0.24,37.5235,1.2379,0,2,,
Thu Feb 20 15:13:58 UTC 2014,92.5649,0.24,37.2755,1.2188,0,2,,
Thu Feb 20 15:14:03 UTC 2014,92.5649,0.24,37.2755,1.2188,0,2,,
Thu Feb 20 15:14:08 UTC 2014,93.8561,0.24,38.8194,1.2188,0,2,,
Thu Feb 20 15:14:13 UTC 2014,93.8561,0.24,38.8194,1.2188,0,2,,
Thu Feb 20 15:14:18 UTC 2014,93.5962,0.24,38.7594,1.2604,0,2,,
Thu Feb 20 15:14:24 UTC 2014,93.5962,0.24,38.7594,1.2604,0,2,,
Thu Feb 20 15:14:29 UTC 2014,91.8449,0.24,38.1182,1.3,0,2,,
Thu Feb 20 15:14:34 UTC 2014,91.8449,0.24,38.1182,1.3,0,2,,
Thu Feb 20 15:14:39 UTC 2014,91.8449,0.24,38.1182,1.3,0,2,,
Thu Feb 20 15:14:44 UTC 2014,93.8561,0.24,37.8468,1.3,0,2,,
Thu Feb 20 15:14:50 UTC 2014,93.8561,0.24,37.8468,1.3,0,2,,
Thu Feb 20 15:14:55 UTC 2014,91.7956,0.24,39.2015,1.3667,0,2,,
Thu Feb 20 15:15:01 UTC 2014,91.7956,0.24,39.2015,1.3667,0,2,,
Thu Feb 20 15:15:06 UTC 2014,91.8528,0.24,39.3346,1.3271,0,2,,
Thu Feb 20 15:15:11 UTC 2014,91.8528,0.24,39.3346,1.3271,0,2,,
Thu Feb 20 15:15:16 UTC 2014,91.8528,0.24,39.3346,1.3271,0,2,,
Thu Feb 20 15:15:22 UTC 2014,91.8528,0.24,39.3346,1.3271,0,2,,
Thu Feb 20 15:15:27 UTC 2014,91.8528,0.24,39.3346,1.3271,0,2,,
Thu Feb 20 15:15:33 UTC 2014,93.1097,0.24,34.1351,1.3347,0,2,,
Thu Feb 20 15:15:39 UTC 2014,93.1097,0.24,34.1351,1.3347,0,2,,
Thu Feb 20 15:15:44 UTC 2014,93.1097,0.24,34.1351,1.3347,0,2,,
Thu Feb 20 15:15:50 UTC 2014,93.1097,0.24,34.1351,1.3347,0,2,,
Thu Feb 20 15:15:55 UTC 2014,93.7674,0.24,34.733,1.3226,0,2,,
Thu Feb 20 15:16:00 UTC 2014,93.7674,0.24,34.733,1.3226,0,2,,
Thu Feb 20 15:16:06 UTC 2014,93.7674,0.24,34.733,1.3226,0,2,,
Thu Feb 20 15:16:11 UTC 2014,92.9627,0.24,36.145,1.3226,0,2,,
Thu Feb 20 15:16:16 UTC 2014,92.9627,0.24,36.145,1.3226,0,2,,
Thu Feb 20 15:16:22 UTC 2014,92.9627,0.24,36.145,1.3226,0,2,,
Thu Feb 20 15:16:28 UTC 2014,93.95,0.24,38.1795,1.4097,0,2,,
Thu Feb 20 15:16:33 UTC 2014,93.95,0.24,38.1795,1.4097,0,2,,
Thu Feb 20 15:16:38 UTC 2014,93.1,0.24,40.1792,1.3333,0,2,,
Thu Feb 20 15:16:44 UTC 2014,93.1,0.24,40.1792,1.3333,0,2,,
Thu Feb 20 15:16:49 UTC 2014,92.1126,0.24,40.7435,1.2,0,2,,
Thu Feb 20 15:16:54 UTC 2014,92.1126,0.24,40.7435,1.2,0,2,,
Thu Feb 20 15:17:00 UTC 2014,92.1126,0.24,40.7435,1.2,0,2,,
Thu Feb 20 15:17:06 UTC 2014,89.3,0.24,40.9139,1.2,0,2,,
Thu Feb 20 15:17:11 UTC 2014,89.3,0.24,40.9139,1.2,0,2,,
Thu Feb 20 15:17:16 UTC 2014,89.3,0.24,40.9139,1.2,0,2,,
Thu Feb 20 15:17:22 UTC 2014,89.3,0.24,40.9139,1.2,0,2,,
Thu Feb 20 15:17:28 UTC 2014,89.3,0.24,40.9139,1.2,0,2,,
Thu Feb 20 15:17:33 UTC 2014,92.9102,0.24,38.5939,1.2121,0,2,,
Thu Feb 20 15:17:39 UTC 2014,92.9102,0.24,38.5939,1.2121,0,2,,
Thu Feb 20 15:17:44 UTC 2014,92.9102,0.24,38.5939,1.2121,0,2,,
Thu Feb 20 15:17:50 UTC 2014,92.9102,0.24,38.5939,1.2121,0,2,,
Thu Feb 20 15:17:56 UTC 2014,92.9102,0.24,38.5939,1.2121,0,2,,
Thu Feb 20 15:18:01 UTC 2014,92.9102,0.24,38.5939,1.2121,0,2,,
Thu Feb 20 15:18:06 UTC 2014,92.7722,0.24,38.2723,1.125,0,2,,
Thu Feb 20 15:18:12 UTC 2014,92.7722,0.24,38.2723,1.125,0,2,,
Thu Feb 20 15:18:17 UTC 2014,92.7722,0.24,38.2723,1.125,0,2,,
Thu Feb 20 15:18:23 UTC 2014,92.7722,0.24,38.2723,1.125,0,2,,
Thu Feb 20 15:18:29 UTC 2014,92.7722,0.24,38.2723,1.125,0,2,,
Thu Feb 20 15:18:35 UTC 2014,91.8081,0.24,36.2464,1.3962,0,2,,
Thu Feb 20 15:18:41 UTC 2014,91.8081,0.24,36.2464,1.3962,0,2,,
Thu Feb 20 15:18:46 UTC 2014,91.8081,0.24,36.2464,1.3962,0,2,,
Thu Feb 20 15:18:52 UTC 2014,91.8081,0.24,36.2464,1.3962,0,2,,
Thu Feb 20 15:18:57 UTC 2014,91.8081,0.24,36.2464,1.3962,0,2,,
Thu Feb 20 15:19:02 UTC 2014,91.8081,0.24,36.2464,1.3962,0,2,,
Thu Feb 20 15:19:08 UTC 2014,91.8081,0.24,36.2464,1.3962,0,2,,
Thu Feb 20 15:19:14 UTC 2014,93.7136,0.24,31.645,1.4839,0,2,,
Thu Feb 20 15:19:19 UTC 2014,93.7136,0.24,31.645,1.4839,0,2,,
Thu Feb 20 15:19:25 UTC 2014,93.7136,0.24,31.645,1.4839,0,2,,
Thu Feb 20 15:19:30 UTC 2014,93.7136,0.24,31.645,1.4839,0,2,,
Thu Feb 20 15:19:36 UTC 2014,93.7136,0.24,31.645,1.4839,0,2,,
Thu Feb 20 15:19:41 UTC 2014,93.7136,0.24,31.645,1.4839,0,2,,
Thu Feb 20 15:19:47 UTC 2014,93.7136,0.24,31.645,1.4839,0,2,,
Thu Feb 20 15:19:52 UTC 2014,94.3533,0.24,37.6765,1.3452,0,2,,
Thu Feb 20 15:19:58 UTC 2014,94.3533,0.24,37.6765,1.3452,0,2,,
Thu Feb 20 15:20:04 UTC 2014,94.3533,0.24,37.6765,1.3452,0,2,,
Thu Feb 20 15:20:09 UTC 2014,94.3533,0.24,37.6765,1.3452,0,2,AppServer_scaleIn,AppServer
Thu Feb 20 15:20:21 UTC 2014,94.7528,0.24,34.9497,1.25,0,2,AppServer_scaleIn,AppServer
Thu Feb 20 15:20:32 UTC 2014,94.7528,0.24,34.9497,1.25,0,2,AppServer_scaleIn,AppServer
Thu Feb 20 15:20:44 UTC 2014,94.5554,0.24,33.4115,1.25,0,2,AppServer_scaleIn,AppServer
Thu Feb 20 15:20:55 UTC 2014,94.5554,0.24,33.4115,1.3357,0,2,AppServer_scaleIn,AppServer
Thu Feb 20 15:21:07 UTC 2014,94.552,0.24,34.5729,1.3357,0,2,AppServer_scaleIn,AppServer
Thu Feb 20 15:21:18 UTC 2014,95.202,0.24,40.1798,1.125,0,2,AppServer_scaleIn,AppServer
Thu Feb 20 15:21:30 UTC 2014,95.202,0.24,40.1798,1.125,0,2,AppServer_scaleIn,AppServer
Thu Feb 20 15:21:42 UTC 2014,96.252,0.24,44.5822,1.125,0,2,AppServer_scaleIn,AppServer
Thu Feb 20 15:21:53 UTC 2014,96.0059,0.24,45.749,1.2812,0,2,AppServer_scaleIn,AppServer
Thu Feb 20 15:22:05 UTC 2014,96.0059,0.24,45.749,1.2812,0,2,AppServer_scaleIn,AppServer
Thu Feb 20 15:22:16 UTC 2014,96.7,0.24,60.686,0.7667,0,2,AppServer_scaleIn,AppServer
Thu Feb 20 15:22:28 UTC 2014,95.3908,0.24,62.3594,0.7667,0,2,AppServer_scaleIn,AppServer
Thu Feb 20 15:22:40 UTC 2014,95.3908,0.24,62.0724,0.7667,0,2,AppServer_scaleIn,AppServer
Thu Feb 20 15:22:53 UTC 2014,95.8084,0.24,62.0724,0.7667,0,2,AppServer_scaleIn,AppServer
Thu Feb 20 15:23:04 UTC 2014,95.8084,0.12,61.3333,0.7667,0,1,,
Thu Feb 20 15:23:10 UTC 2014,95.8084,0.12,61.3333,0.7667,0,1,,
Thu Feb 20 15:23:17 UTC 2014,95.8084,0.12,61.3333,0.7667,0,1,,
Thu Feb 20 15:23:22 UTC 2014,95.8084,0.12,61.3333,0.7667,0,1,,
Thu Feb 20 15:23:28 UTC 2014,95.8084,0.12,54.665,0.6389,0,1,,
Thu Feb 20 15:23:33 UTC 2014,95.8084,0.12,54.665,0.6389,0,1,,
Thu Feb 20 15:23:39 UTC 2014,95.8084,0.12,54.665,0.6389,0,1,,
Thu Feb 20 15:23:45 UTC 2014,95.8084,0.12,54.665,0.6389,0,1,,
Thu Feb 20 15:23:50 UTC 2014,95.8084,0.12,54.665,0.6389,0,1,,
Thu Feb 20 15:23:56 UTC 2014,95.8084,0.12,54.665,0.6389,0,1,,
Thu Feb 20 15:24:02 UTC 2014,94.8052,0.12,55.4786,0.9375,0,1,,
Thu Feb 20 15:24:07 UTC 2014,94.8052,0.12,55.4786,0.9375,0,1,,
Thu Feb 20 15:24:13 UTC 2014,94.8052,0.12,55.4786,0.9375,0,1,,
Thu Feb 20 15:24:18 UTC 2014,94.8052,0.12,55.4786,0.9375,0,1,,
Thu Feb 20 15:24:24 UTC 2014,94.8052,0.12,55.4786,0.9375,0,1,,
Thu Feb 20 15:24:29 UTC 2014,94.8052,0.12,55.4786,0.9375,0,1,,
Thu Feb 20 15:24:35 UTC 2014,94.8052,0.12,55.4786,0.9375,0,1,,
Thu Feb 20 15:24:40 UTC 2014,93.8062,0.12,54.6176,0.8,0,1,,
Thu Feb 20 15:24:46 UTC 2014,93.8062,0.12,54.6176,0.8,0,1,,
Thu Feb 20 15:24:52 UTC 2014,93.8062,0.12,54.6176,0.8,0,1,,
Thu Feb 20 15:24:58 UTC 2014,93.8062,0.12,54.6176,0.8,0,1,,
Thu Feb 20 15:25:04 UTC 2014,93.8062,0.12,54.6176,0.8,0,1,,
Thu Feb 20 15:25:09 UTC 2014,94.8898,0.12,52.6182,0.8667,0,1,,
Thu Feb 20 15:25:14 UTC 2014,94.8898,0.12,52.6182,0.8667,0,1,,
Thu Feb 20 15:25:20 UTC 2014,94.8898,0.12,52.6182,0.8667,0,1,,
Thu Feb 20 15:25:25 UTC 2014,94.8898,0.12,52.6182,0.8667,0,1,,
Thu Feb 20 15:25:31 UTC 2014,94.8898,0.12,52.6182,0.8667,0,1,,
Thu Feb 20 15:25:37 UTC 2014,94.8898,0.12,52.6182,0.8667,0,1,,
Thu Feb 20 15:25:42 UTC 2014,95.5045,0.12,48.1371,0.9,0,1,,
Thu Feb 20 15:25:48 UTC 2014,95.5045,0.12,48.1371,0.9,0,1,,
Thu Feb 20 15:25:54 UTC 2014,95.5045,0.12,48.1371,0.9,0,1,,
Thu Feb 20 15:25:59 UTC 2014,95.5045,0.12,48.1371,0.9,0,1,,
Thu Feb 20 15:26:05 UTC 2014,95.5045,0.12,48.1371,0.9,0,1,,
Thu Feb 20 15:26:10 UTC 2014,96.9093,0.12,45.3933,0.7188,0,1,,
Thu Feb 20 15:26:16 UTC 2014,96.9093,0.12,45.3933,0.7188,0,1,,
Thu Feb 20 15:26:22 UTC 2014,96.9093,0.12,45.3933,0.7188,0,1,CassandraNode_scaleOut,CassandraNode
Thu Feb 20 15:26:33 UTC 2014,95.4046,0.12,48.3898,0.7667,0,1,CassandraNode_scaleOut,CassandraNode
Thu Feb 20 15:26:45 UTC 2014,95.4046,0.12,51.1365,0.7667,0,1,CassandraNode_scaleOut,CassandraNode
Thu Feb 20 15:26:57 UTC 2014,94.012,0.12,51.1365,0.7667,0,1,CassandraNode_scaleOut,CassandraNode
Thu Feb 20 15:27:09 UTC 2014,95.6871,0.12,49.6093,0.6562,0,1,CassandraNode_scaleOut,CassandraNode
Thu Feb 20 15:27:20 UTC 2014,95.6871,0.12,49.7302,0.6562,0,1,,
Thu Feb 20 15:27:30 UTC 2014,95.9041,0.12,49.7302,0.6562,0,1,,
Thu Feb 20 15:27:35 UTC 2014,95.4046,0.12,49.063,0.8125,0,1,,
Thu Feb 20 15:27:41 UTC 2014,95.4046,0.12,49.063,0.8125,0,1,,
Thu Feb 20 15:27:47 UTC 2014,95.4046,0.12,49.063,0.8125,0,1,,
Thu Feb 20 15:27:52 UTC 2014,95.4046,0.12,49.063,0.8125,0,1,,
Thu Feb 20 15:27:58 UTC 2014,95.4046,0.12,49.063,0.8125,0,1,,
Thu Feb 20 15:28:04 UTC 2014,95.6044,0.12,41.7034,0.9688,0,1,,
Thu Feb 20 15:28:09 UTC 2014,95.6044,0.12,41.7034,0.9688,0,1,,
Thu Feb 20 15:28:15 UTC 2014,95.6044,0.12,41.7034,0.9688,0,1,,
Thu Feb 20 15:28:21 UTC 2014,95.6044,0.12,41.7034,0.9688,0,1,,
Thu Feb 20 15:28:27 UTC 2014,95.6044,0.12,41.7034,0.9688,0,1,,
Thu Feb 20 15:28:33 UTC 2014,95.6044,0.12,41.7034,0.9688,0,1,,
Thu Feb 20 15:28:38 UTC 2014,95.6044,0.12,41.7034,0.9688,0,1,,
Thu Feb 20 15:28:44 UTC 2014,95.6044,0.12,41.7034,0.9688,0,1,,
Thu Feb 20 15:28:49 UTC 2014,97.2056,0.12,44.4824,0.8125,0,1,,
Thu Feb 20 15:28:55 UTC 2014,97.2056,0.12,44.4824,0.8125,0,1,,
Thu Feb 20 15:29:00 UTC 2014,97.2056,0.12,44.4824,0.8125,0,1,,
Thu Feb 20 15:29:06 UTC 2014,97.2056,0.12,44.4824,0.8125,0,1,,
Thu Feb 20 15:29:12 UTC 2014,96.004,0.12,46.2059,0.7742,0,1,,
Thu Feb 20 15:29:18 UTC 2014,96.004,0.12,46.2059,0.7742,0,1,,
Thu Feb 20 15:29:24 UTC 2014,96.004,0.12,46.2059,0.7742,0,1,,
Thu Feb 20 15:29:29 UTC 2014,96.004,0.12,46.2059,0.7742,0,1,,
Thu Feb 20 15:29:35 UTC 2014,96.004,0.12,46.2059,0.7742,0,1,,
Thu Feb 20 15:29:40 UTC 2014,96.004,0.12,46.2059,0.7742,0,1,,
Thu Feb 20 15:29:46 UTC 2014,96.004,0.12,46.2059,0.7742,0,1,,
Thu Feb 20 15:29:51 UTC 2014,96.4,0.12,48.3389,0.6667,0,1,,
Thu Feb 20 15:29:57 UTC 2014,96.4,0.12,48.3389,0.6667,0,1,,
Thu Feb 20 15:30:03 UTC 2014,96.4,0.12,48.3389,0.6667,0,1,,
Thu Feb 20 15:30:08 UTC 2014,96.4,0.12,48.3389,0.6667,0,1,,
Thu Feb 20 15:30:13 UTC 2014,95.9041,0.12,51.4355,0.8788,0,1,,
Thu Feb 20 15:30:19 UTC 2014,95.9041,0.12,51.4355,0.8788,0,1,,
Thu Feb 20 15:30:25 UTC 2014,95.9041,0.12,51.4355,0.8788,0,1,,
Thu Feb 20 15:30:31 UTC 2014,95.005,0.12,58.2573,0.8788,0,1,,
Thu Feb 20 15:30:37 UTC 2014,93.6064,0.12,60.979,0.6,0,1,,
Thu Feb 20 15:30:42 UTC 2014,93.6064,0.12,60.979,0.6,0,1,,
Thu Feb 20 15:30:48 UTC 2014,93.6064,0.12,60.979,0.6,0,1,,
Thu Feb 20 15:30:53 UTC 2014,93.6064,0.12,60.979,0.6,0,1,,
Thu Feb 20 15:30:59 UTC 2014,95.4,0.12,60.5251,0.6,0,1,,
Thu Feb 20 15:31:04 UTC 2014,95.4,0.12,60.5251,0.6,0,1,,
Thu Feb 20 15:31:09 UTC 2014,95,0.12,58.2261,0.9,0,1,,
Thu Feb 20 15:31:14 UTC 2014,95,0.12,58.2261,0.9,0,1,,
Thu Feb 20 15:31:20 UTC 2014,95,0.12,58.2261,0.9,0,1,,
Thu Feb 20 15:31:26 UTC 2014,95,0.12,58.2261,0.9,0,1,,
Thu Feb 20 15:31:31 UTC 2014,95,0.12,58.2261,0.9,0,1,,
Thu Feb 20 15:31:37 UTC 2014,95,0.12,58.2261,0.9,0,1,,
Thu Feb 20 15:31:42 UTC 2014,95,0.12,58.2261,0.9,0,1,,
Thu Feb 20 15:31:48 UTC 2014,94.5946,0.12,59.0172,0.5806,0,1,,
Thu Feb 20 15:31:54 UTC 2014,94.5946,0.12,59.0172,0.5806,0,1,,
Thu Feb 20 15:31:59 UTC 2014,94.5946,0.12,59.0172,0.5806,0,1,,
Thu Feb 20 15:32:05 UTC 2014,94.5946,0.12,59.0172,0.5806,0,1,,
Thu Feb 20 15:32:10 UTC 2014,94.5946,0.12,59.0172,0.5806,0,1,,
Thu Feb 20 15:32:16 UTC 2014,94.5946,0.12,59.0172,0.5806,0,1,,
Thu Feb 20 15:32:21 UTC 2014,93.8939,0.12,58.6647,0.8667,0,1,,
Thu Feb 20 15:32:27 UTC 2014,93.8939,0.12,58.6647,0.8667,0,1,,
Thu Feb 20 15:32:33 UTC 2014,93.8939,0.12,58.6647,0.8667,0,1,,
Thu Feb 20 15:32:38 UTC 2014,91.5423,0.12,58.7002,0.7,0,1,,
Thu Feb 20 15:32:44 UTC 2014,91.5423,0.12,58.7002,0.7,0,1,,
Thu Feb 20 15:32:49 UTC 2014,91.5423,0.12,58.7002,0.7,0,1,,
Thu Feb 20 15:32:55 UTC 2014,91.5423,0.12,58.7002,0.7,0,1,,
Thu Feb 20 15:33:00 UTC 2014,91.5423,0.12,58.7002,0.7,0,1,,
Thu Feb 20 15:33:06 UTC 2014,70.7661,0.12,59.3161,0.7,0,1,,
Thu Feb 20 15:33:11 UTC 2014,70.7661,0.12,59.3161,0.7,0,1,,
Thu Feb 20 15:33:17 UTC 2014,70.7661,0.12,59.3161,0.7,0,1,,
Thu Feb 20 15:33:22 UTC 2014,70.7661,0.12,59.3161,0.7,0,1,,
Thu Feb 20 15:33:28 UTC 2014,70.7661,0.12,59.3161,0.7,0,1,,
Thu Feb 20 15:33:34 UTC 2014,70.7661,0.12,59.3161,0.7,0,1,,
Thu Feb 20 15:33:40 UTC 2014,70.7661,0.12,59.3161,0.7,0,1,,
Thu Feb 20 15:33:45 UTC 2014,67.0051,0.12,57.2111,0.6333,0,1,,
Thu Feb 20 15:33:51 UTC 2014,67.0051,0.12,57.2111,0.6333,0,1,,
Thu Feb 20 15:33:56 UTC 2014,67.0051,0.12,57.2111,0.6333,0,1,,
Thu Feb 20 15:34:02 UTC 2014,67.0051,0.12,57.2111,0.6333,0,1,,
Thu Feb 20 15:34:08 UTC 2014,67.0051,0.12,57.2111,0.6333,0,1,,
Thu Feb 20 15:34:14 UTC 2014,67.0051,0.12,57.2111,0.6333,0,1,,
Thu Feb 20 15:34:19 UTC 2014,68.8956,0.12,53.356,0.871,0,1,,
Thu Feb 20 15:34:25 UTC 2014,68.8956,0.12,53.356,0.871,0,1,,
Thu Feb 20 15:34:30 UTC 2014,68.8956,0.12,53.356,0.871,0,1,,
Thu Feb 20 15:34:36 UTC 2014,68.8956,0.12,53.356,0.871,0,1,,
Thu Feb 20 15:34:41 UTC 2014,68.8956,0.12,53.356,0.871,0,1,,
Thu Feb 20 15:34:47 UTC 2014,93.0792,0.12,53.0376,0.8065,0,1,,
Thu Feb 20 15:34:53 UTC 2014,93.0792,0.12,53.0376,0.8065,0,1,,
Thu Feb 20 15:34:58 UTC 2014,93.0792,0.12,53.0376,0.8065,0,1,,
Thu Feb 20 15:35:04 UTC 2014,93.0792,0.12,53.0376,0.8065,0,1,,
Thu Feb 20 15:35:09 UTC 2014,93.0792,0.12,53.0376,0.8065,0,1,,
Thu Feb 20 15:35:15 UTC 2014,75.9878,0.12,52.9881,0.7333,0,1,,
Thu Feb 20 15:35:22 UTC 2014,75.9878,0.12,52.9881,0.7333,0,1,,
Thu Feb 20 15:35:27 UTC 2014,75.9878,0.12,52.9881,0.7333,0,1,,
Thu Feb 20 15:35:33 UTC 2014,75.9878,0.12,52.9881,0.7333,0,1,,
Thu Feb 20 15:35:38 UTC 2014,75.9878,0.12,52.9881,0.7333,0,1,,
Thu Feb 20 15:35:44 UTC 2014,75.9878,0.12,54.9633,0.7667,0,1,CassandraNode_scaleOut,CassandraNode
Thu Feb 20 15:35:55 UTC 2014,85.6287,0.12,54.9633,0.7667,0,1,CassandraNode_scaleOut,CassandraNode
Thu Feb 20 15:36:06 UTC 2014,77.4619,0.12,54.5398,0.7667,0,1,CassandraNode_scaleOut,CassandraNode
Thu Feb 20 15:36:18 UTC 2014,96.4179,0.12,53.7976,0.7667,0,1,CassandraNode_scaleOut,CassandraNode
Thu Feb 20 15:36:29 UTC 2014,96.4179,0.12,53.7976,0.7667,0,1,,
Thu Feb 20 15:36:40 UTC 2014,96.4965,0.12,54.0709,0.7667,0,1,,
Thu Feb 20 15:36:46 UTC 2014,96.4965,0.12,54.0709,0.7667,0,1,,
Thu Feb 20 15:36:51 UTC 2014,96.4965,0.12,54.0709,0.7667,0,1,,
Thu Feb 20 15:36:57 UTC 2014,96.4965,0.12,54.0709,0.7667,0,1,,
Thu Feb 20 15:37:02 UTC 2014,65.7948,0.12,55.0584,0.6667,0,1,,
Thu Feb 20 15:37:08 UTC 2014,65.7948,0.12,55.0584,0.6667,0,1,,
Thu Feb 20 15:37:15 UTC 2014,65.7948,0.12,55.0584,0.6667,0,1,,
Thu Feb 20 15:37:21 UTC 2014,65.7948,0.12,55.0584,0.6667,0,1,,
Thu Feb 20 15:37:26 UTC 2014,65.7948,0.12,55.0584,0.6667,0,1,,
Thu Feb 20 15:37:32 UTC 2014,65.7948,0.12,55.0584,0.6667,0,1,,
Thu Feb 20 15:37:37 UTC 2014,61.7021,0.12,53.8687,0.8333,0,1,,
Thu Feb 20 15:37:44 UTC 2014,61.7021,0.12,53.8687,0.8333,0,1,,
Thu Feb 20 15:37:49 UTC 2014,61.7021,0.12,53.8687,0.8333,0,1,,
Thu Feb 20 15:37:55 UTC 2014,61.7021,0.12,53.8687,0.8333,0,1,,
Thu Feb 20 15:38:01 UTC 2014,61.7021,0.12,53.8687,0.8333,0,1,,
Thu Feb 20 15:38:06 UTC 2014,61.7021,0.12,53.8687,0.8333,0,1,,
Thu Feb 20 15:38:12 UTC 2014,61.7021,0.12,53.8687,0.8333,0,1,,
Thu Feb 20 15:38:17 UTC 2014,83,0.12,55.6954,0.7667,0,1,,
Thu Feb 20 15:38:23 UTC 2014,83,0.12,55.6954,0.7667,0,1,CassandraNode_scaleOut,CassandraNode
Thu Feb 20 15:38:34 UTC 2014,83,0.12,55.6954,0.7667,0,1,CassandraNode_scaleOut,CassandraNode
Thu Feb 20 15:38:46 UTC 2014,47.5947,0.12,55.2659,0.7667,0,1,CassandraNode_scaleOut,CassandraNode
Thu Feb 20 15:38:57 UTC 2014,58.4089,0.12,54.6929,0.7,0,1,CassandraNode_scaleOut,CassandraNode
Thu Feb 20 15:39:09 UTC 2014,58.4089,0.12,54.6929,0.7,0,1,,
Thu Feb 20 15:39:16 UTC 2014,58.4089,0.12,54.6929,0.7,0,1,,
Thu Feb 20 15:39:22 UTC 2014,58.4089,0.12,54.6929,0.7,0,1,,
Thu Feb 20 15:39:28 UTC 2014,55.3408,0.12,54.0645,0.7667,0,1,,
Thu Feb 20 15:39:34 UTC 2014,55.3408,0.12,54.0645,0.7667,0,1,,
Thu Feb 20 15:39:40 UTC 2014,55.3408,0.12,54.0645,0.7667,0,1,,
Thu Feb 20 15:39:45 UTC 2014,55.3408,0.12,54.0645,0.7667,0,1,,
Thu Feb 20 15:39:51 UTC 2014,55.3408,0.12,54.0645,0.7667,0,1,,
Thu Feb 20 15:39:57 UTC 2014,55.3408,0.12,54.0645,0.7667,0,1,,
Thu Feb 20 15:40:02 UTC 2014,55.3408,0.12,54.0645,0.7667,0,1,,
Thu Feb 20 15:40:08 UTC 2014,63.664,0.12,55.1218,0.7742,0,1,,
Thu Feb 20 15:40:14 UTC 2014,63.664,0.12,55.1218,0.7742,0,1,,
Thu Feb 20 15:40:19 UTC 2014,63.664,0.12,55.1218,0.7742,0,1,,
Thu Feb 20 15:40:24 UTC 2014,42.551,0.12,55.1257,0.7,0,1,,
Thu Feb 20 15:40:30 UTC 2014,42.551,0.12,55.1257,0.7,0,1,,
Thu Feb 20 15:40:36 UTC 2014,42.551,0.12,55.1257,0.7,0,1,,
Thu Feb 20 15:40:41 UTC 2014,42.551,0.12,55.1257,0.7,0,1,,
Thu Feb 20 15:40:46 UTC 2014,68.5,0.12,55.1608,0.8333,0,1,,
Thu Feb 20 15:40:52 UTC 2014,68.5,0.12,55.1608,0.8333,0,1,,
Thu Feb 20 15:40:57 UTC 2014,68.5,0.12,55.1608,0.8333,0,1,,
Thu Feb 20 15:41:02 UTC 2014,96.2038,0.12,54.7206,0.8333,0,1,,
Thu Feb 20 15:41:07 UTC 2014,96.2038,0.12,54.7206,0.8333,0,1,,
Thu Feb 20 15:41:13 UTC 2014,96.2038,0.12,54.7206,0.8333,0,1,,
Thu Feb 20 15:41:18 UTC 2014,95.6044,0.12,54.7662,0.7667,0,1,,
Thu Feb 20 15:41:24 UTC 2014,95.6044,0.12,54.7662,0.7667,0,1,,
Thu Feb 20 15:41:30 UTC 2014,95.6044,0.12,54.7662,0.7667,0,1,,
Thu Feb 20 15:41:35 UTC 2014,95.6044,0.12,54.7662,0.7667,0,1,,
Thu Feb 20 15:41:40 UTC 2014,93.2068,0.12,53.8216,0.7667,0,1,,
Thu Feb 20 15:41:46 UTC 2014,93.2068,0.12,53.8216,0.7667,0,1,,
Thu Feb 20 15:41:51 UTC 2014,89.8594,0.12,53.837,0.8,0,1,,
Thu Feb 20 15:41:56 UTC 2014,89.8594,0.12,53.837,0.8,0,1,,
Thu Feb 20 15:42:01 UTC 2014,89.8594,0.12,53.837,0.8,0,1,,
Thu Feb 20 15:42:07 UTC 2014,89.8594,0.12,53.837,0.8,0,1,,
Thu Feb 20 15:42:12 UTC 2014,96.5105,0.12,52.6198,0.7742,0,1,,
Thu Feb 20 15:42:17 UTC 2014,96.5105,0.12,52.6198,0.7742,0,1,,
Thu Feb 20 15:42:22 UTC 2014,92.2156,0.12,55.9077,0.7742,0,1,,
Thu Feb 20 15:42:28 UTC 2014,92.2156,0.12,55.9077,0.7742,0,1,,
Thu Feb 20 15:42:33 UTC 2014,92.2156,0.12,55.9077,0.7742,0,1,,
Thu Feb 20 15:42:38 UTC 2014,92.2156,0.12,55.9077,0.7742,0,1,,
Thu Feb 20 15:42:44 UTC 2014,92.2156,0.12,55.9077,0.7742,0,1,,
Thu Feb 20 15:42:49 UTC 2014,76.5182,0.12,56.0128,0.6333,0,1,,
Thu Feb 20 15:42:54 UTC 2014,76.5182,0.12,56.0128,0.6333,0,1,,
Thu Feb 20 15:42:59 UTC 2014,80.2231,0.12,53.8026,0.6333,0,1,,
Thu Feb 20 15:43:04 UTC 2014,80.2231,0.12,53.8026,0.6333,0,1,,
Thu Feb 20 15:43:10 UTC 2014,80.9428,0.12,54.3686,0.6333,0,1,,
Thu Feb 20 15:43:15 UTC 2014,80.9428,0.12,54.3686,0.6333,0,1,,
Thu Feb 20 15:43:20 UTC 2014,80.9428,0.12,54.3686,0.6333,0,1,,
Thu Feb 20 15:43:25 UTC 2014,90.9543,0.12,55.0959,0.9,0,1,,
Thu Feb 20 15:43:30 UTC 2014,79.1374,0.12,53.416,0.9,0,1,,
Thu Feb 20 15:43:35 UTC 2014,79.1374,0.12,53.416,0.9,0,1,,
Thu Feb 20 15:43:41 UTC 2014,79.1374,0.12,53.416,0.9,0,1,,
Thu Feb 20 15:43:46 UTC 2014,96.2,0.12,52.5638,0.7742,0,1,,
Thu Feb 20 15:43:52 UTC 2014,77.2036,0.12,55.3969,0.7742,0,1,,
Thu Feb 20 15:43:57 UTC 2014,77.2036,0.12,55.3969,0.7742,0,1,,
Thu Feb 20 15:44:02 UTC 2014,77.2036,0.12,55.3969,0.7742,0,1,,
Thu Feb 20 15:44:07 UTC 2014,77.2036,0.12,55.3969,0.7742,0,1,,
Thu Feb 20 15:44:12 UTC 2014,76.7984,0.12,55.8648,0.7742,0,1,,
Thu Feb 20 15:44:18 UTC 2014,86.2588,0.12,55.6392,0.7,0,1,,
Thu Feb 20 15:44:23 UTC 2014,86.2588,0.12,55.6392,0.7,0,1,,
Thu Feb 20 15:44:28 UTC 2014,85.2113,0.12,55.7445,0.7,0,1,,
Thu Feb 20 15:44:34 UTC 2014,85.2113,0.12,55.7445,0.7,0,1,,
Thu Feb 20 15:44:39 UTC 2014,85.2113,0.12,55.7445,0.7,0,1,,
Thu Feb 20 15:44:45 UTC 2014,85.2113,0.12,55.7445,0.7,0,1,,
Thu Feb 20 15:44:50 UTC 2014,95.1049,0.12,54.2963,0.8065,0,1,,
Thu Feb 20 15:44:56 UTC 2014,95.1049,0.12,54.2963,0.8065,0,1,,
Thu Feb 20 15:45:01 UTC 2014,95.1049,0.12,54.2963,0.8065,0,1,,
Thu Feb 20 15:45:07 UTC 2014,95.1049,0.12,54.2963,0.8065,0,1,,
Thu Feb 20 15:45:13 UTC 2014,95.1049,0.12,54.2963,0.8065,0,1,,
Thu Feb 20 15:45:18 UTC 2014,95.3,0.12,54.6876,0.8,0,1,,
Thu Feb 20 15:45:24 UTC 2014,95.3,0.12,54.6876,0.8,0,1,,
Thu Feb 20 15:45:29 UTC 2014,95.3,0.12,54.6876,0.8,0,1,,
Thu Feb 20 15:45:35 UTC 2014,93.4739,0.12,55.1105,0.8,0,1,,
Thu Feb 20 15:45:40 UTC 2014,93.4739,0.12,55.1105,0.8,0,1,,
Thu Feb 20 15:45:45 UTC 2014,93.4739,0.12,55.1105,0.8,0,1,,
Thu Feb 20 15:45:51 UTC 2014,93.4739,0.12,55.1105,0.8,0,1,,
Thu Feb 20 15:45:56 UTC 2014,93.4739,0.12,55.1105,0.8,0,1,,
Thu Feb 20 15:46:02 UTC 2014,93.4739,0.12,55.1105,0.8,0,1,,
Thu Feb 20 15:46:07 UTC 2014,93.4739,0.12,55.1105,0.8,0,1,,
Thu Feb 20 15:46:14 UTC 2014,96.2038,0.12,52.2829,0.7742,0,1,CassandraNode_scaleOut,CassandraNode
Thu Feb 20 15:46:25 UTC 2014,96.2038,0.12,52.2829,0.7742,0,1,CassandraNode_scaleOut,CassandraNode
Thu Feb 20 15:46:37 UTC 2014,96.9031,0.12,52.7787,0.7742,0,1,CassandraNode_scaleOut,CassandraNode
Thu Feb 20 15:46:48 UTC 2014,96.9031,0.12,52.7787,0.7742,0,1,CassandraNode_scaleOut,CassandraNode
Thu Feb 20 15:47:00 UTC 2014,96.9,0.12,49.0977,0.7812,0,1,CassandraNode_scaleOut,CassandraNode
Thu Feb 20 15:47:12 UTC 2014,96.9,0.12,49.0977,0.7812,0,1,,
Thu Feb 20 15:47:18 UTC 2014,96.9,0.12,49.0977,0.7812,0,1,,
Thu Feb 20 15:47:24 UTC 2014,96.9,0.12,49.0977,0.7812,0,1,,
Thu Feb 20 15:47:30 UTC 2014,96.4036,0.12,48.0016,0.7812,0,1,,
Thu Feb 20 15:47:35 UTC 2014,96.4036,0.12,48.0016,0.7812,0,1,,
Thu Feb 20 15:47:41 UTC 2014,96.4036,0.12,48.0016,0.7812,0,1,,
Thu Feb 20 15:47:46 UTC 2014,96.4036,0.12,48.0016,0.7812,0,1,,
Thu Feb 20 15:47:52 UTC 2014,96.4036,0.12,48.0016,0.7812,0,1,,
Thu Feb 20 15:47:57 UTC 2014,96.4036,0.12,48.0016,0.7812,0,1,,
Thu Feb 20 15:48:04 UTC 2014,96.4036,0.12,48.0016,0.7812,0,1,,
Thu Feb 20 15:48:10 UTC 2014,96.4036,0.12,48.0016,0.7812,0,1,,
Thu Feb 20 15:48:16 UTC 2014,96.4036,0.12,48.0016,0.7812,0,1,,
Thu Feb 20 15:48:21 UTC 2014,96.5,0.12,56.2604,0.7667,0,1,,
Thu Feb 20 15:48:27 UTC 2014,96.5,0.12,56.2604,0.7667,0,1,,
Thu Feb 20 15:48:32 UTC 2014,96.5,0.12,56.2604,0.7667,0,1,,
Thu Feb 20 15:48:37 UTC 2014,96.5,0.12,56.2604,0.7667,0,1,,
Thu Feb 20 15:48:44 UTC 2014,96.5,0.12,56.2604,0.7667,0,1,,
Thu Feb 20 15:48:49 UTC 2014,96.5,0.12,56.2604,0.7667,0,1,,
Thu Feb 20 15:48:55 UTC 2014,95.2,0.12,54.3606,0.6562,0,1,,
Thu Feb 20 15:49:00 UTC 2014,95.2,0.12,54.3606,0.6562,0,1,,
Thu Feb 20 15:49:06 UTC 2014,95.2,0.12,54.3606,0.6562,0,1,,
Thu Feb 20 15:49:12 UTC 2014,95.2,0.12,54.3606,0.6562,0,1,,
Thu Feb 20 15:49:17 UTC 2014,95.2,0.12,54.3606,0.6562,0,1,,
Thu Feb 20 15:49:23 UTC 2014,95.2,0.12,54.3606,0.6562,0,1,,
Thu Feb 20 15:49:28 UTC 2014,95.2,0.12,54.3606,0.6562,0,1,,
Thu Feb 20 15:49:34 UTC 2014,95.2,0.12,54.3606,0.6562,0,1,,
Thu Feb 20 15:49:40 UTC 2014,95.3047,0.12,57.1216,0.697,0,1,,
Thu Feb 20 15:49:45 UTC 2014,95.3047,0.12,57.1216,0.697,0,1,,
Thu Feb 20 15:49:51 UTC 2014,95.3047,0.12,57.1216,0.697,0,1,,
Thu Feb 20 15:49:57 UTC 2014,95.3047,0.12,57.1216,0.697,0,1,,
Thu Feb 20 15:50:02 UTC 2014,95.3047,0.12,57.1216,0.697,0,1,,
Thu Feb 20 15:50:08 UTC 2014,95.3047,0.12,57.1216,0.697,0,1,,
Thu Feb 20 15:50:14 UTC 2014,95.3047,0.12,57.1216,0.697,0,1,,
Thu Feb 20 15:50:19 UTC 2014,95.3047,0.12,57.1216,0.697,0,1,,
Thu Feb 20 15:50:25 UTC 2014,95.3047,0.12,57.1216,0.697,0,1,,
Thu Feb 20 15:50:30 UTC 2014,95.2,0.12,54.8531,0.9333,0,1,,
Thu Feb 20 15:50:37 UTC 2014,95.2,0.12,54.8531,0.9333,0,1,,
Thu Feb 20 15:50:42 UTC 2014,95.2,0.12,54.8531,0.9333,0,1,,
Thu Feb 20 15:50:47 UTC 2014,95.2,0.12,54.8531,0.9333,0,1,,
Thu Feb 20 15:50:54 UTC 2014,95.2,0.12,54.8531,0.9333,0,1,,
Thu Feb 20 15:50:59 UTC 2014,95.2,0.12,54.8531,0.9333,0,1,,
Thu Feb 20 15:51:05 UTC 2014,95.2,0.12,54.8531,0.9333,0,1,,
Thu Feb 20 15:51:10 UTC 2014,95.2,0.12,54.8531,0.9333,0,1,,
Thu Feb 20 15:51:16 UTC 2014,95.2,0.12,54.8531,0.9333,0,1,,
Thu Feb 20 15:51:22 UTC 2014,91.3914,0.12,58.4382,0.697,0,1,,
Thu Feb 20 15:51:28 UTC 2014,91.3914,0.12,58.4382,0.697,0,1,,
Thu Feb 20 15:51:33 UTC 2014,91.3914,0.12,58.4382,0.697,0,1,,
Thu Feb 20 15:51:39 UTC 2014,91.3914,0.12,58.4382,0.697,0,1,,
Thu Feb 20 15:51:44 UTC 2014,91.3914,0.12,58.4382,0.697,0,1,,
Thu Feb 20 15:51:50 UTC 2014,91.3914,0.12,58.4382,0.697,0,1,,
Thu Feb 20 15:51:56 UTC 2014,91.3914,0.12,58.4382,0.697,0,1,,
Thu Feb 20 15:52:01 UTC 2014,91.3914,0.12,58.4382,0.697,0,1,,
Thu Feb 20 15:52:07 UTC 2014,95.005,0.12,55.8771,0.9062,0,1,,
Thu Feb 20 15:52:12 UTC 2014,95.005,0.12,55.8771,0.9062,0,1,,
Thu Feb 20 15:52:18 UTC 2014,95.005,0.12,55.8771,0.9062,0,1,,
Thu Feb 20 15:52:24 UTC 2014,95.005,0.12,55.8771,0.9062,0,1,,
Thu Feb 20 15:52:29 UTC 2014,95.005,0.12,55.8771,0.9062,0,1,,
Thu Feb 20 15:52:35 UTC 2014,95.005,0.12,55.8771,0.9062,0,1,,
Thu Feb 20 15:52:40 UTC 2014,95.005,0.12,55.8771,0.9062,0,1,,
Thu Feb 20 15:52:46 UTC 2014,95.005,0.12,55.8771,0.9062,0,1,,
Thu Feb 20 15:52:51 UTC 2014,95.005,0.12,55.8771,0.9062,0,1,,
Thu Feb 20 15:52:57 UTC 2014,95.005,0.12,55.8771,0.9062,0,1,,
Thu Feb 20 15:53:03 UTC 2014,96,0.12,53.1982,0.8,0,1,,
Thu Feb 20 15:53:09 UTC 2014,96,0.12,53.1982,0.8,0,1,,
Thu Feb 20 15:53:15 UTC 2014,96,0.12,53.1982,0.8,0,1,,
Thu Feb 20 15:53:20 UTC 2014,96,0.12,53.1982,0.8,0,1,,
Thu Feb 20 15:53:26 UTC 2014,96,0.12,53.1982,0.8,0,1,,
Thu Feb 20 15:53:32 UTC 2014,96,0.12,53.1982,0.8,0,1,,
Thu Feb 20 15:53:37 UTC 2014,96,0.12,53.1982,0.8,0,1,,
Thu Feb 20 15:53:42 UTC 2014,96,0.12,53.1982,0.8,0,1,,
Thu Feb 20 15:53:48 UTC 2014,96,0.12,53.1982,0.8,0,1,,
Thu Feb 20 15:53:54 UTC 2014,96,0.12,53.1982,0.8,0,1,,
Thu Feb 20 15:54:00 UTC 2014,95.3,0.12,58.1011,0.8,0,1,,
Thu Feb 20 15:54:06 UTC 2014,95.3,0.12,58.1011,0.8,0,1,,
Thu Feb 20 15:54:11 UTC 2014,95.3,0.12,58.1011,0.8,0,1,,
Thu Feb 20 15:54:17 UTC 2014,95.3,0.12,58.1011,0.8,0,1,,
Thu Feb 20 15:54:23 UTC 2014,95.3,0.12,58.1011,0.8,0,1,,
Thu Feb 20 15:54:28 UTC 2014,95.3,0.12,58.1011,0.8,0,1,,
Thu Feb 20 15:54:34 UTC 2014,95.3,0.12,58.1011,0.8,0,1,,
Thu Feb 20 15:54:39 UTC 2014,95.3,0.12,58.1011,0.8,0,1,,
Thu Feb 20 15:54:45 UTC 2014,95.3,0.12,58.1011,0.8,0,1,,
Thu Feb 20 15:54:50 UTC 2014,95.4955,0.12,55.478,0.8667,0,1,,
Thu Feb 20 15:54:56 UTC 2014,95.4955,0.12,55.478,0.8667,0,1,,
Thu Feb 20 15:55:01 UTC 2014,95.4955,0.12,55.478,0.8667,0,1,,
Thu Feb 20 15:55:07 UTC 2014,95.4955,0.12,55.478,0.8667,0,1,,
Thu Feb 20 15:55:12 UTC 2014,95.4955,0.12,55.478,0.8667,0,1,,
Thu Feb 20 15:55:18 UTC 2014,95.4955,0.12,55.478,0.8667,0,1,,
Thu Feb 20 15:55:24 UTC 2014,95.4955,0.12,55.478,0.8667,0,1,,
Thu Feb 20 15:55:29 UTC 2014,96.0961,0.12,60.2958,0.7419,0,1,,
Thu Feb 20 15:55:36 UTC 2014,96.0961,0.12,60.2958,0.7419,0,1,,
Thu Feb 20 15:55:43 UTC 2014,96.0961,0.12,60.2958,0.7419,0,1,,
Thu Feb 20 15:55:49 UTC 2014,96.0961,0.12,60.2958,0.7419,0,1,,
Thu Feb 20 15:55:54 UTC 2014,96.0961,0.12,60.2958,0.7419,0,1,,
Thu Feb 20 15:56:00 UTC 2014,96.0961,0.12,60.2958,0.7419,0,1,,
Thu Feb 20 15:56:06 UTC 2014,96.0961,0.12,60.2958,0.7419,0,1,,
Thu Feb 20 15:56:11 UTC 2014,96.0961,0.12,60.2958,0.7419,0,1,,
Thu Feb 20 15:56:17 UTC 2014,96.0961,0.12,60.2958,0.7419,0,1,,
Thu Feb 20 15:56:22 UTC 2014,94.8,0.12,61.1075,0.8333,0,1,,
Thu Feb 20 15:56:28 UTC 2014,94.8,0.12,61.1075,0.8333,0,1,,
Thu Feb 20 15:56:34 UTC 2014,94.8,0.12,61.1075,0.8333,0,1,,
Thu Feb 20 15:56:39 UTC 2014,94.8,0.12,61.1075,0.8333,0,1,,
Thu Feb 20 15:56:45 UTC 2014,94.8,0.12,61.1075,0.8333,0,1,,
Thu Feb 20 15:56:50 UTC 2014,94.8,0.12,61.1075,0.8333,0,1,,
Thu Feb 20 15:56:56 UTC 2014,94.8,0.12,61.1075,0.8333,0,1,,
Thu Feb 20 15:57:02 UTC 2014,94.8,0.12,61.1075,0.8333,0,1,,
Thu Feb 20 15:57:08 UTC 2014,94,0.12,66.5541,0.8,0,1,,
Thu Feb 20 15:57:15 UTC 2014,94,0.12,66.5541,0.8,0,1,,
Thu Feb 20 15:57:21 UTC 2014,94,0.12,66.5541,0.8,0,1,,
Thu Feb 20 15:57:26 UTC 2014,94,0.12,66.5541,0.8,0,1,,
Thu Feb 20 15:57:32 UTC 2014,94,0.12,66.5541,0.8,0,1,,
Thu Feb 20 15:57:37 UTC 2014,94,0.12,66.5541,0.8,0,1,,
Thu Feb 20 15:57:43 UTC 2014,94,0.12,66.5541,0.8,0,1,,
Thu Feb 20 15:57:48 UTC 2014,94,0.12,66.5541,0.8,0,1,,
Thu Feb 20 15:57:55 UTC 2014,94.8052,0.12,63.8579,0.6562,0,1,,
Thu Feb 20 15:58:00 UTC 2014,94.8052,0.12,63.8579,0.6562,0,1,,
Thu Feb 20 15:58:05 UTC 2014,94.8052,0.12,63.8579,0.6562,0,1,,
Thu Feb 20 15:58:11 UTC 2014,94.8052,0.12,63.8579,0.6562,0,1,,
Thu Feb 20 15:58:16 UTC 2014,94.8052,0.12,63.8579,0.6562,0,1,,
Thu Feb 20 15:58:22 UTC 2014,94.8052,0.12,63.8579,0.6562,0,1,,
