Time ,memUsage ,cpuUsage ,cost ,requestThroughput ,numberOfVMs , ongoingAction, targetedNodeID
Thu Feb 20 13:23:55 UTC 2014,9.9741,33.5976,0.24,0.5667,2,,
Thu Feb 20 13:24:01 UTC 2014,9.9741,33.5976,0.24,-1,2,CassandraNode_scaleOut,CassandraNode
Thu Feb 20 13:24:11 UTC 2014,9.9681,33.5976,0.24,0.7,2,CassandraNode_scaleOut,CassandraNode
Thu Feb 20 13:24:19 UTC 2014,9.9681,31.7463,0.24,0.7,2,CassandraNode_scaleOut,CassandraNode
Thu Feb 20 13:24:29 UTC 2014,9.9681,25.7437,0.24,0.7,2,CassandraNode_scaleOut,CassandraNode
Thu Feb 20 13:24:40 UTC 2014,9.9741,32.2856,0.24,0.8333,2,CassandraNode_scaleOut,CassandraNode
Thu Feb 20 13:24:50 UTC 2014,9.9741,30.1295,0.24,0.8333,2,,
Thu Feb 20 13:24:56 UTC 2014,9.9741,30.1295,0.24,0.8333,2,,
Thu Feb 20 13:25:01 UTC 2014,9.9741,23.7903,0.24,0.8333,2,,
Thu Feb 20 13:25:07 UTC 2014,9.9681,23.7903,0.24,0.8333,2,,
Thu Feb 20 13:25:12 UTC 2014,9.9681,23.7903,0.24,0.8333,2,,
Thu Feb 20 13:25:18 UTC 2014,9.9681,17.3618,0.24,0.6333,2,,
Thu Feb 20 13:25:23 UTC 2014,9.9681,17.3618,0.24,0.6333,2,,
Thu Feb 20 13:25:29 UTC 2014,9.9681,19.2282,0.24,0.6333,2,,
Thu Feb 20 13:25:35 UTC 2014,9.9681,19.2282,0.24,0.6333,2,,
Thu Feb 20 13:25:40 UTC 2014,9.9741,19.7738,0.24,0.7,2,,
Thu Feb 20 13:25:46 UTC 2014,9.9741,19.7738,0.24,0.7,2,,
Thu Feb 20 13:25:51 UTC 2014,9.9741,20.0703,0.24,0.7,2,,
Thu Feb 20 13:25:56 UTC 2014,9.9741,20.0703,0.24,0.7,2,,
Thu Feb 20 13:26:02 UTC 2014,9.9741,20.0703,0.24,0.7,2,,
Thu Feb 20 13:26:07 UTC 2014,9.9681,17.8318,0.24,0.7,2,,
Thu Feb 20 13:26:13 UTC 2014,9.9681,18.2281,0.24,0.7,2,,
Thu Feb 20 13:26:19 UTC 2014,9.9681,18.2281,0.24,0.7,2,,
Thu Feb 20 13:26:25 UTC 2014,9.9681,18.2281,0.24,0.7,2,,
Thu Feb 20 13:26:30 UTC 2014,9.9681,18.2281,0.24,0.7,2,,
Thu Feb 20 13:26:35 UTC 2014,9.9681,23.4375,0.24,0.7,2,,
Thu Feb 20 13:26:41 UTC 2014,9.9741,14.7817,0.24,0.9,2,,
Thu Feb 20 13:26:46 UTC 2014,9.9741,14.7817,0.24,0.9,2,,
Thu Feb 20 13:26:51 UTC 2014,9.9741,14.7817,0.24,0.9,2,,
Thu Feb 20 13:26:57 UTC 2014,9.9741,23.5841,0.24,0.9,2,,
Thu Feb 20 13:27:02 UTC 2014,9.9741,19.1955,0.24,0.9,2,,
Thu Feb 20 13:27:08 UTC 2014,9.9741,19.1955,0.24,0.9,2,,
Thu Feb 20 13:27:13 UTC 2014,9.9741,19.1955,0.24,0.9,2,,
Thu Feb 20 13:27:18 UTC 2014,9.9741,24.2692,0.24,0.8,2,,
Thu Feb 20 13:27:24 UTC 2014,9.9741,24.2692,0.24,0.8,2,,
Thu Feb 20 13:27:29 UTC 2014,9.9681,24.1692,0.24,0.8,2,,
Thu Feb 20 13:27:35 UTC 2014,9.9741,25.5775,0.24,0.8,2,,
Thu Feb 20 13:27:40 UTC 2014,9.9741,25.5775,0.24,0.8,2,,
Thu Feb 20 13:27:46 UTC 2014,9.9741,24.4928,0.24,0.9333,2,,
Thu Feb 20 13:27:51 UTC 2014,9.9741,24.4928,0.24,0.9333,2,,
Thu Feb 20 13:27:57 UTC 2014,9.9741,26.2309,0.24,0.9333,2,,
Thu Feb 20 13:28:02 UTC 2014,9.9741,29.0839,0.24,0.9333,2,,
Thu Feb 20 13:28:08 UTC 2014,9.9741,29.0839,0.24,0.9333,2,,
Thu Feb 20 13:28:13 UTC 2014,9.9718,29.0111,0.24,0.8,2,,
Thu Feb 20 13:28:18 UTC 2014,9.9658,29.0111,0.24,0.8,2,,
Thu Feb 20 13:28:24 UTC 2014,9.9658,29.0111,0.24,0.8,2,,
Thu Feb 20 13:28:30 UTC 2014,9.9658,29.0111,0.24,0.8,2,,
Thu Feb 20 13:28:35 UTC 2014,9.9718,26.4972,0.24,0.7333,2,,
Thu Feb 20 13:28:40 UTC 2014,9.9718,26.4972,0.24,0.7333,2,,
Thu Feb 20 13:28:46 UTC 2014,9.9718,26.4972,0.24,0.7333,2,,
Thu Feb 20 13:28:51 UTC 2014,9.9718,27.2907,0.24,0.7333,2,,
Thu Feb 20 13:28:57 UTC 2014,9.9718,27.2907,0.24,0.7333,2,,
Thu Feb 20 13:29:02 UTC 2014,9.9718,27.3408,0.24,0.7333,2,,
Thu Feb 20 13:29:07 UTC 2014,9.9718,26.4786,0.24,0.7333,2,,
Thu Feb 20 13:29:13 UTC 2014,9.9718,26.4786,0.24,0.7333,2,,
Thu Feb 20 13:29:18 UTC 2014,9.9718,25.0245,0.24,0.7333,2,,
Thu Feb 20 13:29:24 UTC 2014,9.9658,25.0746,0.24,0.7333,2,,
Thu Feb 20 13:29:30 UTC 2014,9.9658,25.0746,0.24,0.7333,2,,
Thu Feb 20 13:29:35 UTC 2014,9.9658,19.6043,0.24,0.7333,2,,
Thu Feb 20 13:29:40 UTC 2014,9.9658,19.6043,0.24,0.7333,2,,
Thu Feb 20 13:29:45 UTC 2014,9.9658,22.9374,0.24,0.7667,2,,
Thu Feb 20 13:29:51 UTC 2014,9.9658,26.2,0.24,0.7667,2,,
Thu Feb 20 13:29:56 UTC 2014,9.9658,26.2,0.24,0.7667,2,,
Thu Feb 20 13:30:02 UTC 2014,9.9658,26.2,0.24,0.7667,2,,
Thu Feb 20 13:30:07 UTC 2014,9.9658,26.8395,0.24,0.7667,2,,
Thu Feb 20 13:30:13 UTC 2014,9.9658,26.8395,0.24,0.7667,2,,
Thu Feb 20 13:30:18 UTC 2014,9.9658,24.3529,0.24,0.8333,2,,
Thu Feb 20 13:30:24 UTC 2014,9.9658,24.3028,0.24,0.8333,2,,
Thu Feb 20 13:30:29 UTC 2014,9.9658,24.3028,0.24,0.8333,2,,
Thu Feb 20 13:30:34 UTC 2014,9.9658,23.6737,0.24,0.8333,2,,
Thu Feb 20 13:30:40 UTC 2014,9.9658,23.6737,0.24,0.8333,2,,
Thu Feb 20 13:30:45 UTC 2014,9.9658,22.832,0.24,0.7,2,,
Thu Feb 20 13:30:50 UTC 2014,9.9658,22.832,0.24,0.7,2,,
Thu Feb 20 13:30:56 UTC 2014,9.9658,24.7376,0.24,0.7,2,,
Thu Feb 20 13:31:01 UTC 2014,9.9658,24.3895,0.24,0.7,2,,
Thu Feb 20 13:31:06 UTC 2014,9.9658,24.3895,0.24,0.7,2,,
Thu Feb 20 13:31:12 UTC 2014,9.9658,22.4448,0.24,0.7333,2,,
Thu Feb 20 13:31:17 UTC 2014,9.9658,22.4448,0.24,0.7333,2,,
Thu Feb 20 13:31:23 UTC 2014,9.9658,22.4448,0.24,0.7333,2,,
Thu Feb 20 13:31:28 UTC 2014,9.9658,20.2395,0.24,0.7333,2,,
Thu Feb 20 13:31:34 UTC 2014,9.9658,20.2395,0.24,0.7333,2,,
Thu Feb 20 13:31:39 UTC 2014,9.9658,22.5309,0.24,0.8,2,,
Thu Feb 20 13:31:44 UTC 2014,9.9658,22.5309,0.24,0.8,2,,
Thu Feb 20 13:31:50 UTC 2014,9.9658,25.3086,0.24,0.8,2,,
Thu Feb 20 13:31:55 UTC 2014,9.9658,25.3086,0.24,0.8,2,,
Thu Feb 20 13:32:00 UTC 2014,9.9658,25.4085,0.24,0.8,2,,
Thu Feb 20 13:32:06 UTC 2014,9.9658,23.4404,0.24,0.8,2,,
Thu Feb 20 13:32:11 UTC 2014,9.9658,23.4404,0.24,0.8,2,,
Thu Feb 20 13:32:17 UTC 2014,9.9658,25.3959,0.24,0.7333,2,,
Thu Feb 20 13:32:22 UTC 2014,9.9658,25.3959,0.24,0.7333,2,,
Thu Feb 20 13:32:28 UTC 2014,9.9658,25.4458,0.24,0.7333,2,,
Thu Feb 20 13:32:33 UTC 2014,9.9658,25.1757,0.24,0.7333,2,,
Thu Feb 20 13:32:38 UTC 2014,9.9658,25.1757,0.24,0.7333,2,,
Thu Feb 20 13:32:44 UTC 2014,9.9658,25.5841,0.24,0.8667,2,,
Thu Feb 20 13:32:49 UTC 2014,9.9658,25.5841,0.24,0.8667,2,CassandraNode_scaleIn,CassandraNode
Thu Feb 20 13:33:00 UTC 2014,9.9658,25.4354,0.24,0.8667,2,CassandraNode_scaleIn,CassandraNode
Thu Feb 20 13:33:10 UTC 2014,9.9658,19.8779,0.24,0.8333,2,CassandraNode_scaleIn,CassandraNode
Thu Feb 20 13:33:21 UTC 2014,9.9658,19.8779,0.24,0.8333,2,CassandraNode_scaleIn,CassandraNode
Thu Feb 20 13:33:31 UTC 2014,9.9658,17.2733,0.24,0.8333,2,CassandraNode_scaleIn,CassandraNode
Thu Feb 20 13:33:42 UTC 2014,9.9658,16.3917,0.24,0.7667,2,CassandraNode_scaleIn,CassandraNode
Thu Feb 20 13:33:52 UTC 2014,9.9658,15.3417,0.24,0.7667,2,CassandraNode_scaleIn,CassandraNode
Thu Feb 20 13:34:02 UTC 2014,9.9658,15.3417,0.24,0.7667,2,CassandraNode_scaleIn,CassandraNode
Thu Feb 20 13:34:13 UTC 2014,9.9718,23.0913,0.24,0.8,2,CassandraNode_scaleIn,CassandraNode
Thu Feb 20 13:34:23 UTC 2014,9.9658,23.0412,0.24,0.8,2,CassandraNode_scaleIn,CassandraNode
Thu Feb 20 13:34:34 UTC 2014,9.9658,27.9835,0.24,0.8,2,CassandraNode_scaleIn,CassandraNode
Thu Feb 20 13:34:44 UTC 2014,9.9658,25.0245,0.24,0.8667,2,CassandraNode_scaleIn,CassandraNode
Thu Feb 20 13:34:55 UTC 2014,9.9658,25.5981,0.24,0.8667,2,CassandraNode_scaleIn,CassandraNode
Thu Feb 20 13:35:05 UTC 2014,9.9658,25.1005,0.24,0.8667,2,CassandraNode_scaleIn,CassandraNode
Thu Feb 20 13:35:16 UTC 2014,9.9658,27.6735,0.24,0.8,2,CassandraNode_scaleIn,CassandraNode
Thu Feb 20 13:35:26 UTC 2014,9.9658,22.541,0.24,0.8,2,CassandraNode_scaleIn,CassandraNode
Thu Feb 20 13:35:37 UTC 2014,9.9658,22.541,0.24,0.7,2,CassandraNode_scaleIn,CassandraNode
Thu Feb 20 13:35:47 UTC 2014,9.9718,24.6333,0.24,0.7,2,CassandraNode_scaleIn,CassandraNode
Thu Feb 20 13:35:58 UTC 2014,9.9718,24.6332,0.24,0.7,2,CassandraNode_scaleIn,CassandraNode
Thu Feb 20 13:36:08 UTC 2014,9.9718,26.0095,0.24,0.7,2,CassandraNode_scaleIn,CassandraNode
Thu Feb 20 13:36:19 UTC 2014,9.9718,22.9939,0.24,0.8333,2,CassandraNode_scaleIn,CassandraNode
Thu Feb 20 13:36:29 UTC 2014,9.9658,18.3355,0.24,0.8333,2,CassandraNode_scaleIn,CassandraNode
Thu Feb 20 13:36:39 UTC 2014,9.9718,16.6404,0.24,0.6333,2,CassandraNode_scaleIn,CassandraNode
Thu Feb 20 13:36:50 UTC 2014,9.9714,22.0797,0.24,0.6333,2,CassandraNode_scaleIn,CassandraNode
Thu Feb 20 13:37:00 UTC 2014,9.9714,22.0797,0.24,0.6333,2,CassandraNode_scaleIn,CassandraNode
Thu Feb 20 13:37:11 UTC 2014,9.9714,20.4854,0.24,0.6333,2,,
Thu Feb 20 13:37:16 UTC 2014,9.9714,21.9,0.24,0.7667,2,,
Thu Feb 20 13:37:22 UTC 2014,9.9714,21.9,0.24,0.7667,2,,
Thu Feb 20 13:37:27 UTC 2014,9.9714,21.75,0.24,0.7667,2,,
Thu Feb 20 13:37:33 UTC 2014,9.9714,26.6902,0.24,0.7667,2,,
Thu Feb 20 13:37:39 UTC 2014,9.971,26.0207,0.24,0.8667,2,,
Thu Feb 20 13:37:44 UTC 2014,9.971,24.2059,0.24,0.8667,2,,
Thu Feb 20 13:37:50 UTC 2014,9.971,24.2059,0.24,0.8667,2,,
Thu Feb 20 13:37:55 UTC 2014,9.971,24.1563,0.24,0.8667,2,,
Thu Feb 20 13:38:00 UTC 2014,9.971,24.1563,0.24,0.8667,2,,
Thu Feb 20 13:38:06 UTC 2014,9.971,21.5497,0.24,0.8667,2,,
Thu Feb 20 13:38:11 UTC 2014,9.971,15.1862,0.24,0.7,2,,
Thu Feb 20 13:38:17 UTC 2014,9.971,15.1862,0.24,0.7,2,,
Thu Feb 20 13:38:22 UTC 2014,9.971,15.2363,0.24,0.7,2,,
Thu Feb 20 13:38:27 UTC 2014,9.971,15.4762,0.24,0.7,2,,
Thu Feb 20 13:38:33 UTC 2014,9.971,15.5262,0.24,0.7,2,,
Thu Feb 20 13:38:38 UTC 2014,9.971,15.5262,0.24,0.7,2,,
Thu Feb 20 13:38:44 UTC 2014,9.971,15.7404,0.24,0.6667,2,,
Thu Feb 20 13:38:49 UTC 2014,9.971,15.7404,0.24,0.6667,2,,
Thu Feb 20 13:38:54 UTC 2014,9.971,18.6891,0.24,0.6667,2,,
Thu Feb 20 13:39:00 UTC 2014,9.971,21.5833,0.24,0.6667,2,,
Thu Feb 20 13:39:05 UTC 2014,9.971,21.6333,0.24,0.6667,2,,
Thu Feb 20 13:39:11 UTC 2014,9.971,21.6333,0.24,0.6667,2,,
Thu Feb 20 13:39:16 UTC 2014,9.971,22.6652,0.24,0.9,2,,
Thu Feb 20 13:39:21 UTC 2014,9.965,22.6151,0.24,0.9,2,AppServer_scaleOut,AppServer
Thu Feb 20 13:39:32 UTC 2014,9.965,22.1454,0.24,0.9,2,AppServer_scaleOut,AppServer
Thu Feb 20 13:39:42 UTC 2014,9.971,17.3483,0.24,0.9667,2,AppServer_scaleOut,AppServer
Thu Feb 20 13:39:53 UTC 2014,9.971,21.1518,0.24,0.9667,2,AppServer_scaleOut,AppServer
Thu Feb 20 13:40:03 UTC 2014,9.971,17.1953,0.24,0.9667,2,,
Thu Feb 20 13:40:14 UTC 2014,9.971,22.6021,0.36,0.7333,3,,
Thu Feb 20 13:40:19 UTC 2014,9.965,22.5521,0.36,0.7333,3,,
Thu Feb 20 13:40:25 UTC 2014,9.965,22.5521,0.36,0.7333,3,,
Thu Feb 20 13:40:30 UTC 2014,9.965,23.558,0.36,0.7333,3,,
Thu Feb 20 13:40:35 UTC 2014,9.971,23.5581,0.36,0.7333,3,,
Thu Feb 20 13:40:41 UTC 2014,9.971,26.6483,0.36,0.7667,3,,
Thu Feb 20 13:40:46 UTC 2014,9.971,26.1205,0.36,0.7667,3,,
Thu Feb 20 13:40:52 UTC 2014,9.971,26.1205,0.36,0.7667,3,,
Thu Feb 20 13:40:57 UTC 2014,9.971,26.0204,0.36,0.7667,3,,
Thu Feb 20 13:41:03 UTC 2014,9.971,25.5319,0.36,0.7667,3,,
Thu Feb 20 13:41:08 UTC 2014,10.1459,24.9437,0.36,2166.0147,3,,
Thu Feb 20 13:41:14 UTC 2014,10.1459,24.9437,0.36,2166.0147,3,,
Thu Feb 20 13:41:19 UTC 2014,10.1459,42.1419,0.36,0.9032,3,,
Thu Feb 20 13:41:25 UTC 2014,10.1459,42.1419,0.36,0.9032,3,,
Thu Feb 20 13:41:30 UTC 2014,9.9632,16.4098,0.36,0.9032,3,,
Thu Feb 20 13:41:35 UTC 2014,9.9632,16.4098,0.36,0.9032,3,,
Thu Feb 20 13:41:41 UTC 2014,9.9632,14.3536,0.36,0.7667,3,AppServer_scaleOut,AppServer
Thu Feb 20 13:41:51 UTC 2014,9.9632,29.7772,0.36,0.7667,3,AppServer_scaleOut,AppServer
Thu Feb 20 13:42:03 UTC 2014,9.9632,29.7772,0.36,0.7667,3,AppServer_scaleOut,AppServer
Thu Feb 20 13:42:13 UTC 2014,9.9632,14.9429,0.36,0.8667,3,AppServer_scaleOut,AppServer
Thu Feb 20 13:42:24 UTC 2014,9.9632,18.7364,0.48,1.7333,4,,
Thu Feb 20 13:42:32 UTC 2014,9.9632,20.1198,0.48,1.7333,4,,
Thu Feb 20 13:42:37 UTC 2014,9.9636,16.8156,0.48,1.9,4,,
Thu Feb 20 13:42:43 UTC 2014,9.9636,16.8156,0.48,1.9,4,,
Thu Feb 20 13:42:48 UTC 2014,9.9636,17.0454,0.48,1.9,4,,
Thu Feb 20 13:42:54 UTC 2014,9.9636,17.0454,0.48,1.9,4,,
Thu Feb 20 13:42:59 UTC 2014,9.9636,17.3984,0.48,1.6,4,,
Thu Feb 20 13:43:05 UTC 2014,9.9636,17.3984,0.48,1.6,4,,
Thu Feb 20 13:43:10 UTC 2014,9.9636,19.0754,0.48,1.6,4,,
Thu Feb 20 13:43:15 UTC 2014,9.9636,19.0754,0.48,1.6,4,,
Thu Feb 20 13:43:21 UTC 2014,9.9636,19.987,0.48,1.4,4,,
Thu Feb 20 13:43:26 UTC 2014,9.9576,31.6017,0.48,1.4,4,,
Thu Feb 20 13:43:31 UTC 2014,9.9576,31.6017,0.48,1.4,4,,
Thu Feb 20 13:43:37 UTC 2014,9.9697,28.5048,0.48,1.4333,4,,
Thu Feb 20 13:43:43 UTC 2014,9.9697,28.5048,0.48,1.4333,4,,
Thu Feb 20 13:43:48 UTC 2014,9.9697,28.5048,0.48,1.4333,4,,
Thu Feb 20 13:43:54 UTC 2014,9.9697,23.9308,0.48,1.4333,4,,
Thu Feb 20 13:43:59 UTC 2014,9.9697,29.679,0.48,1.4,4,,
Thu Feb 20 13:44:04 UTC 2014,9.9697,38.1852,0.48,1.4,4,,
Thu Feb 20 13:44:10 UTC 2014,9.9697,38.1852,0.48,1.4,4,,
Thu Feb 20 13:44:15 UTC 2014,9.95,37.4969,0.48,1.3333,4,,
Thu Feb 20 13:44:21 UTC 2014,9.95,38.8687,0.48,1.3333,4,,
Thu Feb 20 13:44:26 UTC 2014,9.95,35.4762,0.48,1.3,4,,
Thu Feb 20 13:44:31 UTC 2014,9.95,35.4762,0.48,1.3,4,,
Thu Feb 20 13:44:37 UTC 2014,9.95,23.279,0.48,1.5,4,,
Thu Feb 20 13:44:43 UTC 2014,9.95,23.279,0.48,1.5,4,,
Thu Feb 20 13:44:48 UTC 2014,9.95,19.7571,0.48,1.5,4,,
Thu Feb 20 13:44:53 UTC 2014,9.95,19.7571,0.48,1.5,4,,
Thu Feb 20 13:44:59 UTC 2014,9.95,19.6348,0.48,1.5667,4,,
Thu Feb 20 13:45:04 UTC 2014,9.956,30.9168,0.48,1.8484,4,,
Thu Feb 20 13:45:09 UTC 2014,9.956,30.9168,0.48,1.8484,4,,
Thu Feb 20 13:45:15 UTC 2014,9.956,30.9168,0.48,1.8484,4,,
Thu Feb 20 13:45:20 UTC 2014,9.956,31.6523,0.48,1.9817,4,,
Thu Feb 20 13:45:26 UTC 2014,9.956,26.8395,0.48,2.028,4,,
Thu Feb 20 13:45:31 UTC 2014,9.956,26.8395,0.48,2.028,4,,
Thu Feb 20 13:45:36 UTC 2014,9.956,26.3082,0.48,1.9462,4,,
Thu Feb 20 13:45:42 UTC 2014,9.956,26.3082,0.48,1.9462,4,,
Thu Feb 20 13:45:47 UTC 2014,9.956,26.4727,0.48,1.9462,4,,
Thu Feb 20 13:45:53 UTC 2014,9.956,24.7947,0.48,1.9462,4,,
Thu Feb 20 13:45:58 UTC 2014,9.956,35.5299,0.48,1.9667,4,,
Thu Feb 20 13:46:04 UTC 2014,9.956,35.5299,0.48,1.9667,4,,
Thu Feb 20 13:46:09 UTC 2014,9.9621,34.628,0.48,1.9667,4,,
Thu Feb 20 13:46:15 UTC 2014,9.9621,34.628,0.48,1.9667,4,,
Thu Feb 20 13:46:21 UTC 2014,9.9621,32.8533,0.48,2.2,4,,
Thu Feb 20 13:46:26 UTC 2014,9.9621,29.8246,0.48,2.1151,4,,
Thu Feb 20 13:46:31 UTC 2014,9.9621,29.8246,0.48,2.1151,4,,
Thu Feb 20 13:46:36 UTC 2014,9.9621,32.9709,0.48,1.8817,4,,
Thu Feb 20 13:46:42 UTC 2014,9.9621,32.9709,0.48,1.8817,4,,
Thu Feb 20 13:46:47 UTC 2014,9.9621,31.7297,0.48,1.8817,4,,
Thu Feb 20 13:46:53 UTC 2014,9.9621,31.08,0.48,1.8817,4,,
Thu Feb 20 13:46:58 UTC 2014,9.9621,31.08,0.48,1.8817,4,,
Thu Feb 20 13:47:03 UTC 2014,9.9621,28.9077,0.48,2,4,,
Thu Feb 20 13:47:09 UTC 2014,9.9621,28.9077,0.48,2,4,,
Thu Feb 20 13:47:14 UTC 2014,9.9621,27.3113,0.48,1.9,4,,
Thu Feb 20 13:47:19 UTC 2014,9.9621,27.3113,0.48,1.9,4,,
Thu Feb 20 13:47:25 UTC 2014,9.9621,32.2567,0.48,1.9,4,,
Thu Feb 20 13:47:30 UTC 2014,9.9621,32.7482,0.48,1.9,4,,
Thu Feb 20 13:47:36 UTC 2014,9.956,30.8128,0.48,1.7667,4,,
Thu Feb 20 13:47:41 UTC 2014,9.956,30.8128,0.48,1.7667,4,,
Thu Feb 20 13:47:46 UTC 2014,9.956,29.925,0.48,1.7667,4,,
Thu Feb 20 13:47:52 UTC 2014,9.956,29.925,0.48,1.7667,4,,
Thu Feb 20 13:47:57 UTC 2014,9.956,29.925,0.48,1.7667,4,,
Thu Feb 20 13:48:03 UTC 2014,9.956,32.0579,0.48,1.8,4,,
Thu Feb 20 13:48:09 UTC 2014,9.956,32.0579,0.48,1.7333,4,CassandraNode_scaleOut,CassandraNode
Thu Feb 20 13:48:20 UTC 2014,9.9681,30.3553,0.48,1.7333,4,CassandraNode_scaleOut,CassandraNode
Thu Feb 20 13:48:30 UTC 2014,9.9681,32.371,0.48,1.957,4,CassandraNode_scaleOut,CassandraNode
Thu Feb 20 13:48:40 UTC 2014,9.9621,31.1653,0.48,1.957,4,CassandraNode_scaleOut,CassandraNode
Thu Feb 20 13:48:51 UTC 2014,9.9621,31.4488,0.48,1.957,4,CassandraNode_scaleOut,CassandraNode
Thu Feb 20 13:49:02 UTC 2014,9.9621,33.4095,0.48,1.957,4,,
Thu Feb 20 13:49:10 UTC 2014,9.9621,33.4095,0.48,1.957,4,,
Thu Feb 20 13:49:15 UTC 2014,9.9681,33.6654,0.48,1.8333,4,,
Thu Feb 20 13:49:21 UTC 2014,9.9681,33.6858,0.48,1.8333,4,,
Thu Feb 20 13:49:27 UTC 2014,9.9681,31.7653,0.48,1.8333,4,,
Thu Feb 20 13:49:32 UTC 2014,9.9681,31.7653,0.48,1.8333,4,,
Thu Feb 20 13:49:38 UTC 2014,9.9681,30.9606,0.48,1.7292,4,,
Thu Feb 20 13:49:43 UTC 2014,9.9681,31.4853,0.48,1.7292,4,,
Thu Feb 20 13:49:49 UTC 2014,9.9681,31.4853,0.48,1.7292,4,,
Thu Feb 20 13:49:54 UTC 2014,9.9621,29.2731,0.48,1.7292,4,,
Thu Feb 20 13:50:00 UTC 2014,9.9621,29.2731,0.48,1.7292,4,,
Thu Feb 20 13:50:06 UTC 2014,9.9681,28.8013,0.48,1.7667,4,,
Thu Feb 20 13:50:11 UTC 2014,9.9681,32.2884,0.48,1.8333,4,,
Thu Feb 20 13:50:16 UTC 2014,9.9681,32.2884,0.48,1.8333,4,,
Thu Feb 20 13:50:22 UTC 2014,9.9681,32.2884,0.48,1.8333,4,,
Thu Feb 20 13:50:27 UTC 2014,9.9681,32.8844,0.48,1.8333,4,,
Thu Feb 20 13:50:33 UTC 2014,9.9681,27.3921,0.48,1.6161,4,,
Thu Feb 20 13:50:38 UTC 2014,9.9681,27.3921,0.48,1.6161,4,,
Thu Feb 20 13:50:44 UTC 2014,9.9681,25.9214,0.48,1.6495,4,,
Thu Feb 20 13:50:49 UTC 2014,9.9681,25.9214,0.48,1.6495,4,,
Thu Feb 20 13:50:54 UTC 2014,9.9621,29.1092,0.48,1.6495,4,,
Thu Feb 20 13:51:00 UTC 2014,9.9621,29.1092,0.48,1.6495,4,,
Thu Feb 20 13:51:05 UTC 2014,9.9621,29.1092,0.48,1.6495,4,,
Thu Feb 20 13:51:11 UTC 2014,9.9621,30.5792,0.48,1.8161,4,,
Thu Feb 20 13:51:16 UTC 2014,9.9621,32.3467,0.48,1.9333,4,,
Thu Feb 20 13:51:22 UTC 2014,9.9621,32.3467,0.48,1.9333,4,,
Thu Feb 20 13:51:27 UTC 2014,9.9681,28.9911,0.48,1.9333,4,,
Thu Feb 20 13:51:33 UTC 2014,9.9681,22.4505,0.48,1.9333,4,,
Thu Feb 20 13:51:38 UTC 2014,9.9681,22.4505,0.48,1.9333,4,,
Thu Feb 20 13:51:43 UTC 2014,9.9665,28.6482,0.48,1.9118,4,,
Thu Feb 20 13:51:49 UTC 2014,9.9665,28.6482,0.48,1.9118,4,,
Thu Feb 20 13:51:54 UTC 2014,9.9605,28.8238,0.48,1.9118,4,,
Thu Feb 20 13:52:00 UTC 2014,9.9605,28.8238,0.48,1.9118,4,,
Thu Feb 20 13:52:06 UTC 2014,9.9605,28.8238,0.48,1.9118,4,,
Thu Feb 20 13:52:11 UTC 2014,9.9605,31.7528,0.48,1.8269,4,,
Thu Feb 20 13:52:17 UTC 2014,9.9605,29.6281,0.48,1.6317,4,,
Thu Feb 20 13:52:22 UTC 2014,9.9665,29.6781,0.48,1.6317,4,,
Thu Feb 20 13:52:27 UTC 2014,9.9665,30.9977,0.48,1.6317,4,,
Thu Feb 20 13:52:33 UTC 2014,9.9665,30.9977,0.48,1.6317,4,,
Thu Feb 20 13:52:38 UTC 2014,9.9665,30.9535,0.48,1.6317,4,,
Thu Feb 20 13:52:43 UTC 2014,9.9665,34.0542,0.48,1.5995,4,,
Thu Feb 20 13:52:48 UTC 2014,9.9665,33.5291,0.48,1.5995,4,,
Thu Feb 20 13:52:54 UTC 2014,9.9605,32.774,0.48,1.8828,4,,
Thu Feb 20 13:52:59 UTC 2014,9.9605,32.774,0.48,1.8828,4,,
Thu Feb 20 13:53:05 UTC 2014,9.9605,32.9789,0.48,1.8828,4,,
Thu Feb 20 13:53:10 UTC 2014,9.9605,32.7449,0.48,2.0118,4,,
Thu Feb 20 13:53:16 UTC 2014,9.9605,31.5035,0.48,1.8785,4,,
Thu Feb 20 13:53:21 UTC 2014,9.9605,31.5035,0.48,1.8785,4,,
Thu Feb 20 13:53:26 UTC 2014,9.9605,32.4794,0.48,1.8785,4,,
Thu Feb 20 13:53:32 UTC 2014,9.9605,32.6319,0.48,1.8785,4,,
Thu Feb 20 13:53:37 UTC 2014,9.9605,32.6319,0.48,1.8785,4,CassandraNode_scaleIn,CassandraNode
Thu Feb 20 13:53:48 UTC 2014,9.9605,33.4001,0.48,1.7806,4,CassandraNode_scaleIn,CassandraNode
Thu Feb 20 13:53:59 UTC 2014,9.9605,33.4001,0.48,1.7806,4,CassandraNode_scaleIn,CassandraNode
Thu Feb 20 13:54:09 UTC 2014,10.0094,33.5489,0.48,1.7806,4,CassandraNode_scaleIn,CassandraNode
Thu Feb 20 13:54:20 UTC 2014,10.0094,32.285,0.48,1.814,4,CassandraNode_scaleIn,CassandraNode
Thu Feb 20 13:54:30 UTC 2014,9.9913,31.8591,0.48,1.8,4,CassandraNode_scaleIn,CassandraNode
Thu Feb 20 13:54:41 UTC 2014,10.0036,33.1092,0.48,1.814,4,CassandraNode_scaleIn,CassandraNode
Thu Feb 20 13:54:51 UTC 2014,10.0036,31.2148,0.48,1.8806,4,CassandraNode_scaleIn,CassandraNode
Thu Feb 20 13:55:01 UTC 2014,9.9675,31.2148,0.48,1.8806,4,CassandraNode_scaleIn,CassandraNode
Thu Feb 20 13:55:12 UTC 2014,9.9667,31.0405,0.48,1.8667,4,CassandraNode_scaleIn,CassandraNode
Thu Feb 20 13:55:22 UTC 2014,9.9667,32.3384,0.48,1.8667,4,CassandraNode_scaleIn,CassandraNode
Thu Feb 20 13:55:33 UTC 2014,9.9667,31.9401,0.48,1.8462,4,CassandraNode_scaleIn,CassandraNode
Thu Feb 20 13:55:44 UTC 2014,9.9607,30.4429,0.48,1.828,4,CassandraNode_scaleIn,CassandraNode
Thu Feb 20 13:55:54 UTC 2014,9.9607,33.0777,0.48,1.8817,4,CassandraNode_scaleIn,CassandraNode
Thu Feb 20 13:56:05 UTC 2014,9.9607,31.1499,0.48,1.8817,4,CassandraNode_scaleIn,CassandraNode
Thu Feb 20 13:56:15 UTC 2014,9.9607,30.7303,0.48,2,4,CassandraNode_scaleIn,CassandraNode
Thu Feb 20 13:56:26 UTC 2014,9.9607,31.4324,0.48,1.8333,4,CassandraNode_scaleIn,CassandraNode
Thu Feb 20 13:56:36 UTC 2014,9.9607,31.0519,0.48,1.7333,4,CassandraNode_scaleIn,CassandraNode
Thu Feb 20 13:56:46 UTC 2014,9.9607,31.186,0.48,1.5839,4,CassandraNode_scaleIn,CassandraNode
Thu Feb 20 13:56:57 UTC 2014,9.9607,30.3362,0.48,1.6323,4,CassandraNode_scaleIn,CassandraNode
Thu Feb 20 13:57:07 UTC 2014,9.9607,34.0192,0.48,1.6323,4,CassandraNode_scaleIn,CassandraNode
Thu Feb 20 13:57:20 UTC 2014,9.9667,32.3735,0.48,1.7925,4,CassandraNode_scaleIn,CassandraNode
Thu Feb 20 13:57:30 UTC 2014,9.9667,29.3553,0.48,1.857,4,CassandraNode_scaleIn,CassandraNode
Thu Feb 20 13:57:40 UTC 2014,9.9667,29.7834,0.48,1.8462,4,CassandraNode_scaleIn,CassandraNode
Thu Feb 20 13:57:50 UTC 2014,9.9667,29.6754,0.48,1.8333,4,CassandraNode_scaleIn,CassandraNode
Thu Feb 20 13:58:00 UTC 2014,9.9607,32.6787,0.48,1.8333,4,CassandraNode_scaleIn,CassandraNode
Thu Feb 20 13:58:11 UTC 2014,9.9607,32.6527,0.48,1.8151,4,CassandraNode_scaleIn,CassandraNode
Thu Feb 20 13:58:21 UTC 2014,9.9667,31.8368,0.48,1.8151,4,,
Thu Feb 20 13:58:26 UTC 2014,9.9667,31.6657,0.48,1.8151,4,,
Thu Feb 20 13:58:32 UTC 2014,9.9667,31.6657,0.48,1.8151,4,,
Thu Feb 20 13:58:37 UTC 2014,9.9667,31.1113,0.48,1.8484,4,,
Thu Feb 20 13:58:42 UTC 2014,9.9667,31.1113,0.48,1.8484,4,,
Thu Feb 20 13:58:48 UTC 2014,9.9667,31.6681,0.48,1.9,4,,
Thu Feb 20 13:58:53 UTC 2014,9.9667,31.6681,0.48,1.9,4,,
Thu Feb 20 13:58:59 UTC 2014,9.9667,31.6681,0.48,1.9,4,,
Thu Feb 20 13:59:04 UTC 2014,9.9607,33.2741,0.48,1.8667,4,,
Thu Feb 20 13:59:09 UTC 2014,9.9607,32.4935,0.48,1.7667,4,,
Thu Feb 20 13:59:15 UTC 2014,9.9607,32.4078,0.48,1.7667,4,,
Thu Feb 20 13:59:20 UTC 2014,9.9607,32.4078,0.48,1.7667,4,,
Thu Feb 20 13:59:26 UTC 2014,9.9667,27.7592,0.48,1.7667,4,,
Thu Feb 20 13:59:32 UTC 2014,9.9667,27.7592,0.48,1.7667,4,,
Thu Feb 20 13:59:38 UTC 2014,9.9667,31.4434,0.48,1.8118,4,,
Thu Feb 20 13:59:44 UTC 2014,9.9667,31.4434,0.48,1.8118,4,,
Thu Feb 20 13:59:49 UTC 2014,9.9667,28.2447,0.48,1.7785,4,,
Thu Feb 20 13:59:55 UTC 2014,9.9667,28.2447,0.48,1.7785,4,,
Thu Feb 20 14:00:00 UTC 2014,9.9607,31.7003,0.48,1.8,4,,
Thu Feb 20 14:00:05 UTC 2014,9.9607,34.5001,0.48,1.8,4,,
Thu Feb 20 14:00:11 UTC 2014,9.9607,34.5001,0.48,1.8,4,,
Thu Feb 20 14:00:16 UTC 2014,9.9607,34.5001,0.48,1.8,4,,
Thu Feb 20 14:00:22 UTC 2014,9.9607,32.9067,0.48,1.9774,4,,
Thu Feb 20 14:00:27 UTC 2014,9.9607,32.9067,0.48,1.9774,4,,
Thu Feb 20 14:00:32 UTC 2014,9.9667,34.216,0.48,1.9774,4,,
Thu Feb 20 14:00:38 UTC 2014,9.9667,34.216,0.48,1.9774,4,,
Thu Feb 20 14:00:43 UTC 2014,9.9667,33.9142,0.48,1.914,4,,
Thu Feb 20 14:00:49 UTC 2014,9.9667,33.9142,0.48,1.914,4,,
Thu Feb 20 14:00:54 UTC 2014,9.9667,33.9142,0.48,1.914,4,,
Thu Feb 20 14:01:00 UTC 2014,9.9607,33.8237,0.48,1.7957,4,,
Thu Feb 20 14:01:05 UTC 2014,9.9607,32.7758,0.48,1.7957,4,,
Thu Feb 20 14:01:10 UTC 2014,9.9607,32.7758,0.48,1.7957,4,,
Thu Feb 20 14:01:15 UTC 2014,9.9607,33.3882,0.48,1.8151,4,,
Thu Feb 20 14:01:21 UTC 2014,9.9607,32.3207,0.48,1.7828,4,CassandraNode_scaleIn,CassandraNode
Thu Feb 20 14:01:31 UTC 2014,9.9667,28.1479,0.48,1.7828,4,CassandraNode_scaleIn,CassandraNode
Thu Feb 20 14:01:42 UTC 2014,9.9667,31.9888,0.48,1.7312,4,CassandraNode_scaleIn,CassandraNode
Thu Feb 20 14:01:52 UTC 2014,9.9667,31.0609,0.48,1.7312,4,CassandraNode_scaleIn,CassandraNode
Thu Feb 20 14:02:02 UTC 2014,9.9607,32.8336,0.48,1.8484,4,CassandraNode_scaleIn,CassandraNode
Thu Feb 20 14:02:13 UTC 2014,9.9607,34.4848,0.48,1.9333,4,CassandraNode_scaleIn,CassandraNode
Thu Feb 20 14:02:24 UTC 2014,9.9667,32.7567,0.48,1.8484,4,CassandraNode_scaleIn,CassandraNode
Thu Feb 20 14:02:34 UTC 2014,9.9667,31.8718,0.48,1.8151,4,CassandraNode_scaleIn,CassandraNode
Thu Feb 20 14:02:44 UTC 2014,9.9667,31.5304,0.48,1.7817,4,CassandraNode_scaleIn,CassandraNode
Thu Feb 20 14:02:55 UTC 2014,9.9607,25.8103,0.48,1.8667,4,CassandraNode_scaleIn,CassandraNode
Thu Feb 20 14:03:05 UTC 2014,9.9607,33.6239,0.48,1.8667,4,CassandraNode_scaleIn,CassandraNode
Thu Feb 20 14:03:15 UTC 2014,9.9607,32.8216,0.48,1.9,4,CassandraNode_scaleIn,CassandraNode
Thu Feb 20 14:03:26 UTC 2014,9.9667,29.5453,0.48,1.9,4,CassandraNode_scaleIn,CassandraNode
Thu Feb 20 14:03:37 UTC 2014,9.9667,29.9239,0.48,1.8667,4,CassandraNode_scaleIn,CassandraNode
Thu Feb 20 14:03:47 UTC 2014,9.9667,30.2777,0.48,1.8462,4,CassandraNode_scaleIn,CassandraNode
Thu Feb 20 14:03:58 UTC 2014,9.9607,32.6939,0.48,1.8258,4,CassandraNode_scaleIn,CassandraNode
Thu Feb 20 14:04:09 UTC 2014,9.9607,30.7095,0.48,1.8258,4,CassandraNode_scaleIn,CassandraNode
Thu Feb 20 14:04:19 UTC 2014,9.9607,30.3982,0.48,1.8462,4,CassandraNode_scaleIn,CassandraNode
Thu Feb 20 14:04:30 UTC 2014,9.9667,30.3288,0.48,1.8462,4,CassandraNode_scaleIn,CassandraNode
Thu Feb 20 14:04:40 UTC 2014,9.9667,31.8852,0.48,1.9,4,CassandraNode_scaleIn,CassandraNode
Thu Feb 20 14:04:51 UTC 2014,9.9667,28.8817,0.48,1.9,4,CassandraNode_scaleIn,CassandraNode
Thu Feb 20 14:05:01 UTC 2014,9.9607,29.8856,0.48,1.7667,4,CassandraNode_scaleIn,CassandraNode
Thu Feb 20 14:05:12 UTC 2014,9.9607,29.2163,0.48,1.9,4,CassandraNode_scaleIn,CassandraNode
Thu Feb 20 14:05:22 UTC 2014,9.9667,28.4966,0.48,1.9,4,CassandraNode_scaleIn,CassandraNode
Thu Feb 20 14:05:33 UTC 2014,9.9667,28.798,0.48,1.9,4,CassandraNode_scaleIn,CassandraNode
Thu Feb 20 14:05:43 UTC 2014,9.9667,26.6662,0.48,1.8333,4,CassandraNode_scaleIn,CassandraNode
Thu Feb 20 14:05:54 UTC 2014,9.9607,28.4123,0.48,1.8333,4,,
Thu Feb 20 14:06:00 UTC 2014,9.9607,31.506,0.48,1.8796,4,,
Thu Feb 20 14:06:05 UTC 2014,9.9607,29.0673,0.48,1.8796,4,,
Thu Feb 20 14:06:10 UTC 2014,9.9607,29.0173,0.48,1.8796,4,,
Thu Feb 20 14:06:15 UTC 2014,9.9607,29.0173,0.48,1.8796,4,,
Thu Feb 20 14:06:21 UTC 2014,9.9607,31.2096,0.48,1.8269,4,,
Thu Feb 20 14:06:26 UTC 2014,9.9667,30.3063,0.48,1.8269,4,,
Thu Feb 20 14:06:32 UTC 2014,9.9667,26.1946,0.48,1.814,4,,
Thu Feb 20 14:06:37 UTC 2014,9.9667,26.1446,0.48,1.814,4,,
Thu Feb 20 14:06:42 UTC 2014,9.9667,27.6441,0.48,1.8667,4,,
Thu Feb 20 14:06:48 UTC 2014,9.9667,27.6441,0.48,1.8667,4,,
Thu Feb 20 14:06:54 UTC 2014,9.9607,28.2374,0.48,1.8667,4,,
Thu Feb 20 14:06:59 UTC 2014,9.9607,25.7392,0.48,1.8667,4,,
Thu Feb 20 14:07:04 UTC 2014,9.9607,29.1622,0.48,1.8667,4,,
Thu Feb 20 14:07:10 UTC 2014,9.9607,29.1622,0.48,1.8667,4,,
Thu Feb 20 14:07:15 UTC 2014,9.9607,28.8627,0.48,1.8333,4,,
Thu Feb 20 14:07:21 UTC 2014,9.9607,28.8627,0.48,1.8333,4,,
Thu Feb 20 14:07:26 UTC 2014,9.9607,30.5243,0.48,1.9,4,,
Thu Feb 20 14:07:32 UTC 2014,9.9607,31.1933,0.48,1.9129,4,,
Thu Feb 20 14:07:37 UTC 2014,9.9607,31.1932,0.48,1.8796,4,,
Thu Feb 20 14:07:43 UTC 2014,9.9607,31.1932,0.48,1.8796,4,,
Thu Feb 20 14:07:48 UTC 2014,9.9607,28.1083,0.48,1.8796,4,,
Thu Feb 20 14:07:54 UTC 2014,9.9607,28.1083,0.48,1.8796,4,,
Thu Feb 20 14:07:59 UTC 2014,9.9607,28.3897,0.48,1.8796,4,,
Thu Feb 20 14:08:05 UTC 2014,9.9607,29.2739,0.48,1.8796,4,,
Thu Feb 20 14:08:10 UTC 2014,9.9547,27.5516,0.48,1.9667,4,,
Thu Feb 20 14:08:15 UTC 2014,9.9547,27.5516,0.48,1.9667,4,CassandraNode_scaleOut,CassandraNode
Thu Feb 20 14:08:26 UTC 2014,9.9607,28.0516,0.48,1.8,4,CassandraNode_scaleOut,CassandraNode
Thu Feb 20 14:08:36 UTC 2014,9.9607,27.5514,0.48,1.8667,4,CassandraNode_scaleOut,CassandraNode
Thu Feb 20 14:08:47 UTC 2014,9.9607,28.5115,0.48,1.8333,4,CassandraNode_scaleOut,CassandraNode
Thu Feb 20 14:08:57 UTC 2014,9.9607,26.2574,0.48,1.8333,4,CassandraNode_scaleOut,CassandraNode
Thu Feb 20 14:09:08 UTC 2014,9.9607,25.4498,0.48,1.8333,4,,
Thu Feb 20 14:09:13 UTC 2014,9.9547,25.8829,0.48,1.8667,4,,
Thu Feb 20 14:09:19 UTC 2014,9.9547,25.8829,0.48,1.8667,4,,
Thu Feb 20 14:09:24 UTC 2014,9.9607,31.6133,0.48,1.9333,4,,
Thu Feb 20 14:09:30 UTC 2014,9.9607,23.258,0.48,1.9667,4,,
Thu Feb 20 14:09:35 UTC 2014,9.9607,23.258,0.48,1.9667,4,,
Thu Feb 20 14:09:40 UTC 2014,9.9607,18.5975,0.48,1.9,4,,
Thu Feb 20 14:09:45 UTC 2014,9.9607,27.5453,0.48,1.8785,4,,
Thu Feb 20 14:09:51 UTC 2014,9.9607,27.7409,0.48,1.8785,4,,
Thu Feb 20 14:09:56 UTC 2014,9.9607,26.0134,0.48,1.8785,4,,
Thu Feb 20 14:10:01 UTC 2014,9.9607,26.0134,0.48,1.8785,4,,
Thu Feb 20 14:10:07 UTC 2014,9.9607,28.0659,0.48,1.8785,4,,
Thu Feb 20 14:10:13 UTC 2014,9.9607,28.0659,0.48,1.8785,4,,
Thu Feb 20 14:10:19 UTC 2014,9.9607,26.5095,0.48,1.9667,4,,
Thu Feb 20 14:10:24 UTC 2014,9.9607,26.5095,0.48,1.9667,4,,
Thu Feb 20 14:10:30 UTC 2014,9.9607,26.5095,0.48,1.9667,4,,
Thu Feb 20 14:10:35 UTC 2014,9.9667,32.4718,0.48,2,4,,
Thu Feb 20 14:10:41 UTC 2014,9.9607,29.8008,0.48,1.9667,4,,
Thu Feb 20 14:10:46 UTC 2014,9.9607,30.063,0.48,1.9667,4,,
Thu Feb 20 14:10:51 UTC 2014,9.9607,30.063,0.48,1.9667,4,,
Thu Feb 20 14:10:56 UTC 2014,9.9607,34.0894,0.48,1.9333,4,,
Thu Feb 20 14:11:02 UTC 2014,9.9607,34.0894,0.48,1.9333,4,,
Thu Feb 20 14:11:07 UTC 2014,9.9607,31.7792,0.48,1.8151,4,,
Thu Feb 20 14:11:13 UTC 2014,9.9607,31.7792,0.48,1.8151,4,,
Thu Feb 20 14:11:19 UTC 2014,9.9607,31.7792,0.48,1.8151,4,,
Thu Feb 20 14:11:24 UTC 2014,9.9667,30.4964,0.48,1.9151,4,,
Thu Feb 20 14:11:30 UTC 2014,9.9667,22.831,0.48,1.9333,4,,
Thu Feb 20 14:11:35 UTC 2014,9.9667,22.831,0.48,1.9333,4,,
Thu Feb 20 14:11:40 UTC 2014,9.9667,23.8287,0.48,1.8,4,,
Thu Feb 20 14:11:46 UTC 2014,9.9667,28.5558,0.48,1.7667,4,,
Thu Feb 20 14:11:51 UTC 2014,9.9607,28.5558,0.48,1.7667,4,,
Thu Feb 20 14:11:57 UTC 2014,9.9607,28.5558,0.48,1.7667,4,,
Thu Feb 20 14:12:03 UTC 2014,9.9607,28.5558,0.48,1.7667,4,,
Thu Feb 20 14:12:08 UTC 2014,9.9607,25.56,0.48,1.8667,4,,
Thu Feb 20 14:12:14 UTC 2014,9.9607,25.56,0.48,1.8667,4,,
Thu Feb 20 14:12:19 UTC 2014,9.9607,29.7691,0.48,1.9667,4,,
Thu Feb 20 14:12:25 UTC 2014,9.9667,32.6354,0.48,1.9667,4,,
Thu Feb 20 14:12:30 UTC 2014,9.9667,32.6354,0.48,1.9667,4,,
Thu Feb 20 14:12:36 UTC 2014,9.9667,32.6354,0.48,1.9667,4,,
Thu Feb 20 14:12:41 UTC 2014,9.9667,20.0901,0.48,1.8667,4,,
Thu Feb 20 14:12:46 UTC 2014,9.9667,20.0901,0.48,1.8667,4,,
Thu Feb 20 14:12:52 UTC 2014,9.9607,16.4567,0.48,1.8,4,,
Thu Feb 20 14:12:57 UTC 2014,9.9607,16.4567,0.48,1.8,4,,
Thu Feb 20 14:13:03 UTC 2014,9.9607,21.8249,0.48,1.8,4,,
Thu Feb 20 14:13:08 UTC 2014,9.9607,21.8249,0.48,1.8,4,,
Thu Feb 20 14:13:14 UTC 2014,9.9607,20.9621,0.48,1.7806,4,,
Thu Feb 20 14:13:19 UTC 2014,9.9607,20.9947,0.48,1.729,4,,
Thu Feb 20 14:13:25 UTC 2014,9.9667,24.6447,0.48,1.729,4,,
Thu Feb 20 14:13:30 UTC 2014,9.9667,24.6447,0.48,1.729,4,,
Thu Feb 20 14:13:36 UTC 2014,9.9667,28.2618,0.48,1.8484,4,,
Thu Feb 20 14:13:41 UTC 2014,9.9667,28.2618,0.48,1.8484,4,,
Thu Feb 20 14:13:47 UTC 2014,9.9667,28.2618,0.48,1.8484,4,,
Thu Feb 20 14:13:52 UTC 2014,9.9667,28.2618,0.48,1.8484,4,,
Thu Feb 20 14:13:58 UTC 2014,9.9607,28.7374,0.48,1.9,4,,
Thu Feb 20 14:14:03 UTC 2014,9.9607,29.7892,0.48,1.9,4,,
Thu Feb 20 14:14:09 UTC 2014,9.9607,29.7892,0.48,1.9,4,,
Thu Feb 20 14:14:14 UTC 2014,9.9607,29.8772,0.48,1.8667,4,,
Thu Feb 20 14:14:19 UTC 2014,9.9607,29.8772,0.48,1.8667,4,,
Thu Feb 20 14:14:25 UTC 2014,9.9607,29.8772,0.48,1.8667,4,,
Thu Feb 20 14:14:30 UTC 2014,9.9667,28.8733,0.48,1.9,4,,
Thu Feb 20 14:14:36 UTC 2014,9.9667,28.8733,0.48,1.9,4,,
Thu Feb 20 14:14:42 UTC 2014,9.9667,29.9189,0.48,1.8161,4,,
Thu Feb 20 14:14:47 UTC 2014,9.9667,29.9189,0.48,1.8161,4,,
Thu Feb 20 14:14:53 UTC 2014,9.9607,32.9193,0.48,1.8161,4,,
Thu Feb 20 14:14:59 UTC 2014,9.9607,32.9193,0.48,1.8161,4,,
Thu Feb 20 14:15:04 UTC 2014,9.9607,32.9193,0.48,1.8161,4,,
Thu Feb 20 14:15:10 UTC 2014,9.9607,33.0995,0.48,1.9774,4,,
Thu Feb 20 14:15:15 UTC 2014,9.9607,30.5443,0.48,1.9441,4,,
Thu Feb 20 14:15:21 UTC 2014,9.9607,30.5443,0.48,1.9441,4,,
Thu Feb 20 14:15:27 UTC 2014,9.9667,32.8058,0.48,1.9559,4,,
Thu Feb 20 14:15:32 UTC 2014,9.9667,32.8058,0.48,1.9559,4,,
Thu Feb 20 14:15:38 UTC 2014,9.9667,31.1407,0.48,1.8591,4,,
Thu Feb 20 14:15:43 UTC 2014,9.9667,33.7179,0.48,1.7806,4,AppServer_scaleOut,AppServer
Thu Feb 20 14:15:53 UTC 2014,9.9607,33.9863,0.48,1.7806,4,AppServer_scaleOut,AppServer
Thu Feb 20 14:16:04 UTC 2014,9.9607,34.0099,0.48,1.7806,4,AppServer_scaleOut,AppServer
Thu Feb 20 14:16:15 UTC 2014,9.9607,34.729,0.48,1.8269,4,AppServer_scaleOut,AppServer
Thu Feb 20 14:16:25 UTC 2014,9.9667,34.1695,0.48,1.8269,4,AppServer_scaleOut,AppServer
Thu Feb 20 14:16:36 UTC 2014,9.9667,33.2119,0.48,1.7301,4,,
Thu Feb 20 14:16:42 UTC 2014,9.9667,32.5826,0.6,1.6968,5,,
Thu Feb 20 14:16:50 UTC 2014,9.9667,29.937,0.6,1.6968,5,,
Thu Feb 20 14:16:56 UTC 2014,9.9667,29.937,0.6,1.6968,5,,
Thu Feb 20 14:17:02 UTC 2014,9.9607,28.3942,0.6,1.8473,5,,
Thu Feb 20 14:17:07 UTC 2014,9.9607,28.3942,0.6,1.8473,5,,
Thu Feb 20 14:17:13 UTC 2014,9.9607,33.7902,0.6,1.7473,5,,
Thu Feb 20 14:17:18 UTC 2014,9.9607,33.7902,0.6,1.7473,5,,
Thu Feb 20 14:17:24 UTC 2014,9.9667,33.2486,0.6,1.7473,5,,
Thu Feb 20 14:17:29 UTC 2014,9.9667,32.8477,0.6,1.7473,5,,
Thu Feb 20 14:17:35 UTC 2014,9.9667,32.8477,0.6,1.7473,5,,
Thu Feb 20 14:17:40 UTC 2014,9.9667,32.8477,0.6,1.7473,5,,
Thu Feb 20 14:17:45 UTC 2014,9.9667,32.4705,0.6,1.8333,5,,
Thu Feb 20 14:17:51 UTC 2014,9.9667,32.4705,0.6,1.8333,5,,
Thu Feb 20 14:17:56 UTC 2014,9.9607,31.7853,0.6,1.9129,5,,
Thu Feb 20 14:18:02 UTC 2014,9.9607,31.7853,0.6,1.9129,5,,
Thu Feb 20 14:18:07 UTC 2014,9.9607,31.7853,0.6,1.9129,5,,
Thu Feb 20 14:18:13 UTC 2014,9.9595,37.2315,0.6,1.7624,5,,
Thu Feb 20 14:18:18 UTC 2014,9.9595,37.2315,0.6,1.7624,5,,
Thu Feb 20 14:18:23 UTC 2014,9.9595,35.8993,0.6,1.6828,5,,
Thu Feb 20 14:18:29 UTC 2014,9.9595,35.8993,0.6,1.6828,5,,
Thu Feb 20 14:18:34 UTC 2014,9.9595,34.477,0.6,1.8828,5,CassandraNode_scaleOut,CassandraNode
Thu Feb 20 14:18:44 UTC 2014,9.9595,34.933,0.6,1.9333,5,CassandraNode_scaleOut,CassandraNode
Thu Feb 20 14:18:55 UTC 2014,9.9595,25.5549,0.6,1.8839,5,CassandraNode_scaleOut,CassandraNode
Thu Feb 20 14:19:06 UTC 2014,9.9595,29.2488,0.6,2.2172,5,CassandraNode_scaleOut,CassandraNode
Thu Feb 20 14:19:17 UTC 2014,9.9595,29,0.6,2.3505,5,,
Thu Feb 20 14:19:22 UTC 2014,9.9595,29,0.6,2.3505,5,,
Thu Feb 20 14:19:28 UTC 2014,9.9716,27.8533,0.6,2.4667,5,,
Thu Feb 20 14:19:33 UTC 2014,9.9716,27.8533,0.6,2.4667,5,,
Thu Feb 20 14:19:39 UTC 2014,9.9716,27.8533,0.6,2.4667,5,,
Thu Feb 20 14:19:45 UTC 2014,9.9716,27.8533,0.6,2.4667,5,,
Thu Feb 20 14:19:50 UTC 2014,9.9716,33.233,0.6,2.3625,5,,
Thu Feb 20 14:19:56 UTC 2014,9.9716,29.0821,0.6,2.3313,5,,
Thu Feb 20 14:20:01 UTC 2014,9.9716,29.0821,0.6,2.3313,5,,
Thu Feb 20 14:20:07 UTC 2014,9.9716,29.0821,0.6,2.3313,5,,
Thu Feb 20 14:20:12 UTC 2014,9.9656,33.3007,0.6,2.2688,5,,
Thu Feb 20 14:20:18 UTC 2014,9.9656,33.3007,0.6,2.2688,5,,
Thu Feb 20 14:20:23 UTC 2014,9.9656,33.3007,0.6,2.2688,5,,
Thu Feb 20 14:20:29 UTC 2014,9.9656,33.3007,0.6,2.2688,5,,
Thu Feb 20 14:20:35 UTC 2014,9.9656,33.3007,0.6,2.2688,5,,
Thu Feb 20 14:20:40 UTC 2014,9.9716,32.1243,0.6,2.2292,5,,
Thu Feb 20 14:20:45 UTC 2014,9.9716,32.1119,0.6,2.3421,5,,
Thu Feb 20 14:20:51 UTC 2014,9.9716,32.1119,0.6,2.3421,5,,
Thu Feb 20 14:20:57 UTC 2014,9.9716,32.1119,0.6,2.3421,5,,
Thu Feb 20 14:21:02 UTC 2014,9.9716,29.4396,0.6,2.3421,5,,
Thu Feb 20 14:21:08 UTC 2014,9.9716,29.4396,0.6,2.3421,5,,
Thu Feb 20 14:21:15 UTC 2014,9.9716,29.4396,0.6,2.3421,5,,
Thu Feb 20 14:21:21 UTC 2014,9.9716,32.9288,0.6,2.4238,5,,
Thu Feb 20 14:21:26 UTC 2014,9.9716,32.9288,0.6,2.4238,5,,
Thu Feb 20 14:21:32 UTC 2014,9.9716,29.6894,0.6,2.4151,5,,
Thu Feb 20 14:21:37 UTC 2014,9.9716,29.6894,0.6,2.4151,5,,
Thu Feb 20 14:21:43 UTC 2014,9.9716,33.2362,0.6,2.4118,5,,
Thu Feb 20 14:21:48 UTC 2014,9.9716,33.2362,0.6,2.4118,5,,
Thu Feb 20 14:21:54 UTC 2014,9.9716,33.2362,0.6,2.4118,5,,
Thu Feb 20 14:21:59 UTC 2014,9.9716,33.2362,0.6,2.4118,5,,
Thu Feb 20 14:22:05 UTC 2014,9.9716,33.2362,0.6,2.4118,5,,
Thu Feb 20 14:22:11 UTC 2014,9.9716,33.2362,0.6,2.4118,5,,
Thu Feb 20 14:22:17 UTC 2014,9.9656,33.3281,0.6,2.4333,5,,
Thu Feb 20 14:22:24 UTC 2014,9.9656,33.3281,0.6,2.4333,5,,
Thu Feb 20 14:22:29 UTC 2014,9.9656,33.3281,0.6,2.4333,5,,
Thu Feb 20 14:22:35 UTC 2014,9.9656,33.3281,0.6,2.4333,5,,
Thu Feb 20 14:22:40 UTC 2014,9.972,29.7517,0.6,2.6667,5,,
Thu Feb 20 14:22:45 UTC 2014,9.972,29.7517,0.6,2.6667,5,,
Thu Feb 20 14:22:51 UTC 2014,9.972,30.1883,0.6,2.5806,5,,
Thu Feb 20 14:22:56 UTC 2014,9.972,30.1883,0.6,2.5806,5,,
Thu Feb 20 14:23:02 UTC 2014,9.972,30.4945,0.6,2.5806,5,,
Thu Feb 20 14:23:08 UTC 2014,9.972,30.4945,0.6,2.5806,5,,
Thu Feb 20 14:23:13 UTC 2014,9.972,20.442,0.6,2.514,5,,
Thu Feb 20 14:23:19 UTC 2014,9.972,18.3009,0.6,2.4,5,,
Thu Feb 20 14:23:24 UTC 2014,9.972,25.3427,0.6,2.4,5,,
Thu Feb 20 14:23:29 UTC 2014,9.972,27.8543,0.6,2.5,5,,
Thu Feb 20 14:23:34 UTC 2014,9.972,22.3126,0.6,2.4462,5,,
Thu Feb 20 14:23:40 UTC 2014,9.978,20.6478,0.6,2.4129,5,,
Thu Feb 20 14:23:45 UTC 2014,9.978,20.6478,0.6,2.4129,5,,
Thu Feb 20 14:23:50 UTC 2014,9.978,20.6478,0.6,2.4129,5,,
Thu Feb 20 14:23:56 UTC 2014,9.972,24.6617,0.6,2.4129,5,,
Thu Feb 20 14:24:04 UTC 2014,9.972,24.6617,0.6,2.4129,5,,
Thu Feb 20 14:24:09 UTC 2014,9.972,24.6617,0.6,2.4129,5,,
Thu Feb 20 14:24:15 UTC 2014,9.972,24.6617,0.6,2.4129,5,,
Thu Feb 20 14:24:20 UTC 2014,9.972,29.9818,0.6,2.4462,5,,
Thu Feb 20 14:24:26 UTC 2014,9.972,29.9818,0.6,2.4462,5,,
Thu Feb 20 14:24:31 UTC 2014,9.972,29.9818,0.6,2.4462,5,,
Thu Feb 20 14:24:37 UTC 2014,9.972,29.9818,0.6,2.4462,5,,
Thu Feb 20 14:24:43 UTC 2014,9.978,34.134,0.6,2.5,5,,
Thu Feb 20 14:24:48 UTC 2014,9.978,34.134,0.6,2.5,5,,
Thu Feb 20 14:24:53 UTC 2014,9.978,34.134,0.6,2.5,5,,
Thu Feb 20 14:24:59 UTC 2014,9.978,31.4607,0.6,2.4,5,,
Thu Feb 20 14:25:05 UTC 2014,9.978,31.4607,0.6,2.4,5,,
Thu Feb 20 14:25:11 UTC 2014,9.978,31.4607,0.6,2.4,5,,
Thu Feb 20 14:25:16 UTC 2014,9.972,25.2002,0.6,2.3667,5,,
Thu Feb 20 14:25:22 UTC 2014,9.972,30.6005,0.6,2.4452,5,,
Thu Feb 20 14:25:27 UTC 2014,9.972,30.6005,0.6,2.4452,5,,
Thu Feb 20 14:25:33 UTC 2014,9.972,30.6005,0.6,2.4452,5,,
Thu Feb 20 14:25:39 UTC 2014,9.972,30.6005,0.6,2.4452,5,,
Thu Feb 20 14:25:44 UTC 2014,9.972,31.9608,0.6,2.3645,5,,
Thu Feb 20 14:25:50 UTC 2014,9.972,31.9608,0.6,2.3645,5,,
Thu Feb 20 14:25:55 UTC 2014,9.972,31.9608,0.6,2.3645,5,,
Thu Feb 20 14:26:00 UTC 2014,9.972,31.9608,0.6,2.3645,5,,
Thu Feb 20 14:26:06 UTC 2014,9.978,26.1881,0.6,2.3645,5,,
Thu Feb 20 14:26:12 UTC 2014,9.978,26.1881,0.6,2.4,5,CassandraNode_scaleOut,CassandraNode
Thu Feb 20 14:26:22 UTC 2014,9.972,24.6434,0.6,2.4,5,CassandraNode_scaleOut,CassandraNode
Thu Feb 20 14:26:33 UTC 2014,9.972,24.8309,0.6,2.4,5,CassandraNode_scaleOut,CassandraNode
Thu Feb 20 14:26:43 UTC 2014,9.972,24.8309,0.6,2.4129,5,CassandraNode_scaleOut,CassandraNode
Thu Feb 20 14:26:54 UTC 2014,9.972,32.1072,0.6,2.4129,5,CassandraNode_scaleOut,CassandraNode
Thu Feb 20 14:27:05 UTC 2014,9.972,33.1275,0.6,2.5,5,,
Thu Feb 20 14:27:10 UTC 2014,9.972,33.1275,0.6,2.5,5,,
Thu Feb 20 14:27:16 UTC 2014,9.972,33.1275,0.6,2.5,5,,
Thu Feb 20 14:27:22 UTC 2014,9.966,28.3233,0.6,2.4473,5,,
Thu Feb 20 14:27:28 UTC 2014,9.966,28.3233,0.6,2.4473,5,,
Thu Feb 20 14:27:35 UTC 2014,9.966,28.3233,0.6,2.4473,5,,
Thu Feb 20 14:27:41 UTC 2014,9.972,34.4791,0.6,2.3946,5,,
Thu Feb 20 14:27:47 UTC 2014,9.972,34.4791,0.6,2.3946,5,,
Thu Feb 20 14:27:52 UTC 2014,9.972,34.4791,0.6,2.3946,5,,
Thu Feb 20 14:27:58 UTC 2014,9.972,34.4791,0.6,2.3946,5,,
Thu Feb 20 14:28:04 UTC 2014,9.972,34.4791,0.6,2.3946,5,,
Thu Feb 20 14:28:09 UTC 2014,9.972,34.4791,0.6,2.3946,5,,
Thu Feb 20 14:28:15 UTC 2014,9.972,34.4791,0.6,2.3946,5,,
Thu Feb 20 14:28:21 UTC 2014,9.972,34.4791,0.6,2.3946,5,,
Thu Feb 20 14:28:26 UTC 2014,9.972,30.668,0.6,2.4129,5,,
Thu Feb 20 14:28:32 UTC 2014,9.972,30.668,0.6,2.4129,5,,
Thu Feb 20 14:28:37 UTC 2014,9.972,30.668,0.6,2.4129,5,,
Thu Feb 20 14:28:43 UTC 2014,9.972,30.668,0.6,2.4129,5,,
Thu Feb 20 14:28:48 UTC 2014,9.972,35.435,0.6,2.3473,5,,
Thu Feb 20 14:28:54 UTC 2014,9.972,35.435,0.6,2.3473,5,,
Thu Feb 20 14:29:00 UTC 2014,9.972,35.435,0.6,2.3473,5,,
Thu Feb 20 14:29:06 UTC 2014,9.972,35.435,0.6,2.3473,5,,
Thu Feb 20 14:29:12 UTC 2014,9.966,33.0861,0.6,2.4667,5,,
Thu Feb 20 14:29:17 UTC 2014,9.966,33.0861,0.6,2.4667,5,,
Thu Feb 20 14:29:23 UTC 2014,9.966,33.0861,0.6,2.4667,5,,
Thu Feb 20 14:29:29 UTC 2014,9.966,33.0861,0.6,2.4667,5,,
Thu Feb 20 14:29:34 UTC 2014,9.966,33.0861,0.6,2.4667,5,,
Thu Feb 20 14:29:40 UTC 2014,9.966,33.0861,0.6,2.4667,5,,
Thu Feb 20 14:29:45 UTC 2014,9.972,33.7073,0.6,2.6333,5,,
Thu Feb 20 14:29:51 UTC 2014,9.972,33.7073,0.6,2.6333,5,,
Thu Feb 20 14:29:56 UTC 2014,9.972,33.7073,0.6,2.6333,5,,
Thu Feb 20 14:30:02 UTC 2014,9.966,25.9358,0.6,2.5333,5,,
Thu Feb 20 14:30:08 UTC 2014,9.966,25.9358,0.6,2.5333,5,,
Thu Feb 20 14:30:13 UTC 2014,9.966,28.9116,0.6,2.329,5,,
Thu Feb 20 14:30:19 UTC 2014,9.966,28.9116,0.6,2.329,5,,
Thu Feb 20 14:30:24 UTC 2014,9.966,28.9116,0.6,2.329,5,,
Thu Feb 20 14:30:30 UTC 2014,9.966,28.9116,0.6,2.329,5,,
Thu Feb 20 14:30:36 UTC 2014,9.972,26.1181,0.6,2.4935,5,,
Thu Feb 20 14:30:41 UTC 2014,9.972,26.1181,0.6,2.4935,5,,
Thu Feb 20 14:30:46 UTC 2014,9.972,27.7528,0.6,2.4129,5,,
Thu Feb 20 14:30:52 UTC 2014,9.972,27.7528,0.6,2.4129,5,,
Thu Feb 20 14:30:58 UTC 2014,9.972,27.7528,0.6,2.4129,5,,
Thu Feb 20 14:31:03 UTC 2014,9.972,27.7528,0.6,2.4129,5,,
Thu Feb 20 14:31:09 UTC 2014,9.966,32.4957,0.6,2.3667,5,,
Thu Feb 20 14:31:14 UTC 2014,9.966,32.4957,0.6,2.3667,5,,
Thu Feb 20 14:31:20 UTC 2014,9.966,32.4957,0.6,2.3667,5,,
Thu Feb 20 14:31:25 UTC 2014,9.972,29.9339,0.6,2.3667,5,,
Thu Feb 20 14:31:31 UTC 2014,9.972,29.9339,0.6,2.3667,5,,
Thu Feb 20 14:31:36 UTC 2014,9.972,29.9339,0.6,2.3667,5,,
Thu Feb 20 14:31:41 UTC 2014,9.972,32.2055,0.6,2.4333,5,,
Thu Feb 20 14:31:47 UTC 2014,9.972,32.2055,0.6,2.4333,5,,
Thu Feb 20 14:31:52 UTC 2014,9.972,32.2055,0.6,2.4333,5,,
Thu Feb 20 14:31:58 UTC 2014,9.972,32.2055,0.6,2.4333,5,,
Thu Feb 20 14:32:04 UTC 2014,9.972,32.2055,0.6,2.4333,5,,
Thu Feb 20 14:32:09 UTC 2014,9.9644,30.062,0.6,2.2817,5,,
Thu Feb 20 14:32:14 UTC 2014,9.9644,32.2754,0.6,2.2946,5,,
Thu Feb 20 14:32:20 UTC 2014,9.9644,32.2754,0.6,2.2946,5,,
Thu Feb 20 14:32:25 UTC 2014,9.9644,32.2754,0.6,2.2946,5,,
Thu Feb 20 14:32:31 UTC 2014,9.9704,27.9528,0.6,2.3269,5,,
Thu Feb 20 14:32:36 UTC 2014,9.9704,27.9528,0.6,2.3269,5,,
Thu Feb 20 14:32:42 UTC 2014,9.9704,27.9528,0.6,2.3269,5,,
Thu Feb 20 14:32:47 UTC 2014,9.9704,27.9528,0.6,2.3269,5,,
Thu Feb 20 14:32:53 UTC 2014,9.9704,34.0529,0.6,2.4667,5,,
Thu Feb 20 14:32:58 UTC 2014,9.9704,33.128,0.6,2.4667,5,,
Thu Feb 20 14:33:04 UTC 2014,9.9704,33.128,0.6,2.4667,5,,
Thu Feb 20 14:33:10 UTC 2014,9.9704,33.128,0.6,2.4667,5,,
Thu Feb 20 14:33:15 UTC 2014,9.9704,33.128,0.6,2.4667,5,,
Thu Feb 20 14:33:20 UTC 2014,9.9704,33.128,0.6,2.4667,5,,
Thu Feb 20 14:33:26 UTC 2014,9.9704,34.9391,0.6,2.3301,5,,
Thu Feb 20 14:33:31 UTC 2014,9.9704,34.9391,0.6,2.3301,5,,
Thu Feb 20 14:33:37 UTC 2014,9.9704,34.9391,0.6,2.3301,5,,
Thu Feb 20 14:33:42 UTC 2014,9.9704,27.7425,0.6,2.3161,5,,
Thu Feb 20 14:33:48 UTC 2014,9.9704,27.7425,0.6,2.3161,5,,
Thu Feb 20 14:33:54 UTC 2014,9.9704,33.7333,0.6,2.3667,5,,
Thu Feb 20 14:33:59 UTC 2014,9.9704,33.7333,0.6,2.3667,5,,
Thu Feb 20 14:34:05 UTC 2014,9.9704,33.7333,0.6,2.3667,5,,
Thu Feb 20 14:34:10 UTC 2014,9.9704,33.7333,0.6,2.3667,5,,
Thu Feb 20 14:34:16 UTC 2014,9.9644,28.1292,0.6,2.3806,5,,
Thu Feb 20 14:34:21 UTC 2014,9.9644,28.1292,0.6,2.3806,5,,
Thu Feb 20 14:34:26 UTC 2014,9.9704,26.4047,0.6,2.4,5,,
Thu Feb 20 14:34:32 UTC 2014,9.9704,26.4047,0.6,2.4,5,,
Thu Feb 20 14:34:37 UTC 2014,9.9704,31.4114,0.6,2.4667,5,CassandraNode_scaleOut,CassandraNode
Thu Feb 20 14:34:48 UTC 2014,9.9704,35.0475,0.6,2.4785,5,CassandraNode_scaleOut,CassandraNode
Thu Feb 20 14:34:58 UTC 2014,9.9704,35.0475,0.6,2.4785,5,CassandraNode_scaleOut,CassandraNode
Thu Feb 20 14:35:10 UTC 2014,9.9704,32.0217,0.6,2.3495,5,CassandraNode_scaleOut,CassandraNode
Thu Feb 20 14:35:20 UTC 2014,9.9704,31.337,0.6,2.3495,5,CassandraNode_scaleOut,CassandraNode
Thu Feb 20 14:35:30 UTC 2014,9.9704,25.0652,0.6,2.2828,5,,
Thu Feb 20 14:35:37 UTC 2014,9.9704,34.1138,0.6,2.2828,5,,
Thu Feb 20 14:35:42 UTC 2014,9.9704,34.1138,0.6,2.2828,5,,
Thu Feb 20 14:35:48 UTC 2014,9.9704,34.1138,0.6,2.2828,5,,
Thu Feb 20 14:35:54 UTC 2014,9.9704,34.1138,0.6,2.2828,5,,
Thu Feb 20 14:35:59 UTC 2014,9.9689,28.3467,0.6,2.4,5,,
Thu Feb 20 14:36:05 UTC 2014,9.9689,28.3467,0.6,2.4,5,,
Thu Feb 20 14:36:10 UTC 2014,9.9689,28.3467,0.6,2.4,5,,
Thu Feb 20 14:36:16 UTC 2014,9.9689,28.3467,0.6,2.4,5,,
Thu Feb 20 14:36:21 UTC 2014,9.9689,34.387,0.6,2.3817,5,,
Thu Feb 20 14:36:27 UTC 2014,9.9689,34.387,0.6,2.3817,5,,
Thu Feb 20 14:36:32 UTC 2014,9.9689,34.387,0.6,2.3817,5,,
Thu Feb 20 14:36:37 UTC 2014,9.9689,33.5943,0.6,2.4935,5,,
Thu Feb 20 14:36:43 UTC 2014,9.9689,33.5943,0.6,2.4935,5,,
Thu Feb 20 14:36:49 UTC 2014,9.9689,33.5943,0.6,2.4935,5,,
Thu Feb 20 14:36:54 UTC 2014,9.9689,33.5943,0.6,2.4935,5,,
Thu Feb 20 14:36:59 UTC 2014,9.9689,35.2843,0.6,2.4452,5,,
Thu Feb 20 14:37:05 UTC 2014,9.9689,35.4955,0.6,2.4452,5,,
Thu Feb 20 14:37:10 UTC 2014,9.9689,35.4955,0.6,2.4452,5,,
Thu Feb 20 14:37:15 UTC 2014,9.9689,33.6606,0.6,2.5,5,,
Thu Feb 20 14:37:21 UTC 2014,9.9689,33.6606,0.6,2.5,5,,
Thu Feb 20 14:37:26 UTC 2014,9.9689,33.6606,0.6,2.5,5,,
Thu Feb 20 14:37:31 UTC 2014,9.9689,36.4571,0.6,2.4484,5,,
Thu Feb 20 14:37:37 UTC 2014,9.9689,36.4571,0.6,2.4484,5,,
Thu Feb 20 14:37:43 UTC 2014,9.9689,36.4571,0.6,2.4484,5,,
Thu Feb 20 14:37:48 UTC 2014,9.9689,36.4571,0.6,2.4484,5,,
Thu Feb 20 14:37:53 UTC 2014,9.9689,31.3567,0.6,2.4269,5,,
Thu Feb 20 14:37:59 UTC 2014,9.9689,31.3567,0.6,2.4269,5,,
Thu Feb 20 14:38:04 UTC 2014,9.9689,29.3574,0.6,2.2968,5,,
Thu Feb 20 14:38:10 UTC 2014,9.9689,29.3574,0.6,2.2968,5,,
Thu Feb 20 14:38:15 UTC 2014,9.9689,29.3574,0.6,2.2968,5,,
Thu Feb 20 14:38:21 UTC 2014,9.9689,29.7482,0.6,2.2183,5,,
Thu Feb 20 14:38:26 UTC 2014,9.9689,29.7482,0.6,2.2183,5,,
Thu Feb 20 14:38:31 UTC 2014,9.9689,30.3585,0.6,2.4,5,,
Thu Feb 20 14:38:37 UTC 2014,9.9689,30.3585,0.6,2.4,5,,
Thu Feb 20 14:38:42 UTC 2014,9.9689,21.0842,0.6,2.5,5,,
Thu Feb 20 14:38:48 UTC 2014,9.9689,29.2432,0.6,2.5,5,,
Thu Feb 20 14:38:53 UTC 2014,9.9689,29.1432,0.6,2.5,5,,
Thu Feb 20 14:38:58 UTC 2014,9.9689,29.1432,0.6,2.5,5,,
Thu Feb 20 14:39:04 UTC 2014,9.9689,24.4241,0.6,2.5,5,,
Thu Feb 20 14:39:09 UTC 2014,9.9689,24.4241,0.6,2.5,5,,
Thu Feb 20 14:39:14 UTC 2014,9.9689,24.4241,0.6,2.5,5,,
Thu Feb 20 14:39:20 UTC 2014,9.9689,27.6473,0.6,2.3806,5,,
Thu Feb 20 14:39:25 UTC 2014,9.9689,27.6473,0.6,2.3806,5,,
Thu Feb 20 14:39:30 UTC 2014,9.9689,23.8198,0.6,2.3806,5,,
Thu Feb 20 14:39:36 UTC 2014,9.9689,20.7506,0.6,2.328,5,,
Thu Feb 20 14:39:41 UTC 2014,9.9689,20.7506,0.6,2.328,5,,
Thu Feb 20 14:39:46 UTC 2014,9.9689,20.1618,0.6,2.414,5,,
Thu Feb 20 14:39:52 UTC 2014,9.9689,26.3422,0.6,2.414,5,,
Thu Feb 20 14:39:58 UTC 2014,9.9689,26.3422,0.6,2.414,5,,
Thu Feb 20 14:40:03 UTC 2014,9.9689,24.9075,0.6,2.4333,5,,
Thu Feb 20 14:40:08 UTC 2014,9.9689,24.9075,0.6,2.4333,5,,
Thu Feb 20 14:40:14 UTC 2014,9.9689,19.9195,0.6,2.4129,5,,
Thu Feb 20 14:40:19 UTC 2014,9.9689,19.9195,0.6,2.4129,5,,
Thu Feb 20 14:40:24 UTC 2014,9.9689,19.9195,0.6,2.4129,5,,
Thu Feb 20 14:40:30 UTC 2014,9.9628,11.8121,0.6,2.3796,5,,
Thu Feb 20 14:40:35 UTC 2014,9.9628,8.1,0.6,2.3796,5,,
Thu Feb 20 14:40:41 UTC 2014,9.9628,8.1,0.6,2.3796,5,,
Thu Feb 20 14:40:46 UTC 2014,9.9628,25.2911,0.6,2.4,5,,
Thu Feb 20 14:40:51 UTC 2014,9.9628,25.2911,0.6,2.4,5,,
Thu Feb 20 14:40:56 UTC 2014,9.9628,27.507,0.6,2.4,5,,
Thu Feb 20 14:41:01 UTC 2014,9.9628,29.8903,0.6,2.4,5,,
Thu Feb 20 14:41:07 UTC 2014,9.9689,26.7687,0.6,2.4,5,,
Thu Feb 20 14:41:12 UTC 2014,9.9689,26.7687,0.6,2.4,5,,
Thu Feb 20 14:41:17 UTC 2014,9.9689,30.609,0.6,2.3333,5,,
Thu Feb 20 14:41:22 UTC 2014,9.9689,30.609,0.6,2.3333,5,,
Thu Feb 20 14:41:28 UTC 2014,9.9689,30.609,0.6,2.3333,5,,
Thu Feb 20 14:41:33 UTC 2014,9.9628,31.7498,0.6,2.3796,5,,
Thu Feb 20 14:41:39 UTC 2014,9.9628,31.7498,0.6,2.3796,5,,
Thu Feb 20 14:41:44 UTC 2014,9.9628,30.9326,0.6,2.4129,5,,
Thu Feb 20 14:41:50 UTC 2014,9.9628,30.9326,0.6,2.4129,5,,
Thu Feb 20 14:41:55 UTC 2014,9.9628,30.9326,0.6,2.4129,5,,
Thu Feb 20 14:42:01 UTC 2014,9.9628,30.9326,0.6,2.4129,5,,
Thu Feb 20 14:42:06 UTC 2014,9.9628,33.1803,0.6,2.3301,5,,
Thu Feb 20 14:42:11 UTC 2014,9.9628,33.1803,0.6,2.3301,5,,
Thu Feb 20 14:42:17 UTC 2014,9.9628,33.1803,0.6,2.3301,5,,
Thu Feb 20 14:42:23 UTC 2014,9.9689,34.1547,0.6,2.3301,5,,
Thu Feb 20 14:42:28 UTC 2014,9.9689,34.1547,0.6,2.3301,5,,
Thu Feb 20 14:42:34 UTC 2014,9.9689,34.1547,0.6,2.3301,5,,
Thu Feb 20 14:42:39 UTC 2014,9.9689,34.1547,0.6,2.3301,5,,
Thu Feb 20 14:42:45 UTC 2014,9.9628,35.8558,0.6,2.5796,5,,
Thu Feb 20 14:42:50 UTC 2014,9.9628,35.8558,0.6,2.5796,5,,
Thu Feb 20 14:42:56 UTC 2014,9.9628,35.8558,0.6,2.5796,5,,
Thu Feb 20 14:43:01 UTC 2014,9.9628,35.8558,0.6,2.5796,5,,
Thu Feb 20 14:43:07 UTC 2014,9.9628,35.8558,0.6,2.5796,5,,
Thu Feb 20 14:43:12 UTC 2014,9.9628,35.2156,0.6,2.5333,5,AppServer_scaleIn,AppServer
Thu Feb 20 14:43:23 UTC 2014,9.9628,34.2191,0.6,2.3495,5,AppServer_scaleIn,AppServer
Thu Feb 20 14:43:33 UTC 2014,9.9628,34.2191,0.6,2.3161,5,AppServer_scaleIn,AppServer
Thu Feb 20 14:43:43 UTC 2014,9.9628,33.4791,0.6,2.3161,5,AppServer_scaleIn,AppServer
Thu Feb 20 14:43:54 UTC 2014,9.9628,34.1419,0.6,2.2645,5,AppServer_scaleIn,AppServer
Thu Feb 20 14:44:04 UTC 2014,9.9455,36.1302,0.6,2.2645,5,AppServer_scaleIn,AppServer
Thu Feb 20 14:44:14 UTC 2014,9.9455,36.0813,0.6,2.2774,5,AppServer_scaleIn,AppServer
Thu Feb 20 14:44:24 UTC 2014,9.9455,36.1307,0.6,2.2774,5,AppServer_scaleIn,AppServer
Thu Feb 20 14:44:35 UTC 2014,9.9455,36.0452,0.6,2.1989,5,AppServer_scaleIn,AppServer
Thu Feb 20 14:44:45 UTC 2014,9.9455,36.6592,0.6,2.4129,5,AppServer_scaleIn,AppServer
Thu Feb 20 14:44:56 UTC 2014,9.9459,36.6592,0.6,2.4129,5,AppServer_scaleIn,AppServer
Thu Feb 20 14:45:07 UTC 2014,9.9519,34.8735,0.6,1.6525,5,AppServer_scaleIn,AppServer
Thu Feb 20 14:45:17 UTC 2014,9.9519,40.4541,0.6,1.6979,5,AppServer_scaleIn,AppServer
Thu Feb 20 14:45:27 UTC 2014,9.9519,40.4541,0.6,1.6979,5,AppServer_scaleIn,AppServer
Thu Feb 20 14:45:38 UTC 2014,9.958,37.3856,0.6,1.6979,5,,
Thu Feb 20 14:45:48 UTC 2014,9.958,45.9522,0.48,1.7419,4,,
Thu Feb 20 14:45:54 UTC 2014,9.958,45.9522,0.48,1.7419,4,,
Thu Feb 20 14:45:59 UTC 2014,9.958,45.5674,0.48,1.7419,4,,
Thu Feb 20 14:46:04 UTC 2014,9.958,45.5674,0.48,1.7419,4,,
Thu Feb 20 14:46:10 UTC 2014,9.958,45.5674,0.48,1.7419,4,,
Thu Feb 20 14:46:15 UTC 2014,9.958,35.0734,0.48,1.7097,4,,
Thu Feb 20 14:46:21 UTC 2014,9.958,35.0734,0.48,1.7097,4,,
Thu Feb 20 14:46:26 UTC 2014,9.964,45.0843,0.48,1.7161,4,,
Thu Feb 20 14:46:32 UTC 2014,9.964,45.0843,0.48,1.7161,4,,
Thu Feb 20 14:46:37 UTC 2014,9.964,45.11,0.48,1.7161,4,,
Thu Feb 20 14:46:43 UTC 2014,9.964,45.11,0.48,1.7161,4,,
Thu Feb 20 14:46:48 UTC 2014,9.964,45.11,0.48,1.7161,4,,
Thu Feb 20 14:46:54 UTC 2014,9.964,45.11,0.48,1.7161,4,,
Thu Feb 20 14:46:59 UTC 2014,9.964,45.4186,0.48,1.9,4,,
Thu Feb 20 14:47:05 UTC 2014,9.964,45.4186,0.48,1.9,4,,
Thu Feb 20 14:47:11 UTC 2014,9.964,45.4186,0.48,1.9,4,,
Thu Feb 20 14:47:16 UTC 2014,9.964,36.8939,0.48,1.8806,4,,
Thu Feb 20 14:47:21 UTC 2014,9.964,36.8939,0.48,1.8806,4,,
Thu Feb 20 14:47:27 UTC 2014,9.9701,35.7169,0.48,1.7935,4,,
Thu Feb 20 14:47:32 UTC 2014,9.9701,37.9272,0.48,1.7935,4,,
Thu Feb 20 14:47:37 UTC 2014,9.964,34.6328,0.48,1.9226,4,,
Thu Feb 20 14:47:42 UTC 2014,9.964,34.6328,0.48,1.9226,4,,
Thu Feb 20 14:47:48 UTC 2014,9.964,32.6127,0.48,2.043,4,,
Thu Feb 20 14:47:53 UTC 2014,9.964,32.6127,0.48,2.043,4,,
Thu Feb 20 14:47:58 UTC 2014,9.964,30.5445,0.48,2.043,4,,
Thu Feb 20 14:48:04 UTC 2014,9.964,30.5445,0.48,2.043,4,,
Thu Feb 20 14:48:09 UTC 2014,9.964,25.5559,0.48,1.9,4,,
Thu Feb 20 14:48:14 UTC 2014,9.964,25.5559,0.48,1.9,4,,
Thu Feb 20 14:48:20 UTC 2014,9.964,25.5559,0.48,1.9,4,,
Thu Feb 20 14:48:25 UTC 2014,9.9701,37.861,0.48,1.7333,4,,
Thu Feb 20 14:48:31 UTC 2014,9.9701,37.861,0.48,1.7333,4,,
Thu Feb 20 14:48:36 UTC 2014,9.9701,37.861,0.48,1.7333,4,,
Thu Feb 20 14:48:42 UTC 2014,9.9701,37.861,0.48,1.7333,4,,
Thu Feb 20 14:48:47 UTC 2014,9.9701,37.861,0.48,1.7333,4,,
Thu Feb 20 14:48:52 UTC 2014,9.964,43.1199,0.48,2.0452,4,,
Thu Feb 20 14:48:58 UTC 2014,9.964,43.1199,0.48,2.0452,4,,
Thu Feb 20 14:49:04 UTC 2014,9.964,43.1199,0.48,2.0452,4,,
Thu Feb 20 14:49:10 UTC 2014,9.964,43.1199,0.48,2.0452,4,,
Thu Feb 20 14:49:15 UTC 2014,9.964,44.1979,0.48,1.9743,4,,
Thu Feb 20 14:49:20 UTC 2014,9.964,44.1979,0.48,1.9743,4,,
Thu Feb 20 14:49:26 UTC 2014,9.964,44.1979,0.48,1.9743,4,,
Thu Feb 20 14:49:31 UTC 2014,9.964,44.1979,0.48,1.9743,4,,
Thu Feb 20 14:49:37 UTC 2014,9.964,36.7288,0.48,1.8087,4,,
Thu Feb 20 14:49:42 UTC 2014,9.964,36.7288,0.48,1.8087,4,,
Thu Feb 20 14:49:48 UTC 2014,9.964,36.7288,0.48,1.8087,4,,
Thu Feb 20 14:49:54 UTC 2014,9.964,36.7288,0.48,1.8087,4,,
Thu Feb 20 14:49:59 UTC 2014,9.964,42.8392,0.48,1.7495,4,,
Thu Feb 20 14:50:05 UTC 2014,9.964,42.8392,0.48,1.7495,4,,
Thu Feb 20 14:50:10 UTC 2014,9.964,42.8392,0.48,1.7495,4,,
Thu Feb 20 14:50:15 UTC 2014,9.964,43.9884,0.48,1.7495,4,,
Thu Feb 20 14:50:21 UTC 2014,9.964,43.9884,0.48,1.7495,4,,
Thu Feb 20 14:50:26 UTC 2014,9.9701,43.1426,0.48,1.7495,4,,
Thu Feb 20 14:50:31 UTC 2014,9.9701,43.1426,0.48,1.7495,4,,
Thu Feb 20 14:50:37 UTC 2014,9.9701,44.7933,0.48,1.7495,4,,
Thu Feb 20 14:50:42 UTC 2014,9.964,43.1976,0.48,1.7495,4,,
Thu Feb 20 14:50:47 UTC 2014,9.964,43.1976,0.48,1.7495,4,,
Thu Feb 20 14:50:52 UTC 2014,9.964,38.0598,0.48,1.8333,4,,
Thu Feb 20 14:50:58 UTC 2014,9.964,44.1546,0.48,1.7151,4,,
Thu Feb 20 14:51:03 UTC 2014,9.964,44.114,0.48,1.7151,4,,
Thu Feb 20 14:51:09 UTC 2014,9.964,44.8021,0.48,1.7151,4,,
Thu Feb 20 14:51:14 UTC 2014,9.964,39.8722,0.48,1.7817,4,,
Thu Feb 20 14:51:19 UTC 2014,9.964,24.7892,0.48,1.9,4,,
Thu Feb 20 14:51:25 UTC 2014,9.964,24.7892,0.48,1.9,4,,
Thu Feb 20 14:51:31 UTC 2014,9.964,24.7892,0.48,1.9,4,,
Thu Feb 20 14:51:37 UTC 2014,9.964,26.4587,0.48,1.9,4,,
Thu Feb 20 14:51:42 UTC 2014,9.964,26.4587,0.48,1.9,4,,
Thu Feb 20 14:51:47 UTC 2014,9.964,27.0937,0.48,1.9333,4,,
Thu Feb 20 14:51:53 UTC 2014,9.964,27.0937,0.48,1.9333,4,CassandraNode_scaleOut,CassandraNode
Thu Feb 20 14:52:04 UTC 2014,9.9624,29.9673,0.48,1.8796,4,CassandraNode_scaleOut,CassandraNode
Thu Feb 20 14:52:14 UTC 2014,9.9624,37.7764,0.48,1.7,4,CassandraNode_scaleOut,CassandraNode
Thu Feb 20 14:52:24 UTC 2014,9.9624,38.6527,0.48,1.7,4,CassandraNode_scaleOut,CassandraNode
Thu Feb 20 14:52:35 UTC 2014,10.0855,41.3626,0.48,1.7333,4,CassandraNode_scaleOut,CassandraNode
Thu Feb 20 14:52:45 UTC 2014,10.1159,38.307,0.48,1.8774,4,,
Thu Feb 20 14:52:55 UTC 2014,10.0915,38.6248,0.48,1.8774,4,,
Thu Feb 20 14:53:00 UTC 2014,10.0915,42.6222,0.48,1.8774,4,,
Thu Feb 20 14:53:05 UTC 2014,10.0915,40.8242,0.48,1.8774,4,,
Thu Feb 20 14:53:11 UTC 2014,10.0915,40.8242,0.48,1.8774,4,,
Thu Feb 20 14:53:16 UTC 2014,10.1896,34.5793,0.48,1.9441,4,,
Thu Feb 20 14:53:23 UTC 2014,10.1896,34.5793,0.48,1.9441,4,,
Thu Feb 20 14:53:28 UTC 2014,10.3296,45.1994,0.48,1.9129,4,,
Thu Feb 20 14:53:33 UTC 2014,10.3296,45.1994,0.48,1.9129,4,,
Thu Feb 20 14:53:38 UTC 2014,10.3294,43.5335,0.48,1.9129,4,,
Thu Feb 20 14:53:44 UTC 2014,10.3294,43.5335,0.48,1.9129,4,,
Thu Feb 20 14:53:49 UTC 2014,10.3294,43.7022,0.48,1.7796,4,,
Thu Feb 20 14:53:55 UTC 2014,10.3294,43.7022,0.48,1.7796,4,,
Thu Feb 20 14:54:00 UTC 2014,10.3296,43.6257,0.48,1.6667,4,,
Thu Feb 20 14:54:06 UTC 2014,10.3296,43.6257,0.48,1.6667,4,,
Thu Feb 20 14:54:11 UTC 2014,10.2871,42.129,0.48,1.6667,4,,
Thu Feb 20 14:54:16 UTC 2014,10.2871,42.129,0.48,1.6667,4,,
Thu Feb 20 14:54:22 UTC 2014,10.2871,39.0229,0.48,1.7,4,,
Thu Feb 20 14:54:27 UTC 2014,10.2871,39.0229,0.48,1.7,4,,
Thu Feb 20 14:54:33 UTC 2014,10.2871,39.0229,0.48,1.7,4,,
Thu Feb 20 14:54:38 UTC 2014,10.2871,39.0229,0.48,1.7,4,,
Thu Feb 20 14:54:44 UTC 2014,10.2867,45.6517,0.48,1.7925,4,,
Thu Feb 20 14:54:49 UTC 2014,10.2867,45.6517,0.48,1.7925,4,,
Thu Feb 20 14:54:55 UTC 2014,10.2867,45.6517,0.48,1.7925,4,,
Thu Feb 20 14:55:01 UTC 2014,10.2867,45.6517,0.48,1.7925,4,,
Thu Feb 20 14:55:06 UTC 2014,10.2867,45.6517,0.48,1.7925,4,,
Thu Feb 20 14:55:12 UTC 2014,10.2372,46.1217,0.48,1.8333,4,,
Thu Feb 20 14:55:19 UTC 2014,10.2372,46.1217,0.48,1.8333,4,,
Thu Feb 20 14:55:24 UTC 2014,10.2372,46.1217,0.48,1.8333,4,,
Thu Feb 20 14:55:30 UTC 2014,10.2372,46.1217,0.48,1.8333,4,,
Thu Feb 20 14:55:35 UTC 2014,10.2372,46.1217,0.48,1.8333,4,,
Thu Feb 20 14:55:41 UTC 2014,10.206,46.4526,0.48,1.9667,4,,
Thu Feb 20 14:55:46 UTC 2014,10.206,46.4526,0.48,1.9667,4,,
Thu Feb 20 14:55:52 UTC 2014,10.206,46.4526,0.48,1.9667,4,,
Thu Feb 20 14:55:57 UTC 2014,10.206,46.4526,0.48,1.9667,4,,
Thu Feb 20 14:56:03 UTC 2014,10.206,46.4526,0.48,1.9667,4,,
Thu Feb 20 14:56:08 UTC 2014,10.2481,46.7344,0.48,1.6925,4,,
Thu Feb 20 14:56:14 UTC 2014,10.2481,46.7344,0.48,1.6925,4,,
Thu Feb 20 14:56:19 UTC 2014,10.2481,46.7344,0.48,1.6925,4,,
Thu Feb 20 14:56:25 UTC 2014,10.2481,46.7344,0.48,1.6925,4,,
Thu Feb 20 14:56:30 UTC 2014,10.2479,44.9892,0.48,1.8161,4,,
Thu Feb 20 14:56:36 UTC 2014,10.2479,44.9892,0.48,1.8161,4,,
Thu Feb 20 14:56:41 UTC 2014,10.2296,46.3359,0.48,1.8161,4,,
Thu Feb 20 14:56:46 UTC 2014,10.2296,46.3359,0.48,1.8161,4,,
Thu Feb 20 14:56:52 UTC 2014,10.2296,46.3359,0.48,1.8161,4,,
Thu Feb 20 14:56:57 UTC 2014,10.2477,46.1043,0.48,1.6593,4,,
Thu Feb 20 14:57:03 UTC 2014,10.2477,46.1043,0.48,1.6593,4,,
Thu Feb 20 14:57:09 UTC 2014,10.2477,46.1043,0.48,1.6593,4,,
Thu Feb 20 14:57:14 UTC 2014,10.2477,46.1043,0.48,1.6593,4,,
Thu Feb 20 14:57:19 UTC 2014,10.2411,46.192,0.48,1.6129,4,,
Thu Feb 20 14:57:25 UTC 2014,10.2411,46.192,0.48,1.6129,4,,
Thu Feb 20 14:57:30 UTC 2014,10.1198,46.2642,0.48,1.7742,4,,
Thu Feb 20 14:57:36 UTC 2014,10.1198,46.2642,0.48,1.7742,4,,
Thu Feb 20 14:57:41 UTC 2014,10.0948,45.7184,0.48,1.7742,4,,
Thu Feb 20 14:57:46 UTC 2014,10.0948,45.7184,0.48,1.7742,4,,
Thu Feb 20 14:57:52 UTC 2014,10.0948,45.7184,0.48,1.7742,4,,
Thu Feb 20 14:57:57 UTC 2014,10.0948,45.7184,0.48,1.7742,4,,
Thu Feb 20 14:58:03 UTC 2014,10.0948,45.7184,0.48,1.7742,4,,
Thu Feb 20 14:58:08 UTC 2014,10.0888,46.4223,0.48,1.957,4,,
Thu Feb 20 14:58:14 UTC 2014,10.0888,46.4223,0.48,1.957,4,,
Thu Feb 20 14:58:20 UTC 2014,10.0888,46.4223,0.48,1.957,4,,
Thu Feb 20 14:58:25 UTC 2014,10.0888,46.4223,0.48,1.957,4,,
Thu Feb 20 14:58:31 UTC 2014,10.0888,46.4223,0.48,1.957,4,,
Thu Feb 20 14:58:36 UTC 2014,10.1013,46.4001,0.48,1.6583,4,,
Thu Feb 20 14:58:42 UTC 2014,10.1013,46.4001,0.48,1.6583,4,,
Thu Feb 20 14:58:47 UTC 2014,10.1013,46.4001,0.48,1.6583,4,,
Thu Feb 20 14:58:52 UTC 2014,10.1013,46.4001,0.48,1.6583,4,,
Thu Feb 20 14:58:58 UTC 2014,9.9726,46.7057,0.48,1.6905,4,,
Thu Feb 20 14:59:03 UTC 2014,9.9726,46.7057,0.48,1.6905,4,,
Thu Feb 20 14:59:09 UTC 2014,9.9726,46.7057,0.48,1.6905,4,,
Thu Feb 20 14:59:14 UTC 2014,9.9726,46.7057,0.48,1.6905,4,,
Thu Feb 20 14:59:20 UTC 2014,9.9726,46.7354,0.48,1.8065,4,,
Thu Feb 20 14:59:25 UTC 2014,9.9726,46.7354,0.48,1.8065,4,,
Thu Feb 20 14:59:31 UTC 2014,9.9726,46.7354,0.48,1.8065,4,,
Thu Feb 20 14:59:36 UTC 2014,9.9726,46.7354,0.48,1.8065,4,,
Thu Feb 20 14:59:42 UTC 2014,9.9726,46.7354,0.48,1.8065,4,,
Thu Feb 20 14:59:47 UTC 2014,9.9726,46.5359,0.48,1.7097,4,,
Thu Feb 20 14:59:53 UTC 2014,9.9726,46.5359,0.48,1.7097,4,,
Thu Feb 20 14:59:58 UTC 2014,9.9726,46.5359,0.48,1.7097,4,,
Thu Feb 20 15:00:04 UTC 2014,9.9726,46.5359,0.48,1.7097,4,,
Thu Feb 20 15:00:09 UTC 2014,9.9726,46.5359,0.48,1.7097,4,,
Thu Feb 20 15:00:15 UTC 2014,9.9726,43.7408,0.48,1.871,4,,
Thu Feb 20 15:00:20 UTC 2014,9.9726,43.7408,0.48,1.871,4,,
Thu Feb 20 15:00:26 UTC 2014,9.9726,43.7408,0.48,1.871,4,CassandraNode_scaleOut,CassandraNode
Thu Feb 20 15:00:36 UTC 2014,9.9786,47.0616,0.48,1.629,4,CassandraNode_scaleOut,CassandraNode
Thu Feb 20 15:00:47 UTC 2014,9.9786,47.0616,0.48,1.629,4,CassandraNode_scaleOut,CassandraNode
Thu Feb 20 15:00:57 UTC 2014,9.9786,46.4867,0.48,1.629,4,CassandraNode_scaleOut,CassandraNode
Thu Feb 20 15:01:08 UTC 2014,9.9786,45.2093,0.48,1.8484,4,CassandraNode_scaleOut,CassandraNode
Thu Feb 20 15:01:19 UTC 2014,9.9786,45.8317,0.48,1.8484,4,,
Thu Feb 20 15:01:28 UTC 2014,9.9726,45.8317,0.48,1.8484,4,,
Thu Feb 20 15:01:33 UTC 2014,9.9726,46.1312,0.48,1.9036,4,,
Thu Feb 20 15:01:39 UTC 2014,9.9786,46.4548,0.48,1.7853,4,,
Thu Feb 20 15:01:44 UTC 2014,9.9786,46.4624,0.48,1.7853,4,,
Thu Feb 20 15:01:49 UTC 2014,9.9786,45.4743,0.48,1.7853,4,,
Thu Feb 20 15:01:55 UTC 2014,9.9771,45.9465,0.48,1.7853,4,,
Thu Feb 20 15:02:00 UTC 2014,9.9771,44.015,0.48,1.8046,4,,
Thu Feb 20 15:02:05 UTC 2014,9.9771,44.015,0.48,1.8046,4,,
Thu Feb 20 15:02:10 UTC 2014,9.9771,44.015,0.48,1.8046,4,,
Thu Feb 20 15:02:16 UTC 2014,9.9771,41.7839,0.48,1.8258,4,,
Thu Feb 20 15:02:21 UTC 2014,9.971,42.0909,0.48,1.8258,4,,
Thu Feb 20 15:02:27 UTC 2014,9.971,45.3088,0.48,1.8258,4,,
Thu Feb 20 15:02:32 UTC 2014,9.971,45.1562,0.48,1.7462,4,,
Thu Feb 20 15:02:37 UTC 2014,9.971,45.1562,0.48,1.7462,4,,
Thu Feb 20 15:02:42 UTC 2014,9.9771,45.4335,0.48,1.6796,4,,
Thu Feb 20 15:02:48 UTC 2014,9.9771,45.4335,0.48,1.6796,4,,
Thu Feb 20 15:02:54 UTC 2014,9.9771,45.4335,0.48,1.6796,4,,
Thu Feb 20 15:03:00 UTC 2014,9.9771,45.4335,0.48,1.6796,4,,
Thu Feb 20 15:03:06 UTC 2014,9.9771,45.0897,0.48,1.7806,4,,
Thu Feb 20 15:03:11 UTC 2014,9.9771,45.0897,0.48,1.7806,4,,
Thu Feb 20 15:03:16 UTC 2014,9.9771,45.0897,0.48,1.7806,4,,
Thu Feb 20 15:03:22 UTC 2014,9.9771,45.0897,0.48,1.7806,4,,
Thu Feb 20 15:03:27 UTC 2014,9.9771,41.6501,0.48,1.7806,4,,
Thu Feb 20 15:03:32 UTC 2014,9.9771,41.6501,0.48,1.7806,4,,
Thu Feb 20 15:03:38 UTC 2014,9.9771,39.5973,0.48,1.9,4,,
Thu Feb 20 15:03:43 UTC 2014,9.9771,39.5973,0.48,1.9,4,,
Thu Feb 20 15:03:48 UTC 2014,9.9771,42.2813,0.48,1.9,4,,
Thu Feb 20 15:03:54 UTC 2014,9.9831,42.3313,0.48,1.9,4,,
Thu Feb 20 15:03:59 UTC 2014,9.9831,42.3313,0.48,1.9,4,,
Thu Feb 20 15:04:04 UTC 2014,9.9831,42.3313,0.48,1.9,4,,
Thu Feb 20 15:04:09 UTC 2014,9.9771,44.9762,0.48,1.8538,4,,
Thu Feb 20 15:04:15 UTC 2014,9.9771,44.9762,0.48,1.8538,4,,
Thu Feb 20 15:04:20 UTC 2014,9.9771,44.6759,0.48,1.8538,4,,
Thu Feb 20 15:04:26 UTC 2014,9.9771,43.7098,0.48,1.8538,4,,
Thu Feb 20 15:04:31 UTC 2014,9.9771,43.7098,0.48,1.8538,4,,
Thu Feb 20 15:04:36 UTC 2014,9.9771,38.5834,0.48,1.7667,4,,
Thu Feb 20 15:04:42 UTC 2014,9.9771,38.3388,0.48,1.7667,4,,
Thu Feb 20 15:04:47 UTC 2014,9.9771,44.0262,0.48,1.7667,4,,
Thu Feb 20 15:04:52 UTC 2014,9.9771,43.9761,0.48,1.7667,4,,
Thu Feb 20 15:04:57 UTC 2014,9.9771,44.2643,0.48,1.7667,4,,
Thu Feb 20 15:05:02 UTC 2014,9.9771,39.5078,0.48,1.7505,4,,
Thu Feb 20 15:05:07 UTC 2014,9.971,40.2232,0.48,1.7634,4,,
Thu Feb 20 15:05:13 UTC 2014,9.971,38.3601,0.48,1.7634,4,,
Thu Feb 20 15:05:18 UTC 2014,9.971,38.3601,0.48,1.7634,4,,
Thu Feb 20 15:05:23 UTC 2014,9.971,38.0412,0.48,1.7634,4,,
Thu Feb 20 15:05:28 UTC 2014,9.971,38.0412,0.48,1.7634,4,,
Thu Feb 20 15:05:34 UTC 2014,9.971,43.2299,0.48,1.7634,4,AppServer_scaleIn,AppServer
Thu Feb 20 15:05:44 UTC 2014,9.971,43.9519,0.48,1.8151,4,AppServer_scaleIn,AppServer
Thu Feb 20 15:05:54 UTC 2014,9.971,41.8623,0.48,1.8151,4,AppServer_scaleIn,AppServer
Thu Feb 20 15:06:05 UTC 2014,9.9771,42.9343,0.48,1.7271,4,AppServer_scaleIn,AppServer
Thu Feb 20 15:06:15 UTC 2014,9.9771,42.7922,0.48,1.7271,4,AppServer_scaleIn,AppServer
Thu Feb 20 15:06:25 UTC 2014,9.9615,46.7679,0.48,1.7271,4,AppServer_scaleIn,AppServer
Thu Feb 20 15:06:35 UTC 2014,9.9615,46.7132,0.48,1.8271,4,AppServer_scaleIn,AppServer
Thu Feb 20 15:06:46 UTC 2014,9.9615,46.7318,0.48,1.8271,4,AppServer_scaleIn,AppServer
Thu Feb 20 15:06:56 UTC 2014,9.9615,46.333,0.48,1.8271,4,AppServer_scaleIn,AppServer
Thu Feb 20 15:07:07 UTC 2014,9.9615,46.9151,0.48,1.8938,4,AppServer_scaleIn,AppServer
Thu Feb 20 15:07:17 UTC 2014,9.9615,46.9768,0.48,1.3774,4,AppServer_scaleIn,AppServer
Thu Feb 20 15:07:28 UTC 2014,9.9615,46.9768,0.48,1.3774,4,AppServer_scaleIn,AppServer
Thu Feb 20 15:07:38 UTC 2014,9.9675,47.25,0.48,1.3774,4,AppServer_scaleIn,AppServer
Thu Feb 20 15:07:49 UTC 2014,9.9615,47.4028,0.48,0.9688,4,AppServer_scaleIn,AppServer
Thu Feb 20 15:08:00 UTC 2014,9.9615,47.4028,0.48,0.9688,4,AppServer_scaleIn,AppServer
Thu Feb 20 15:08:10 UTC 2014,9.9615,46.9513,0.48,0.9688,4,AppServer_scaleIn,AppServer
Thu Feb 20 15:08:21 UTC 2014,9.9615,46.9513,0.48,0.9688,4,,
Thu Feb 20 15:08:26 UTC 2014,9.9675,47.003,0.36,1.0667,3,,
Thu Feb 20 15:08:32 UTC 2014,9.9675,47.003,0.36,1.0667,3,,
Thu Feb 20 15:08:37 UTC 2014,9.9675,46.0016,0.36,1.0828,3,,
Thu Feb 20 15:08:43 UTC 2014,9.9675,46.0016,0.36,1.0828,3,,
Thu Feb 20 15:08:48 UTC 2014,9.9615,45.9671,0.36,1.1411,3,,
Thu Feb 20 15:08:54 UTC 2014,9.9615,45.9671,0.36,1.1411,3,,
Thu Feb 20 15:08:59 UTC 2014,9.9615,45.9671,0.36,1.1411,3,,
Thu Feb 20 15:09:04 UTC 2014,9.9615,45.5197,0.36,1.1411,3,,
Thu Feb 20 15:09:10 UTC 2014,9.9615,45.5197,0.36,1.1411,3,,
Thu Feb 20 15:09:15 UTC 2014,9.9615,46.6883,0.36,1.3121,3,,
Thu Feb 20 15:09:20 UTC 2014,9.9615,46.6883,0.36,1.3121,3,,
Thu Feb 20 15:09:25 UTC 2014,9.9675,46.4803,0.36,1.3121,3,,
Thu Feb 20 15:09:31 UTC 2014,9.9675,46.4803,0.36,1.3121,3,,
Thu Feb 20 15:09:36 UTC 2014,9.9615,46.7279,0.36,1.1788,3,,
Thu Feb 20 15:09:41 UTC 2014,9.9615,46.7279,0.36,1.1788,3,,
Thu Feb 20 15:09:46 UTC 2014,9.9615,46.7279,0.36,1.1788,3,,
Thu Feb 20 15:09:52 UTC 2014,9.9615,47.2028,0.36,1.3,3,,
Thu Feb 20 15:09:57 UTC 2014,9.9615,47.2028,0.36,1.3,3,,
Thu Feb 20 15:10:02 UTC 2014,9.9615,46.4251,0.36,1.3,3,,
Thu Feb 20 15:10:08 UTC 2014,9.9615,46.4251,0.36,1.3,3,,
Thu Feb 20 15:10:13 UTC 2014,9.9615,46.355,0.36,1.3229,3,,
Thu Feb 20 15:10:18 UTC 2014,9.9615,46.355,0.36,1.3229,3,,
Thu Feb 20 15:10:24 UTC 2014,9.9675,47.4751,0.36,1.1285,3,,
Thu Feb 20 15:10:29 UTC 2014,9.9675,47.4751,0.36,1.1285,3,,
Thu Feb 20 15:10:34 UTC 2014,9.9675,47.4751,0.36,1.1285,3,,
Thu Feb 20 15:10:40 UTC 2014,9.9675,47.4751,0.36,1.1285,3,,
Thu Feb 20 15:10:45 UTC 2014,9.9675,47.7247,0.36,1.2389,3,,
Thu Feb 20 15:10:50 UTC 2014,9.9675,47.7247,0.36,1.2389,3,,
Thu Feb 20 15:10:57 UTC 2014,9.9615,47.1471,0.36,1.3917,3,,
Thu Feb 20 15:11:02 UTC 2014,9.9615,47.1471,0.36,1.3917,3,,
Thu Feb 20 15:11:07 UTC 2014,9.9615,47.1471,0.36,1.3917,3,,
Thu Feb 20 15:11:13 UTC 2014,9.9615,47.1471,0.36,1.3917,3,,
Thu Feb 20 15:11:18 UTC 2014,9.9615,47.2536,0.36,1.3583,3,,
Thu Feb 20 15:11:24 UTC 2014,9.9615,47.2536,0.36,1.3583,3,,
Thu Feb 20 15:11:30 UTC 2014,9.9615,47.2536,0.36,1.3583,3,,
Thu Feb 20 15:11:36 UTC 2014,9.9615,47.2536,0.36,1.3583,3,,
Thu Feb 20 15:11:42 UTC 2014,9.9615,47.2536,0.36,1.3583,3,,
Thu Feb 20 15:11:47 UTC 2014,9.9675,46.8013,0.36,1.0192,3,,
Thu Feb 20 15:11:53 UTC 2014,9.9675,46.8013,0.36,1.0192,3,,
Thu Feb 20 15:11:58 UTC 2014,9.9675,46.8013,0.36,1.0192,3,,
Thu Feb 20 15:12:03 UTC 2014,9.9615,46.6311,0.36,1.0396,3,,
Thu Feb 20 15:12:09 UTC 2014,9.9615,46.6311,0.36,1.0396,3,,
Thu Feb 20 15:12:14 UTC 2014,9.9615,47.2737,0.36,1.1333,3,,
Thu Feb 20 15:12:19 UTC 2014,9.9615,47.2737,0.36,1.1333,3,CassandraNode_scaleOut,CassandraNode
Thu Feb 20 15:12:30 UTC 2014,9.9675,46.53,0.36,0.9375,3,CassandraNode_scaleOut,CassandraNode
Thu Feb 20 15:12:40 UTC 2014,9.9675,46.7199,0.36,1.1042,3,CassandraNode_scaleOut,CassandraNode
Thu Feb 20 15:12:50 UTC 2014,9.9675,46.4769,0.36,1.2473,3,CassandraNode_scaleOut,CassandraNode
Thu Feb 20 15:13:01 UTC 2014,9.9615,46.477,0.36,1.2473,3,CassandraNode_scaleOut,CassandraNode
Thu Feb 20 15:13:11 UTC 2014,9.9615,46.0081,0.36,1.2473,3,,
Thu Feb 20 15:13:16 UTC 2014,9.9615,45.8009,0.36,1.1613,3,,
Thu Feb 20 15:13:21 UTC 2014,9.9675,45.851,0.36,1.1613,3,,
Thu Feb 20 15:13:27 UTC 2014,9.9675,46.3266,0.36,1.1935,3,,
Thu Feb 20 15:13:33 UTC 2014,9.9675,46.3266,0.36,1.1935,3,,
Thu Feb 20 15:13:39 UTC 2014,9.9675,46.7317,0.36,1.1935,3,,
Thu Feb 20 15:13:45 UTC 2014,9.9675,46.7317,0.36,1.1935,3,,
Thu Feb 20 15:13:50 UTC 2014,9.9675,46.8829,0.36,1.2379,3,,
Thu Feb 20 15:13:56 UTC 2014,9.9615,46.3325,0.36,1.2188,3,,
Thu Feb 20 15:14:01 UTC 2014,9.9615,46.3325,0.36,1.2188,3,,
Thu Feb 20 15:14:06 UTC 2014,9.9615,46.9281,0.36,1.2188,3,,
Thu Feb 20 15:14:11 UTC 2014,9.9615,46.9281,0.36,1.2188,3,,
Thu Feb 20 15:14:16 UTC 2014,9.9615,46.9281,0.36,1.2188,3,,
Thu Feb 20 15:14:21 UTC 2014,9.9615,46.7981,0.36,1.2604,3,,
Thu Feb 20 15:14:27 UTC 2014,9.9675,46.7981,0.36,1.2604,3,,
Thu Feb 20 15:14:32 UTC 2014,9.9675,45.9224,0.36,1.3,3,,
Thu Feb 20 15:14:37 UTC 2014,9.9675,45.9724,0.36,1.3,3,,
Thu Feb 20 15:14:42 UTC 2014,9.9675,46.9781,0.36,1.3,3,,
Thu Feb 20 15:14:48 UTC 2014,9.9675,46.9781,0.36,1.3,3,,
Thu Feb 20 15:14:54 UTC 2014,9.9615,45.9479,0.36,1.3667,3,,
Thu Feb 20 15:14:59 UTC 2014,9.9615,45.9479,0.36,1.3667,3,,
Thu Feb 20 15:15:04 UTC 2014,9.9615,45.9479,0.36,1.3667,3,,
Thu Feb 20 15:15:10 UTC 2014,9.9615,46.0763,0.36,1.3271,3,,
Thu Feb 20 15:15:15 UTC 2014,9.9615,46.0763,0.36,1.3271,3,,
Thu Feb 20 15:15:21 UTC 2014,9.9615,46.0763,0.36,1.3271,3,,
Thu Feb 20 15:15:27 UTC 2014,9.9615,46.0763,0.36,1.3271,3,,
Thu Feb 20 15:15:32 UTC 2014,9.9615,46.0763,0.36,1.3271,3,,
Thu Feb 20 15:15:37 UTC 2014,9.9675,46.605,0.36,1.3347,3,,
Thu Feb 20 15:15:43 UTC 2014,9.9675,46.605,0.36,1.3347,3,,
Thu Feb 20 15:15:49 UTC 2014,9.9675,46.605,0.36,1.3347,3,,
Thu Feb 20 15:15:54 UTC 2014,9.9675,46.605,0.36,1.3347,3,,
Thu Feb 20 15:15:59 UTC 2014,9.9615,46.9338,0.36,1.3226,3,,
Thu Feb 20 15:16:05 UTC 2014,9.9615,46.9338,0.36,1.3226,3,,
Thu Feb 20 15:16:10 UTC 2014,9.9615,46.9338,0.36,1.3226,3,,
Thu Feb 20 15:16:16 UTC 2014,9.9615,46.4814,0.36,1.3226,3,,
Thu Feb 20 15:16:21 UTC 2014,9.9615,46.4814,0.36,1.3226,3,,
Thu Feb 20 15:16:27 UTC 2014,9.9675,46.975,0.36,1.4097,3,,
Thu Feb 20 15:16:32 UTC 2014,9.9675,46.975,0.36,1.4097,3,,
Thu Feb 20 15:16:38 UTC 2014,9.9675,46.55,0.36,1.3333,3,,
Thu Feb 20 15:16:43 UTC 2014,9.9675,46.55,0.36,1.3333,3,,
Thu Feb 20 15:16:48 UTC 2014,9.9675,46.0563,0.36,1.2,3,,
Thu Feb 20 15:16:54 UTC 2014,9.9675,46.0563,0.36,1.2,3,,
Thu Feb 20 15:16:59 UTC 2014,9.9675,46.0563,0.36,1.2,3,,
Thu Feb 20 15:17:05 UTC 2014,9.9615,44.7001,0.36,1.2,3,,
Thu Feb 20 15:17:10 UTC 2014,9.9615,44.7001,0.36,1.2,3,,
Thu Feb 20 15:17:16 UTC 2014,9.9615,44.7001,0.36,1.2,3,,
Thu Feb 20 15:17:22 UTC 2014,9.9615,44.7001,0.36,1.2,3,,
Thu Feb 20 15:17:27 UTC 2014,9.9615,44.7001,0.36,1.2,3,,
Thu Feb 20 15:17:33 UTC 2014,9.9675,46.5551,0.36,1.2121,3,,
Thu Feb 20 15:17:38 UTC 2014,9.9675,46.5551,0.36,1.2121,3,,
Thu Feb 20 15:17:44 UTC 2014,9.9675,46.5551,0.36,1.2121,3,,
Thu Feb 20 15:17:49 UTC 2014,9.9675,46.5551,0.36,1.2121,3,,
Thu Feb 20 15:17:55 UTC 2014,9.9675,46.5551,0.36,1.2121,3,,
Thu Feb 20 15:18:00 UTC 2014,9.9675,46.5551,0.36,1.2121,3,,
Thu Feb 20 15:18:06 UTC 2014,9.9675,46.4362,0.36,1.125,3,,
Thu Feb 20 15:18:12 UTC 2014,9.9675,46.4362,0.36,1.125,3,,
Thu Feb 20 15:18:17 UTC 2014,9.9675,46.4362,0.36,1.125,3,,
Thu Feb 20 15:18:23 UTC 2014,9.9675,46.4362,0.36,1.125,3,,
Thu Feb 20 15:18:28 UTC 2014,9.9675,46.4362,0.36,1.125,3,,
Thu Feb 20 15:18:34 UTC 2014,9.9675,46.4362,0.36,1.125,3,,
Thu Feb 20 15:18:39 UTC 2014,9.9675,45.9541,0.36,1.3962,3,,
Thu Feb 20 15:18:45 UTC 2014,9.9675,45.9541,0.36,1.3962,3,,
Thu Feb 20 15:18:51 UTC 2014,9.9675,45.9541,0.36,1.3962,3,,
Thu Feb 20 15:18:56 UTC 2014,9.9675,45.9541,0.36,1.3962,3,,
Thu Feb 20 15:19:02 UTC 2014,9.9675,45.9541,0.36,1.3962,3,,
Thu Feb 20 15:19:07 UTC 2014,9.9675,45.9541,0.36,1.3962,3,,
Thu Feb 20 15:19:13 UTC 2014,9.9675,46.9569,0.36,1.4839,3,,
Thu Feb 20 15:19:18 UTC 2014,9.9675,46.9569,0.36,1.4839,3,,
Thu Feb 20 15:19:24 UTC 2014,9.9675,46.9569,0.36,1.4839,3,,
Thu Feb 20 15:19:29 UTC 2014,9.9675,46.9569,0.36,1.4839,3,,
Thu Feb 20 15:19:35 UTC 2014,9.9675,46.9569,0.36,1.4839,3,,
Thu Feb 20 15:19:40 UTC 2014,9.9675,46.9569,0.36,1.4839,3,,
Thu Feb 20 15:19:46 UTC 2014,9.9675,46.9569,0.36,1.4839,3,,
Thu Feb 20 15:19:52 UTC 2014,9.9675,47.2268,0.36,1.3452,3,,
Thu Feb 20 15:19:57 UTC 2014,9.9675,47.2268,0.36,1.3452,3,,
Thu Feb 20 15:20:03 UTC 2014,9.9675,47.2268,0.36,1.3452,3,,
Thu Feb 20 15:20:08 UTC 2014,9.9675,47.2268,0.36,1.3452,3,AppServer_scaleIn,AppServer
Thu Feb 20 15:20:19 UTC 2014,9.9675,47.4265,0.36,1.25,3,AppServer_scaleIn,AppServer
Thu Feb 20 15:20:30 UTC 2014,9.9675,47.4265,0.36,1.25,3,AppServer_scaleIn,AppServer
Thu Feb 20 15:20:40 UTC 2014,9.9675,47.3278,0.36,1.25,3,AppServer_scaleIn,AppServer
Thu Feb 20 15:20:51 UTC 2014,9.9675,47.3278,0.36,1.25,3,AppServer_scaleIn,AppServer
Thu Feb 20 15:21:02 UTC 2014,9.9463,47.3761,0.36,1.3357,3,AppServer_scaleIn,AppServer
Thu Feb 20 15:21:12 UTC 2014,9.9463,47.3761,0.36,1.125,3,AppServer_scaleIn,AppServer
Thu Feb 20 15:21:23 UTC 2014,9.9463,47.651,0.36,1.125,3,AppServer_scaleIn,AppServer
Thu Feb 20 15:21:34 UTC 2014,9.9463,47.651,0.36,1.125,3,AppServer_scaleIn,AppServer
Thu Feb 20 15:21:44 UTC 2014,9.9463,48.126,0.36,1.125,3,AppServer_scaleIn,AppServer
Thu Feb 20 15:21:55 UTC 2014,9.9463,48.0531,0.36,1.2812,3,AppServer_scaleIn,AppServer
Thu Feb 20 15:22:06 UTC 2014,9.9463,48.0531,0.36,1.2812,3,AppServer_scaleIn,AppServer
Thu Feb 20 15:22:16 UTC 2014,9.9463,48.4499,0.36,0.7667,3,AppServer_scaleIn,AppServer
Thu Feb 20 15:22:27 UTC 2014,9.9584,47.6954,0.36,0.7667,3,AppServer_scaleIn,AppServer
Thu Feb 20 15:22:37 UTC 2014,9.9584,47.6954,0.36,0.7667,3,AppServer_scaleIn,AppServer
Thu Feb 20 15:22:48 UTC 2014,9.9584,47.9543,0.36,0.7667,3,AppServer_scaleIn,AppServer
Thu Feb 20 15:22:59 UTC 2014,9.9584,47.9543,0.24,0.7667,2,,
Thu Feb 20 15:23:05 UTC 2014,9.9584,47.9543,0.24,0.7667,2,,
Thu Feb 20 15:23:11 UTC 2014,9.9584,47.9543,0.24,0.7667,2,,
Thu Feb 20 15:23:18 UTC 2014,9.9584,47.9543,0.24,0.7667,2,,
Thu Feb 20 15:23:24 UTC 2014,9.9584,47.9543,0.24,0.7667,2,,
Thu Feb 20 15:23:30 UTC 2014,9.9644,48.0042,0.24,0.6389,2,,
Thu Feb 20 15:23:35 UTC 2014,9.9644,48.0042,0.24,0.6389,2,,
Thu Feb 20 15:23:41 UTC 2014,9.9644,48.0042,0.24,0.6389,2,,
Thu Feb 20 15:23:47 UTC 2014,9.9644,48.0042,0.24,0.6389,2,,
Thu Feb 20 15:23:52 UTC 2014,9.9644,48.0042,0.24,0.6389,2,,
Thu Feb 20 15:23:58 UTC 2014,9.9644,48.0042,0.24,0.6389,2,,
Thu Feb 20 15:24:04 UTC 2014,9.9644,47.4026,0.24,0.9375,2,,
Thu Feb 20 15:24:10 UTC 2014,9.9644,47.4026,0.24,0.9375,2,,
Thu Feb 20 15:24:15 UTC 2014,9.9644,47.4026,0.24,0.9375,2,,
Thu Feb 20 15:24:21 UTC 2014,9.9644,47.4026,0.24,0.9375,2,,
Thu Feb 20 15:24:26 UTC 2014,9.9644,47.4026,0.24,0.9375,2,,
Thu Feb 20 15:24:32 UTC 2014,9.9644,47.4026,0.24,0.9375,2,,
Thu Feb 20 15:24:37 UTC 2014,9.9644,46.9031,0.24,0.8,2,,
Thu Feb 20 15:24:43 UTC 2014,9.9644,46.9031,0.24,0.8,2,,
Thu Feb 20 15:24:48 UTC 2014,9.9644,46.9031,0.24,0.8,2,,
Thu Feb 20 15:24:53 UTC 2014,9.9644,46.9031,0.24,0.8,2,,
Thu Feb 20 15:24:59 UTC 2014,9.9644,46.9031,0.24,0.8,2,,
Thu Feb 20 15:25:06 UTC 2014,9.9648,47.4449,0.24,0.8667,2,,
Thu Feb 20 15:25:11 UTC 2014,9.9648,47.4449,0.24,0.8667,2,,
Thu Feb 20 15:25:17 UTC 2014,9.9648,47.4449,0.24,0.8667,2,,
Thu Feb 20 15:25:23 UTC 2014,9.9648,47.4449,0.24,0.8667,2,,
Thu Feb 20 15:25:28 UTC 2014,9.9648,47.4449,0.24,0.8667,2,,
Thu Feb 20 15:25:34 UTC 2014,9.9648,47.4449,0.24,0.8667,2,,
Thu Feb 20 15:25:39 UTC 2014,9.9648,47.4449,0.24,0.8667,2,,
Thu Feb 20 15:25:44 UTC 2014,9.9587,47.7522,0.24,0.9,2,,
Thu Feb 20 15:25:50 UTC 2014,9.9587,47.7522,0.24,0.9,2,,
Thu Feb 20 15:25:56 UTC 2014,9.9587,47.7522,0.24,0.9,2,,
Thu Feb 20 15:26:02 UTC 2014,9.9587,47.7522,0.24,0.9,2,,
Thu Feb 20 15:26:07 UTC 2014,9.9587,47.7522,0.24,0.9,2,,
Thu Feb 20 15:26:12 UTC 2014,9.9648,48.4546,0.24,0.7188,2,,
Thu Feb 20 15:26:18 UTC 2014,9.9648,48.4546,0.24,0.7188,2,CassandraNode_scaleOut,CassandraNode
Thu Feb 20 15:26:29 UTC 2014,9.9648,48.4546,0.24,0.7667,2,CassandraNode_scaleOut,CassandraNode
Thu Feb 20 15:26:40 UTC 2014,9.9587,47.7023,0.24,0.7667,2,CassandraNode_scaleOut,CassandraNode
Thu Feb 20 15:26:50 UTC 2014,9.9587,47.0561,0.24,0.7667,2,CassandraNode_scaleOut,CassandraNode
Thu Feb 20 15:27:01 UTC 2014,9.9587,47.0561,0.24,0.7667,2,CassandraNode_scaleOut,CassandraNode
Thu Feb 20 15:27:11 UTC 2014,9.9587,47.8936,0.24,0.6562,2,CassandraNode_scaleOut,CassandraNode
Thu Feb 20 15:27:22 UTC 2014,9.9587,48.0021,0.24,0.6562,2,,
Thu Feb 20 15:27:30 UTC 2014,9.9587,48.0021,0.24,0.6562,2,,
Thu Feb 20 15:27:37 UTC 2014,9.9648,47.7524,0.24,0.8125,2,,
Thu Feb 20 15:27:43 UTC 2014,9.9648,47.7524,0.24,0.8125,2,,
Thu Feb 20 15:27:49 UTC 2014,9.9648,47.7524,0.24,0.8125,2,,
Thu Feb 20 15:27:54 UTC 2014,9.9648,47.7524,0.24,0.8125,2,,
Thu Feb 20 15:28:00 UTC 2014,9.9648,47.7524,0.24,0.8125,2,,
Thu Feb 20 15:28:06 UTC 2014,9.9648,47.8523,0.24,0.9688,2,,
Thu Feb 20 15:28:11 UTC 2014,9.9648,47.8523,0.24,0.9688,2,,
Thu Feb 20 15:28:17 UTC 2014,9.9648,47.8523,0.24,0.9688,2,,
Thu Feb 20 15:28:23 UTC 2014,9.9648,47.8523,0.24,0.9688,2,,
Thu Feb 20 15:28:29 UTC 2014,9.9648,47.8523,0.24,0.9688,2,,
Thu Feb 20 15:28:35 UTC 2014,9.9648,47.8523,0.24,0.9688,2,,
Thu Feb 20 15:28:40 UTC 2014,9.9648,47.8523,0.24,0.9688,2,,
Thu Feb 20 15:28:46 UTC 2014,9.9648,48.6528,0.24,0.8125,2,,
Thu Feb 20 15:28:51 UTC 2014,9.9648,48.6528,0.24,0.8125,2,,
Thu Feb 20 15:28:57 UTC 2014,9.9648,48.6528,0.24,0.8125,2,,
Thu Feb 20 15:29:04 UTC 2014,9.9648,48.6528,0.24,0.8125,2,,
Thu Feb 20 15:29:10 UTC 2014,9.9648,48.6528,0.24,0.8125,2,,
Thu Feb 20 15:29:15 UTC 2014,9.9648,48.1517,0.24,0.7742,2,,
Thu Feb 20 15:29:21 UTC 2014,9.9648,48.1517,0.24,0.7742,2,,
Thu Feb 20 15:29:26 UTC 2014,9.9648,48.1517,0.24,0.7742,2,,
Thu Feb 20 15:29:32 UTC 2014,9.9648,48.1517,0.24,0.7742,2,,
Thu Feb 20 15:29:37 UTC 2014,9.9648,48.1517,0.24,0.7742,2,,
Thu Feb 20 15:29:42 UTC 2014,9.9648,48.1517,0.24,0.7742,2,,
Thu Feb 20 15:29:48 UTC 2014,9.9587,48.25,0.24,0.6667,2,,
Thu Feb 20 15:29:54 UTC 2014,9.9587,48.25,0.24,0.6667,2,,
Thu Feb 20 15:30:00 UTC 2014,9.9587,48.25,0.24,0.6667,2,,
Thu Feb 20 15:30:05 UTC 2014,9.9587,48.25,0.24,0.6667,2,,
Thu Feb 20 15:30:11 UTC 2014,9.9587,48.0021,0.24,0.8788,2,,
Thu Feb 20 15:30:16 UTC 2014,9.9587,48.0021,0.24,0.8788,2,,
Thu Feb 20 15:30:22 UTC 2014,9.9587,48.0021,0.24,0.8788,2,,
Thu Feb 20 15:30:27 UTC 2014,9.9587,48.0021,0.24,0.8788,2,,
Thu Feb 20 15:30:32 UTC 2014,9.9648,47.6024,0.24,0.8788,2,,
Thu Feb 20 15:30:38 UTC 2014,9.9587,46.8532,0.24,0.6,2,,
Thu Feb 20 15:30:44 UTC 2014,9.9587,46.8532,0.24,0.6,2,,
Thu Feb 20 15:30:49 UTC 2014,9.9587,46.8532,0.24,0.6,2,,
Thu Feb 20 15:30:55 UTC 2014,9.9587,46.8532,0.24,0.6,2,,
Thu Feb 20 15:31:00 UTC 2014,9.9587,47.7,0.24,0.6,2,,
Thu Feb 20 15:31:05 UTC 2014,9.9587,47.7,0.24,0.6,2,,
Thu Feb 20 15:31:10 UTC 2014,9.9587,47.5501,0.24,0.9,2,,
Thu Feb 20 15:31:16 UTC 2014,9.9587,47.5501,0.24,0.9,2,,
Thu Feb 20 15:31:21 UTC 2014,9.9587,47.5501,0.24,0.9,2,,
Thu Feb 20 15:31:27 UTC 2014,9.9587,47.5501,0.24,0.9,2,,
Thu Feb 20 15:31:32 UTC 2014,9.9587,47.5501,0.24,0.9,2,,
Thu Feb 20 15:31:37 UTC 2014,9.9587,47.5501,0.24,0.9,2,,
Thu Feb 20 15:31:43 UTC 2014,9.9587,47.5501,0.24,0.9,2,,
Thu Feb 20 15:31:49 UTC 2014,9.9587,47.3473,0.24,0.5806,2,,
Thu Feb 20 15:31:55 UTC 2014,9.9587,47.3473,0.24,0.5806,2,,
Thu Feb 20 15:32:00 UTC 2014,9.9587,47.3473,0.24,0.5806,2,,
Thu Feb 20 15:32:06 UTC 2014,9.9587,47.3473,0.24,0.5806,2,,
Thu Feb 20 15:32:11 UTC 2014,9.9587,47.3473,0.24,0.5806,2,,
Thu Feb 20 15:32:17 UTC 2014,9.9587,47.3473,0.24,0.5806,2,,
Thu Feb 20 15:32:22 UTC 2014,9.9587,46.997,0.24,0.8667,2,,
Thu Feb 20 15:32:28 UTC 2014,9.9587,46.997,0.24,0.8667,2,,
Thu Feb 20 15:32:33 UTC 2014,9.9587,46.997,0.24,0.8667,2,,
Thu Feb 20 15:32:39 UTC 2014,9.9587,45.7711,0.24,0.7,2,,
Thu Feb 20 15:32:44 UTC 2014,9.9587,45.7711,0.24,0.7,2,,
Thu Feb 20 15:32:50 UTC 2014,9.9587,45.7711,0.24,0.7,2,,
Thu Feb 20 15:32:55 UTC 2014,9.9587,45.7711,0.24,0.7,2,,
Thu Feb 20 15:33:01 UTC 2014,9.9587,45.7711,0.24,0.7,2,,
Thu Feb 20 15:33:07 UTC 2014,9.9587,35.4332,0.24,0.7,2,,
Thu Feb 20 15:33:12 UTC 2014,9.9587,35.4332,0.24,0.7,2,,
Thu Feb 20 15:33:18 UTC 2014,9.9587,35.4332,0.24,0.7,2,,
Thu Feb 20 15:33:23 UTC 2014,9.9587,35.4332,0.24,0.7,2,,
Thu Feb 20 15:33:29 UTC 2014,9.9587,35.4332,0.24,0.7,2,,
Thu Feb 20 15:33:35 UTC 2014,9.9587,35.4332,0.24,0.7,2,,
Thu Feb 20 15:33:41 UTC 2014,9.9587,33.5526,0.24,0.6333,2,,
Thu Feb 20 15:33:47 UTC 2014,9.9587,33.5526,0.24,0.6333,2,,
Thu Feb 20 15:33:53 UTC 2014,9.9587,33.5526,0.24,0.6333,2,,
Thu Feb 20 15:33:58 UTC 2014,9.9587,33.5526,0.24,0.6333,2,,
Thu Feb 20 15:34:04 UTC 2014,9.9587,33.5526,0.24,0.6333,2,,
Thu Feb 20 15:34:09 UTC 2014,9.9587,33.5526,0.24,0.6333,2,,
Thu Feb 20 15:34:15 UTC 2014,9.9587,33.5526,0.24,0.6333,2,,
Thu Feb 20 15:34:21 UTC 2014,9.9587,34.4978,0.24,0.871,2,,
Thu Feb 20 15:34:26 UTC 2014,9.9587,34.4978,0.24,0.871,2,,
Thu Feb 20 15:34:32 UTC 2014,9.9587,34.4978,0.24,0.871,2,,
Thu Feb 20 15:34:37 UTC 2014,9.9587,34.4978,0.24,0.871,2,,
Thu Feb 20 15:34:43 UTC 2014,9.9587,34.4978,0.24,0.871,2,,
Thu Feb 20 15:34:48 UTC 2014,9.9648,46.5897,0.24,0.8065,2,,
Thu Feb 20 15:34:55 UTC 2014,9.9648,46.5897,0.24,0.8065,2,,
Thu Feb 20 15:35:01 UTC 2014,9.9648,46.5897,0.24,0.8065,2,,
Thu Feb 20 15:35:07 UTC 2014,9.9648,46.5897,0.24,0.8065,2,,
Thu Feb 20 15:35:12 UTC 2014,9.9648,46.5897,0.24,0.8065,2,,
Thu Feb 20 15:35:18 UTC 2014,9.9587,38.0939,0.24,0.7333,2,,
Thu Feb 20 15:35:24 UTC 2014,9.9587,38.0939,0.24,0.7333,2,,
Thu Feb 20 15:35:29 UTC 2014,9.9587,38.0939,0.24,0.7333,2,,
Thu Feb 20 15:35:35 UTC 2014,9.9587,38.0939,0.24,0.7333,2,,
Thu Feb 20 15:35:41 UTC 2014,9.9587,38.0939,0.24,0.7667,2,CassandraNode_scaleOut,CassandraNode
Thu Feb 20 15:35:52 UTC 2014,9.9648,42.8144,0.24,0.7667,2,CassandraNode_scaleOut,CassandraNode
Thu Feb 20 15:36:02 UTC 2014,9.9587,38.781,0.24,0.7667,2,CassandraNode_scaleOut,CassandraNode
Thu Feb 20 15:36:13 UTC 2014,9.9587,38.781,0.24,0.7667,2,CassandraNode_scaleOut,CassandraNode
Thu Feb 20 15:36:24 UTC 2014,9.9587,48.259,0.24,0.7667,2,CassandraNode_scaleOut,CassandraNode
Thu Feb 20 15:36:34 UTC 2014,9.9648,48.3981,0.24,0.7667,2,,
Thu Feb 20 15:36:40 UTC 2014,9.9648,48.3981,0.24,0.7667,2,,
Thu Feb 20 15:36:45 UTC 2014,9.9648,48.3981,0.24,0.7667,2,,
Thu Feb 20 15:36:51 UTC 2014,9.9648,48.3981,0.24,0.7667,2,,
Thu Feb 20 15:36:56 UTC 2014,9.9648,48.3981,0.24,0.7667,2,,
Thu Feb 20 15:37:02 UTC 2014,9.9587,32.9473,0.24,0.6667,2,,
Thu Feb 20 15:37:08 UTC 2014,9.9587,32.9473,0.24,0.6667,2,,
Thu Feb 20 15:37:14 UTC 2014,9.9587,32.9473,0.24,0.6667,2,,
Thu Feb 20 15:37:20 UTC 2014,9.9587,32.9473,0.24,0.6667,2,,
Thu Feb 20 15:37:25 UTC 2014,9.9587,32.9473,0.24,0.6667,2,,
Thu Feb 20 15:37:30 UTC 2014,9.9587,32.9473,0.24,0.6667,2,,
Thu Feb 20 15:37:36 UTC 2014,9.9648,30.901,0.24,0.8333,2,,
Thu Feb 20 15:37:42 UTC 2014,9.9648,30.901,0.24,0.8333,2,,
Thu Feb 20 15:37:48 UTC 2014,9.9648,30.901,0.24,0.8333,2,,
Thu Feb 20 15:37:53 UTC 2014,9.9648,30.901,0.24,0.8333,2,,
Thu Feb 20 15:37:59 UTC 2014,9.9648,30.901,0.24,0.8333,2,,
Thu Feb 20 15:38:04 UTC 2014,9.9648,30.901,0.24,0.8333,2,,
Thu Feb 20 15:38:10 UTC 2014,9.9648,30.901,0.24,0.8333,2,,
Thu Feb 20 15:38:15 UTC 2014,9.9648,30.901,0.24,0.8333,2,,
Thu Feb 20 15:38:21 UTC 2014,9.9525,41.55,0.24,0.7667,2,,
Thu Feb 20 15:38:27 UTC 2014,9.9525,41.55,0.24,0.7667,2,CassandraNode_scaleOut,CassandraNode
Thu Feb 20 15:38:37 UTC 2014,9.9525,41.55,0.24,0.7667,2,CassandraNode_scaleOut,CassandraNode
Thu Feb 20 15:38:48 UTC 2014,9.9525,23.8974,0.24,0.7667,2,CassandraNode_scaleOut,CassandraNode
Thu Feb 20 15:38:58 UTC 2014,9.9525,29.2044,0.24,0.7,2,CassandraNode_scaleOut,CassandraNode
Thu Feb 20 15:39:09 UTC 2014,9.9525,29.2044,0.24,0.7,2,,
Thu Feb 20 15:39:15 UTC 2014,9.9525,29.2044,0.24,0.7,2,,
Thu Feb 20 15:39:22 UTC 2014,9.9525,29.2044,0.24,0.7,2,,
Thu Feb 20 15:39:28 UTC 2014,9.965,27.7204,0.24,0.7667,2,,
Thu Feb 20 15:39:34 UTC 2014,9.965,27.7204,0.24,0.7667,2,,
Thu Feb 20 15:39:39 UTC 2014,9.965,27.7204,0.24,0.7667,2,,
Thu Feb 20 15:39:45 UTC 2014,9.965,27.7204,0.24,0.7667,2,,
Thu Feb 20 15:39:50 UTC 2014,9.965,27.7204,0.24,0.7667,2,,
Thu Feb 20 15:39:56 UTC 2014,9.965,27.7204,0.24,0.7667,2,,
Thu Feb 20 15:40:01 UTC 2014,9.965,27.7204,0.24,0.7667,2,,
Thu Feb 20 15:40:06 UTC 2014,9.965,31.9321,0.24,0.7742,2,,
Thu Feb 20 15:40:13 UTC 2014,9.965,31.9321,0.24,0.7742,2,,
Thu Feb 20 15:40:18 UTC 2014,9.965,31.9321,0.24,0.7742,2,,
Thu Feb 20 15:40:24 UTC 2014,9.965,21.3255,0.24,0.7,2,,
Thu Feb 20 15:40:29 UTC 2014,9.965,21.3255,0.24,0.7,2,,
Thu Feb 20 15:40:35 UTC 2014,9.965,21.3255,0.24,0.7,2,,
Thu Feb 20 15:40:40 UTC 2014,9.965,21.3255,0.24,0.7,2,,
Thu Feb 20 15:40:45 UTC 2014,9.965,41.3828,0.24,0.7,2,,
Thu Feb 20 15:40:50 UTC 2014,9.965,34.25,0.24,0.8333,2,,
Thu Feb 20 15:40:56 UTC 2014,9.9589,34.25,0.24,0.8333,2,,
Thu Feb 20 15:41:01 UTC 2014,9.9589,34.25,0.24,0.8333,2,,
Thu Feb 20 15:41:06 UTC 2014,9.9589,48.1019,0.24,0.8333,2,,
Thu Feb 20 15:41:11 UTC 2014,9.9589,48.1019,0.24,0.8333,2,,
Thu Feb 20 15:41:16 UTC 2014,9.9589,47.8523,0.24,0.7667,2,,
Thu Feb 20 15:41:22 UTC 2014,9.9589,47.8523,0.24,0.7667,2,,
Thu Feb 20 15:41:28 UTC 2014,9.9589,47.8523,0.24,0.7667,2,,
Thu Feb 20 15:41:34 UTC 2014,9.9589,47.8523,0.24,0.7667,2,,
Thu Feb 20 15:41:39 UTC 2014,9.9589,47.8523,0.24,0.7667,2,,
Thu Feb 20 15:41:45 UTC 2014,9.9714,46.6534,0.24,0.7667,2,,
Thu Feb 20 15:41:50 UTC 2014,9.9714,44.9798,0.24,0.8,2,,
Thu Feb 20 15:41:55 UTC 2014,9.9714,44.9798,0.24,0.8,2,,
Thu Feb 20 15:42:00 UTC 2014,9.9654,44.9798,0.24,0.8,2,,
Thu Feb 20 15:42:05 UTC 2014,9.9654,44.9798,0.24,0.8,2,,
Thu Feb 20 15:42:11 UTC 2014,9.9654,48.3053,0.24,0.7742,2,,
Thu Feb 20 15:42:16 UTC 2014,9.9654,48.3053,0.24,0.7742,2,,
Thu Feb 20 15:42:21 UTC 2014,9.9654,46.1078,0.24,0.7742,2,,
Thu Feb 20 15:42:27 UTC 2014,9.9654,46.1078,0.24,0.7742,2,,
Thu Feb 20 15:42:32 UTC 2014,9.9654,46.1078,0.24,0.7742,2,,
Thu Feb 20 15:42:37 UTC 2014,9.9654,46.1078,0.24,0.7742,2,,
Thu Feb 20 15:42:43 UTC 2014,9.9654,46.1078,0.24,0.7742,2,,
Thu Feb 20 15:42:48 UTC 2014,9.9714,38.3092,0.24,0.6333,2,,
Thu Feb 20 15:42:53 UTC 2014,9.9714,38.3092,0.24,0.6333,2,,
Thu Feb 20 15:42:58 UTC 2014,9.9654,40.2614,0.24,0.6333,2,,
Thu Feb 20 15:43:04 UTC 2014,9.9654,40.2614,0.24,0.6333,2,,
Thu Feb 20 15:43:09 UTC 2014,9.9654,40.5713,0.24,0.6333,2,,
Thu Feb 20 15:43:14 UTC 2014,9.9654,40.5713,0.24,0.6333,2,,
Thu Feb 20 15:43:19 UTC 2014,9.9654,40.5713,0.24,0.6333,2,,
Thu Feb 20 15:43:25 UTC 2014,9.9654,45.5272,0.24,0.9,2,,
Thu Feb 20 15:43:30 UTC 2014,9.9654,39.6188,0.24,0.9,2,,
Thu Feb 20 15:43:35 UTC 2014,9.9654,39.6188,0.24,0.9,2,,
Thu Feb 20 15:43:40 UTC 2014,9.9654,39.6687,0.24,0.9,2,,
Thu Feb 20 15:43:46 UTC 2014,9.9654,48.2,0.24,0.7742,2,,
Thu Feb 20 15:43:51 UTC 2014,9.9654,38.7517,0.24,0.7742,2,,
Thu Feb 20 15:43:56 UTC 2014,9.9654,38.7517,0.24,0.7742,2,,
Thu Feb 20 15:44:02 UTC 2014,9.9654,38.7517,0.24,0.7742,2,,
Thu Feb 20 15:44:07 UTC 2014,9.9654,38.7517,0.24,0.7742,2,,
Thu Feb 20 15:44:12 UTC 2014,9.9654,38.4991,0.24,0.7742,2,,
Thu Feb 20 15:44:17 UTC 2014,9.9654,43.2293,0.24,0.7,2,,
Thu Feb 20 15:44:22 UTC 2014,9.9654,43.2293,0.24,0.7,2,,
Thu Feb 20 15:44:28 UTC 2014,9.9658,42.7057,0.24,0.7,2,,
Thu Feb 20 15:44:33 UTC 2014,9.9658,42.7057,0.24,0.7,2,,
Thu Feb 20 15:44:38 UTC 2014,9.9658,42.7057,0.24,0.7,2,,
Thu Feb 20 15:44:44 UTC 2014,9.9658,42.7057,0.24,0.7,2,,
Thu Feb 20 15:44:50 UTC 2014,9.9658,47.6025,0.24,0.8065,2,,
Thu Feb 20 15:44:55 UTC 2014,9.9658,47.6025,0.24,0.8065,2,,
Thu Feb 20 15:45:01 UTC 2014,9.9658,47.6025,0.24,0.8065,2,,
Thu Feb 20 15:45:06 UTC 2014,9.9658,47.6025,0.24,0.8065,2,,
Thu Feb 20 15:45:12 UTC 2014,9.9658,47.6025,0.24,0.8065,2,,
Thu Feb 20 15:45:17 UTC 2014,9.9658,47.7501,0.24,0.8,2,,
Thu Feb 20 15:45:22 UTC 2014,9.9658,47.7501,0.24,0.8,2,,
Thu Feb 20 15:45:28 UTC 2014,9.9658,47.7501,0.24,0.8,2,,
Thu Feb 20 15:45:34 UTC 2014,9.9658,47.7501,0.24,0.8,2,,
Thu Feb 20 15:45:39 UTC 2014,9.9658,46.7869,0.24,0.8,2,,
Thu Feb 20 15:45:44 UTC 2014,9.9658,46.7869,0.24,0.8,2,,
Thu Feb 20 15:45:50 UTC 2014,9.9658,46.7869,0.24,0.8,2,,
Thu Feb 20 15:45:55 UTC 2014,9.9658,46.7869,0.24,0.8,2,,
Thu Feb 20 15:46:01 UTC 2014,9.9658,46.7869,0.24,0.8,2,,
Thu Feb 20 15:46:07 UTC 2014,9.9658,46.7869,0.24,0.8,2,,
Thu Feb 20 15:46:13 UTC 2014,9.9658,48.2517,0.24,0.7742,2,CassandraNode_scaleOut,CassandraNode
Thu Feb 20 15:46:24 UTC 2014,9.9658,48.2517,0.24,0.7742,2,CassandraNode_scaleOut,CassandraNode
Thu Feb 20 15:46:34 UTC 2014,9.9658,48.5015,0.24,0.7742,2,CassandraNode_scaleOut,CassandraNode
Thu Feb 20 15:46:45 UTC 2014,9.9658,48.5015,0.24,0.7742,2,CassandraNode_scaleOut,CassandraNode
Thu Feb 20 15:46:55 UTC 2014,9.9658,48.5015,0.24,0.7742,2,CassandraNode_scaleOut,CassandraNode
Thu Feb 20 15:47:06 UTC 2014,9.9718,48.45,0.24,0.7812,2,,
Thu Feb 20 15:47:16 UTC 2014,9.9718,48.45,0.24,0.7812,2,,
Thu Feb 20 15:47:22 UTC 2014,9.9718,48.45,0.24,0.7812,2,,
Thu Feb 20 15:47:27 UTC 2014,9.9658,48.2018,0.24,0.7812,2,,
Thu Feb 20 15:47:32 UTC 2014,9.9658,48.2018,0.24,0.7812,2,,
Thu Feb 20 15:47:38 UTC 2014,9.9658,48.2018,0.24,0.7812,2,,
Thu Feb 20 15:47:44 UTC 2014,9.9658,48.2018,0.24,0.7812,2,,
Thu Feb 20 15:47:49 UTC 2014,9.9658,48.2018,0.24,0.7812,2,,
Thu Feb 20 15:47:56 UTC 2014,9.9658,48.2018,0.24,0.7812,2,,
Thu Feb 20 15:48:01 UTC 2014,9.9658,48.2018,0.24,0.7812,2,,
Thu Feb 20 15:48:07 UTC 2014,9.9658,48.2018,0.24,0.7812,2,,
Thu Feb 20 15:48:12 UTC 2014,9.9658,48.2018,0.24,0.7812,2,,
Thu Feb 20 15:48:18 UTC 2014,9.9718,48.25,0.24,0.7667,2,,
Thu Feb 20 15:48:24 UTC 2014,9.9718,48.25,0.24,0.7667,2,,
Thu Feb 20 15:48:29 UTC 2014,9.9718,48.25,0.24,0.7667,2,,
Thu Feb 20 15:48:35 UTC 2014,9.9718,48.25,0.24,0.7667,2,,
Thu Feb 20 15:48:40 UTC 2014,9.9718,48.25,0.24,0.7667,2,,
Thu Feb 20 15:48:46 UTC 2014,9.9718,48.25,0.24,0.7667,2,,
Thu Feb 20 15:48:51 UTC 2014,9.9718,48.25,0.24,0.7667,2,,
Thu Feb 20 15:48:57 UTC 2014,9.9718,47.7498,0.24,0.6562,2,,
Thu Feb 20 15:49:04 UTC 2014,9.9718,47.7498,0.24,0.6562,2,,
Thu Feb 20 15:49:09 UTC 2014,9.9718,47.7498,0.24,0.6562,2,,
Thu Feb 20 15:49:14 UTC 2014,9.9718,47.7498,0.24,0.6562,2,,
Thu Feb 20 15:49:20 UTC 2014,9.9718,47.7498,0.24,0.6562,2,,
Thu Feb 20 15:49:26 UTC 2014,9.9718,47.7498,0.24,0.6562,2,,
Thu Feb 20 15:49:31 UTC 2014,9.9718,47.7498,0.24,0.6562,2,,
Thu Feb 20 15:49:37 UTC 2014,9.9718,47.7498,0.24,0.6562,2,,
Thu Feb 20 15:49:43 UTC 2014,9.9658,47.7523,0.24,0.697,2,,
Thu Feb 20 15:49:49 UTC 2014,9.9658,47.7523,0.24,0.697,2,,
Thu Feb 20 15:49:54 UTC 2014,9.9658,47.7523,0.24,0.697,2,,
Thu Feb 20 15:50:00 UTC 2014,9.9658,47.7523,0.24,0.697,2,,
Thu Feb 20 15:50:05 UTC 2014,9.9658,47.7523,0.24,0.697,2,,
Thu Feb 20 15:50:11 UTC 2014,9.9658,47.7523,0.24,0.697,2,,
Thu Feb 20 15:50:16 UTC 2014,9.9658,47.7523,0.24,0.697,2,,
Thu Feb 20 15:50:22 UTC 2014,9.9658,47.7523,0.24,0.697,2,,
Thu Feb 20 15:50:28 UTC 2014,9.9658,47.6501,0.24,0.9333,2,,
Thu Feb 20 15:50:34 UTC 2014,9.9658,47.6501,0.24,0.9333,2,,
Thu Feb 20 15:50:40 UTC 2014,9.9658,47.6501,0.24,0.9333,2,,
Thu Feb 20 15:50:46 UTC 2014,9.9658,47.6501,0.24,0.9333,2,,
Thu Feb 20 15:50:51 UTC 2014,9.9658,47.6501,0.24,0.9333,2,,
Thu Feb 20 15:50:56 UTC 2014,9.9658,47.6501,0.24,0.9333,2,,
Thu Feb 20 15:51:02 UTC 2014,9.9658,47.6501,0.24,0.9333,2,,
Thu Feb 20 15:51:08 UTC 2014,9.9658,47.6501,0.24,0.9333,2,,
Thu Feb 20 15:51:14 UTC 2014,9.9658,47.6501,0.24,0.9333,2,,
Thu Feb 20 15:51:19 UTC 2014,9.9658,47.6501,0.24,0.9333,2,,
Thu Feb 20 15:51:25 UTC 2014,9.9718,45.6957,0.24,0.697,2,,
Thu Feb 20 15:51:30 UTC 2014,9.9718,45.6957,0.24,0.697,2,,
Thu Feb 20 15:51:36 UTC 2014,9.9718,45.6957,0.24,0.697,2,,
Thu Feb 20 15:51:42 UTC 2014,9.9718,45.6957,0.24,0.697,2,,
Thu Feb 20 15:51:47 UTC 2014,9.9718,45.6957,0.24,0.697,2,,
Thu Feb 20 15:51:53 UTC 2014,9.9718,45.6957,0.24,0.697,2,,
Thu Feb 20 15:51:58 UTC 2014,9.9718,45.6957,0.24,0.697,2,,
Thu Feb 20 15:52:04 UTC 2014,9.9718,45.6957,0.24,0.697,2,,
Thu Feb 20 15:52:10 UTC 2014,9.9718,47.5525,0.24,0.9062,2,,
Thu Feb 20 15:52:16 UTC 2014,9.9718,47.5525,0.24,0.9062,2,,
Thu Feb 20 15:52:21 UTC 2014,9.9718,47.5525,0.24,0.9062,2,,
Thu Feb 20 15:52:27 UTC 2014,9.9718,47.5525,0.24,0.9062,2,,
Thu Feb 20 15:52:32 UTC 2014,9.9718,47.5525,0.24,0.9062,2,,
Thu Feb 20 15:52:38 UTC 2014,9.9718,47.5525,0.24,0.9062,2,,
Thu Feb 20 15:52:44 UTC 2014,9.9718,47.5525,0.24,0.9062,2,,
Thu Feb 20 15:52:49 UTC 2014,9.9718,47.5525,0.24,0.9062,2,,
Thu Feb 20 15:52:55 UTC 2014,9.9718,47.5525,0.24,0.9062,2,,
Thu Feb 20 15:53:00 UTC 2014,9.9718,47.5525,0.24,0.9062,2,,
Thu Feb 20 15:53:06 UTC 2014,9.9718,48.0501,0.24,0.8,2,,
Thu Feb 20 15:53:11 UTC 2014,9.9718,48.0501,0.24,0.8,2,,
Thu Feb 20 15:53:17 UTC 2014,9.9718,48.0501,0.24,0.8,2,,
Thu Feb 20 15:53:24 UTC 2014,9.9718,48.0501,0.24,0.8,2,,
Thu Feb 20 15:53:30 UTC 2014,9.9718,48.0501,0.24,0.8,2,,
Thu Feb 20 15:53:35 UTC 2014,9.9718,48.0501,0.24,0.8,2,,
Thu Feb 20 15:53:41 UTC 2014,9.9718,48.0501,0.24,0.8,2,,
Thu Feb 20 15:53:46 UTC 2014,9.9718,48.0501,0.24,0.8,2,,
Thu Feb 20 15:53:52 UTC 2014,9.9718,48.0501,0.24,0.8,2,,
Thu Feb 20 15:53:58 UTC 2014,9.9718,48.0501,0.24,0.8,2,,
Thu Feb 20 15:54:04 UTC 2014,9.9718,47.7001,0.24,0.8,2,,
Thu Feb 20 15:54:10 UTC 2014,9.9718,47.7001,0.24,0.8,2,,
Thu Feb 20 15:54:16 UTC 2014,9.9718,47.7001,0.24,0.8,2,,
Thu Feb 20 15:54:21 UTC 2014,9.9718,47.7001,0.24,0.8,2,,
Thu Feb 20 15:54:27 UTC 2014,9.9718,47.7001,0.24,0.8,2,,
Thu Feb 20 15:54:32 UTC 2014,9.9718,47.7001,0.24,0.8,2,,
Thu Feb 20 15:54:37 UTC 2014,9.9718,47.7001,0.24,0.8,2,,
Thu Feb 20 15:54:44 UTC 2014,9.9718,47.7001,0.24,0.8,2,,
Thu Feb 20 15:54:50 UTC 2014,9.9718,47.7977,0.24,0.8667,2,,
Thu Feb 20 15:54:55 UTC 2014,9.9718,47.7977,0.24,0.8667,2,,
Thu Feb 20 15:55:01 UTC 2014,9.9718,47.7977,0.24,0.8667,2,,
Thu Feb 20 15:55:06 UTC 2014,9.9718,47.7977,0.24,0.8667,2,,
Thu Feb 20 15:55:12 UTC 2014,9.9718,47.7977,0.24,0.8667,2,,
Thu Feb 20 15:55:17 UTC 2014,9.9718,47.7977,0.24,0.8667,2,,
Thu Feb 20 15:55:23 UTC 2014,9.9718,47.7977,0.24,0.8667,2,,
Thu Feb 20 15:55:29 UTC 2014,9.9718,48.148,0.24,0.7419,2,,
Thu Feb 20 15:55:36 UTC 2014,9.9718,48.148,0.24,0.7419,2,,
Thu Feb 20 15:55:41 UTC 2014,9.9718,48.148,0.24,0.7419,2,,
Thu Feb 20 15:55:47 UTC 2014,9.9718,48.148,0.24,0.7419,2,,
Thu Feb 20 15:55:53 UTC 2014,9.9718,48.148,0.24,0.7419,2,,
Thu Feb 20 15:55:58 UTC 2014,9.9718,48.148,0.24,0.7419,2,,
Thu Feb 20 15:56:05 UTC 2014,9.9718,48.148,0.24,0.7419,2,,
Thu Feb 20 15:56:10 UTC 2014,9.9718,48.148,0.24,0.7419,2,,
Thu Feb 20 15:56:16 UTC 2014,9.9718,48.148,0.24,0.7419,2,,
Thu Feb 20 15:56:22 UTC 2014,9.9718,47.45,0.24,0.8333,2,,
Thu Feb 20 15:56:27 UTC 2014,9.9718,47.45,0.24,0.8333,2,,
Thu Feb 20 15:56:33 UTC 2014,9.9718,47.45,0.24,0.8333,2,,
Thu Feb 20 15:56:38 UTC 2014,9.9718,47.45,0.24,0.8333,2,,
Thu Feb 20 15:56:44 UTC 2014,9.9718,47.45,0.24,0.8333,2,,
Thu Feb 20 15:56:50 UTC 2014,9.9718,47.45,0.24,0.8333,2,,
Thu Feb 20 15:56:55 UTC 2014,9.9718,47.45,0.24,0.8333,2,,
Thu Feb 20 15:57:01 UTC 2014,9.9718,47.45,0.24,0.8333,2,,
Thu Feb 20 15:57:07 UTC 2014,9.9775,47.1001,0.24,0.8,2,,
Thu Feb 20 15:57:12 UTC 2014,9.9775,47.1001,0.24,0.8,2,,
Thu Feb 20 15:57:18 UTC 2014,9.9775,47.1001,0.24,0.8,2,,
Thu Feb 20 15:57:24 UTC 2014,9.9775,47.1001,0.24,0.8,2,,
Thu Feb 20 15:57:29 UTC 2014,9.9775,47.1001,0.24,0.8,2,,
Thu Feb 20 15:57:35 UTC 2014,9.9775,47.1001,0.24,0.8,2,,
Thu Feb 20 15:57:40 UTC 2014,9.9775,47.1001,0.24,0.8,2,,
Thu Feb 20 15:57:46 UTC 2014,9.9775,47.1001,0.24,0.8,2,,
Thu Feb 20 15:57:52 UTC 2014,9.9775,47.1001,0.24,0.8,2,,
Thu Feb 20 15:57:58 UTC 2014,9.9718,47.4026,0.24,0.6562,2,,
Thu Feb 20 15:58:04 UTC 2014,9.9718,47.4026,0.24,0.6562,2,,
Thu Feb 20 15:58:09 UTC 2014,9.9718,47.4026,0.24,0.6562,2,,
Thu Feb 20 15:58:15 UTC 2014,9.9718,47.4026,0.24,0.6562,2,,
Thu Feb 20 15:58:20 UTC 2014,9.9718,47.4026,0.24,0.6562,2,,
Thu Feb 20 15:58:26 UTC 2014,9.9718,47.4026,0.24,0.6562,2,,
