Time ,cpuUsage ,cost ,currentThreadsBusy ,memUsed ,requestThroughput ,numberOfVMs , ongoingAction, targetedNodeID
Fri Feb 21 13:42:49 UTC 2014,93.5391,0.12,11,30.7017,0.5,1,,
Fri Feb 21 13:42:55 UTC 2014,93.5391,0.12,11,30.7017,0.5,1,CassandraNode_scaleOut,CassandraNode
Fri Feb 21 13:43:06 UTC 2014,91.5604,0.12,16,32.0942,0.4839,1,CassandraNode_scaleOut,CassandraNode
Fri Feb 21 13:43:20 UTC 2014,90.2196,0.12,16,32.5951,0.4839,1,CassandraNode_scaleOut,CassandraNode
Fri Feb 21 13:43:32 UTC 2014,93.3067,0.12,18,32.0468,0.5484,1,CassandraNode_scaleOut,CassandraNode
Fri Feb 21 13:43:44 UTC 2014,93.3067,0.12,18,32.0468,0.5484,1,CassandraNode_scaleOut,CassandraNode
Fri Feb 21 13:43:56 UTC 2014,94.6,0.12,17,34.867,0.5667,1,,
Fri Feb 21 13:44:03 UTC 2014,94.6,0.12,17,34.867,0.5667,1,,
Fri Feb 21 13:44:09 UTC 2014,94.6,0.12,17,34.867,0.5667,1,,
Fri Feb 21 13:44:15 UTC 2014,94.6,0.12,17,34.867,0.5667,1,,
Fri Feb 21 13:44:21 UTC 2014,94.6,0.12,17,34.867,0.5667,1,,
Fri Feb 21 13:44:28 UTC 2014,85.1555,0.12,15,33.3958,0.5938,1,,
Fri Feb 21 13:44:35 UTC 2014,85.1555,0.12,15,33.3958,0.5938,1,,
Fri Feb 21 13:44:41 UTC 2014,93.513,0.12,15,32.9651,0.5938,1,,
Fri Feb 21 13:44:46 UTC 2014,89.4212,0.12,15,30.335,0.5938,1,,
Fri Feb 21 13:44:53 UTC 2014,89.4212,0.12,15,30.335,0.5938,1,,
Fri Feb 21 13:45:01 UTC 2014,89.4212,0.12,15,30.335,0.5938,1,,
Fri Feb 21 13:45:09 UTC 2014,89.8,0.12,14,31.4334,0.5484,1,,
Fri Feb 21 13:45:15 UTC 2014,89.8,0.12,14,31.4334,0.5484,1,,
Fri Feb 21 13:45:21 UTC 2014,89.8,0.12,14,31.4334,0.5484,1,,
Fri Feb 21 13:45:26 UTC 2014,89.9302,0.12,14,32.5067,0.6129,1,,
Fri Feb 21 13:45:32 UTC 2014,89.9302,0.12,14,32.5067,0.6129,1,,
Fri Feb 21 13:45:38 UTC 2014,89.9302,0.12,14,32.5067,0.6129,1,,
Fri Feb 21 13:45:45 UTC 2014,89.9302,0.12,14,32.5067,0.6129,1,,
Fri Feb 21 13:45:52 UTC 2014,92.2,0.12,13,32.0238,0.5667,1,,
Fri Feb 21 13:46:00 UTC 2014,92.2,0.12,13,32.0238,0.5667,1,,
Fri Feb 21 13:46:08 UTC 2014,92.2,0.12,13,32.0238,0.5667,1,,
Fri Feb 21 13:46:16 UTC 2014,92.2,0.12,13,32.0238,0.5667,1,,
Fri Feb 21 13:46:22 UTC 2014,91.6084,0.12,13,29.551,0.5667,1,,
Fri Feb 21 13:46:28 UTC 2014,91.6084,0.12,13,29.551,0.5667,1,,
Fri Feb 21 13:46:35 UTC 2014,91.6084,0.12,13,29.551,0.5667,1,,
Fri Feb 21 13:46:43 UTC 2014,91.6084,0.12,13,29.551,0.5667,1,,
Fri Feb 21 13:46:52 UTC 2014,91.6084,0.12,13,29.551,0.5667,1,,
Fri Feb 21 13:46:59 UTC 2014,89.9202,0.12,12,27.2645,0.6129,1,,
Fri Feb 21 13:47:05 UTC 2014,89.9202,0.12,12,27.2645,0.6129,1,,
Fri Feb 21 13:47:12 UTC 2014,89.9202,0.12,12,27.2645,0.6129,1,,
Fri Feb 21 13:47:20 UTC 2014,89.9202,0.12,12,27.2645,0.6129,1,,
Fri Feb 21 13:47:27 UTC 2014,89.9202,0.12,12,27.2645,0.6129,1,,
Fri Feb 21 13:47:32 UTC 2014,57.996,0.12,20,35.7584,0.5806,1,,
Fri Feb 21 13:47:38 UTC 2014,57.996,0.12,20,35.7584,0.5806,1,,
Fri Feb 21 13:47:45 UTC 2014,57.996,0.12,20,35.7584,0.5806,1,,
Fri Feb 21 13:47:50 UTC 2014,57.996,0.12,20,35.7584,0.5806,1,,
Fri Feb 21 13:47:57 UTC 2014,57.996,0.12,20,35.7584,0.5806,1,,
Fri Feb 21 13:48:04 UTC 2014,73.0461,0.12,21,39.1945,0.7333,1,,
Fri Feb 21 13:48:10 UTC 2014,73.0461,0.12,21,39.1945,0.7333,1,,
Fri Feb 21 13:48:16 UTC 2014,73.0461,0.12,21,39.1945,0.7333,1,,
Fri Feb 21 13:48:21 UTC 2014,74.6548,0.12,21,39.3136,0.7333,1,,
Fri Feb 21 13:48:27 UTC 2014,74.6548,0.12,21,39.3136,0.7333,1,,
Fri Feb 21 13:48:36 UTC 2014,74.6548,0.12,21,39.3136,0.7333,1,,
Fri Feb 21 13:48:43 UTC 2014,74.6548,0.12,21,39.3136,0.7333,1,,
Fri Feb 21 13:48:50 UTC 2014,74.6548,0.12,21,39.3136,0.7333,1,,
Fri Feb 21 13:48:57 UTC 2014,74.6548,0.12,21,39.3136,0.7333,1,,
Fri Feb 21 13:49:04 UTC 2014,74.6548,0.12,21,39.3136,0.7333,1,,
Fri Feb 21 13:49:12 UTC 2014,74.6548,0.12,21,39.3136,0.7333,1,,
Fri Feb 21 13:49:18 UTC 2014,74.6548,0.12,21,39.3136,0.7333,1,,
Fri Feb 21 13:49:25 UTC 2014,74.6548,0.12,21,39.3136,0.7333,1,,
Fri Feb 21 13:49:31 UTC 2014,74.6548,0.12,21,39.3136,0.7333,1,,
Fri Feb 21 13:49:37 UTC 2014,74.6548,0.12,21,39.3136,0.7333,1,,
Fri Feb 21 13:49:42 UTC 2014,91.0609,0.12,27,48.4011,0.5667,1,,
Fri Feb 21 13:49:48 UTC 2014,91.0609,0.12,27,48.4011,0.5667,1,,
Fri Feb 21 13:49:54 UTC 2014,91.0609,0.12,27,48.4011,0.5667,1,,
Fri Feb 21 13:50:00 UTC 2014,91.0609,0.12,27,48.4011,0.5667,1,,
Fri Feb 21 13:50:06 UTC 2014,91.0609,0.12,27,48.4011,0.5667,1,,
Fri Feb 21 13:50:13 UTC 2014,91.0609,0.12,27,48.4011,0.5667,1,,
Fri Feb 21 13:50:20 UTC 2014,91.0609,0.12,27,48.4011,0.5667,1,,
Fri Feb 21 13:50:25 UTC 2014,91.0609,0.12,27,48.4011,0.5667,1,,
Fri Feb 21 13:50:31 UTC 2014,91.587,0.12,29,53.1856,0.6,1,,
Fri Feb 21 13:50:37 UTC 2014,91.587,0.12,29,53.1856,0.6,1,,
Fri Feb 21 13:50:44 UTC 2014,91.587,0.12,29,53.1856,0.6,1,,
Fri Feb 21 13:50:50 UTC 2014,91.587,0.12,29,53.1856,0.6,1,,
Fri Feb 21 13:50:56 UTC 2014,91.587,0.12,29,53.1856,0.6,1,,
Fri Feb 21 13:51:02 UTC 2014,91.587,0.12,29,53.1856,0.6,1,,
Fri Feb 21 13:51:09 UTC 2014,91.587,0.12,29,53.1856,0.6,1,,
Fri Feb 21 13:51:15 UTC 2014,91.587,0.12,29,53.1856,0.6,1,,
Fri Feb 21 13:51:21 UTC 2014,91.587,0.12,29,53.1856,0.6,1,,
Fri Feb 21 13:51:26 UTC 2014,94.3114,0.12,30,55.4263,0.4839,1,,
Fri Feb 21 13:51:33 UTC 2014,94.3114,0.12,30,55.4263,0.4839,1,,
Fri Feb 21 13:51:39 UTC 2014,94.3114,0.12,30,55.4263,0.4839,1,,
Fri Feb 21 13:51:45 UTC 2014,94.3114,0.12,30,55.4263,0.4839,1,,
Fri Feb 21 13:51:51 UTC 2014,94.3114,0.12,30,55.4263,0.4839,1,,
Fri Feb 21 13:51:57 UTC 2014,94.3114,0.12,30,55.4263,0.4839,1,,
Fri Feb 21 13:52:03 UTC 2014,94.3114,0.12,30,55.4263,0.4839,1,,
Fri Feb 21 13:52:10 UTC 2014,78.012,0.12,29,54.0064,0.6667,1,,
Fri Feb 21 13:52:17 UTC 2014,78.012,0.12,29,54.0064,0.6667,1,,
Fri Feb 21 13:52:25 UTC 2014,78.012,0.12,29,54.0064,0.6667,1,,
Fri Feb 21 13:52:31 UTC 2014,78.012,0.12,29,54.0064,0.6667,1,,
Fri Feb 21 13:52:38 UTC 2014,78.012,0.12,29,54.0064,0.6667,1,,
Fri Feb 21 13:52:44 UTC 2014,91.7918,0.12,29,54.2947,0.6667,1,,
Fri Feb 21 13:52:53 UTC 2014,91.7918,0.12,29,54.2947,0.6667,1,,
Fri Feb 21 13:52:59 UTC 2014,91.7918,0.12,29,54.2947,0.6667,1,,
Fri Feb 21 13:53:05 UTC 2014,91.7918,0.12,29,54.2947,0.6667,1,,
Fri Feb 21 13:53:11 UTC 2014,91.7918,0.12,29,54.2947,0.6667,1,,
Fri Feb 21 13:53:17 UTC 2014,91.7918,0.12,29,54.2947,0.6667,1,,
Fri Feb 21 13:53:24 UTC 2014,80.222,0.12,28,50.1581,0.6774,1,,
Fri Feb 21 13:53:30 UTC 2014,80.222,0.12,28,50.1581,0.6774,1,,
Fri Feb 21 13:53:36 UTC 2014,80.222,0.12,28,50.1581,0.6774,1,,
Fri Feb 21 13:53:42 UTC 2014,80.222,0.12,28,50.1581,0.6774,1,,
Fri Feb 21 13:53:49 UTC 2014,80.222,0.12,28,50.1581,0.6774,1,,
Fri Feb 21 13:53:55 UTC 2014,80.222,0.12,28,50.1581,0.6774,1,,
Fri Feb 21 13:54:01 UTC 2014,80.222,0.12,28,50.1581,0.6774,1,,
Fri Feb 21 13:54:07 UTC 2014,80.222,0.12,28,50.1581,0.6774,1,,
Fri Feb 21 13:54:13 UTC 2014,84.1842,0.12,24,48.4494,0.7,1,,
Fri Feb 21 13:54:19 UTC 2014,84.1842,0.12,24,48.4494,0.7,1,,
Fri Feb 21 13:54:25 UTC 2014,84.1842,0.12,24,48.4494,0.7,1,,
Fri Feb 21 13:54:32 UTC 2014,84.1842,0.12,24,48.4494,0.7,1,,
Fri Feb 21 13:54:40 UTC 2014,84.1842,0.12,24,48.4494,0.7,1,,
Fri Feb 21 13:54:46 UTC 2014,84.1842,0.12,24,48.4494,0.7,1,,
Fri Feb 21 13:54:52 UTC 2014,84.1842,0.12,24,48.4494,0.7,1,,
Fri Feb 21 13:54:58 UTC 2014,84.1842,0.12,24,48.4494,0.7,1,,
Fri Feb 21 13:55:04 UTC 2014,85.6275,0.12,22,42.0186,0.6129,1,,
Fri Feb 21 13:55:10 UTC 2014,85.6275,0.12,22,42.0186,0.6129,1,,
Fri Feb 21 13:55:16 UTC 2014,85.6275,0.12,22,42.0186,0.6129,1,,
Fri Feb 21 13:55:22 UTC 2014,85.6275,0.12,22,42.0186,0.6129,1,,
Fri Feb 21 13:55:28 UTC 2014,85.6275,0.12,22,42.0186,0.6129,1,,
Fri Feb 21 13:55:34 UTC 2014,85.6275,0.12,22,42.0186,0.6129,1,,
Fri Feb 21 13:55:40 UTC 2014,85.6275,0.12,22,42.0186,0.6129,1,,
Fri Feb 21 13:55:46 UTC 2014,85.6275,0.12,22,42.0186,0.6129,1,,
Fri Feb 21 13:55:54 UTC 2014,85.6275,0.12,22,42.0186,0.6129,1,,
Fri Feb 21 13:56:00 UTC 2014,85.6275,0.12,22,42.0186,0.6129,1,,
Fri Feb 21 13:56:06 UTC 2014,90.6907,0.12,21,40.972,0.6562,1,,
Fri Feb 21 13:56:13 UTC 2014,90.6907,0.12,21,40.972,0.6562,1,,
Fri Feb 21 13:56:21 UTC 2014,90.6907,0.12,21,40.972,0.6562,1,,
Fri Feb 21 13:56:28 UTC 2014,90.6907,0.12,21,40.972,0.6562,1,,
Fri Feb 21 13:56:34 UTC 2014,90.6907,0.12,21,40.972,0.6562,1,,
Fri Feb 21 13:56:42 UTC 2014,90.6907,0.12,21,40.972,0.6562,1,,
Fri Feb 21 13:56:49 UTC 2014,90.6907,0.12,21,40.972,0.6562,1,,
Fri Feb 21 13:56:55 UTC 2014,90.6907,0.12,21,40.972,0.6562,1,,
Fri Feb 21 13:57:02 UTC 2014,90.6907,0.12,21,40.972,0.6562,1,,
Fri Feb 21 13:57:08 UTC 2014,90.6907,0.12,21,40.972,0.6562,1,,
Fri Feb 21 13:57:14 UTC 2014,90.6907,0.12,21,40.972,0.6562,1,,
Fri Feb 21 13:57:20 UTC 2014,94.6,0.12,31,38.532,0.6562,1,,
Fri Feb 21 13:57:27 UTC 2014,94.6,0.12,31,38.532,0.6562,1,,
Fri Feb 21 13:57:33 UTC 2014,94.6,0.12,31,38.532,0.6562,1,,
Fri Feb 21 13:57:39 UTC 2014,94.6,0.12,31,38.532,0.6562,1,,
Fri Feb 21 13:57:45 UTC 2014,94.6,0.12,31,38.532,0.6562,1,,
Fri Feb 21 13:57:51 UTC 2014,96.3037,0.12,31,51.0606,0.5667,1,,
Fri Feb 21 13:57:57 UTC 2014,96.3037,0.12,31,51.0606,0.5667,1,,
Fri Feb 21 13:58:03 UTC 2014,96.3037,0.12,31,51.0606,0.5667,1,,
Fri Feb 21 13:58:09 UTC 2014,96.3037,0.12,31,51.0606,0.5667,1,,
Fri Feb 21 13:58:14 UTC 2014,96.3037,0.12,31,51.0606,0.5667,1,,
Fri Feb 21 13:58:20 UTC 2014,90.5,0.12,31,47.1166,0.8,1,,
Fri Feb 21 13:58:26 UTC 2014,90.5,0.12,31,47.1166,0.8,1,,
Fri Feb 21 13:58:32 UTC 2014,90.5,0.12,31,47.1166,0.8,1,,
Fri Feb 21 13:58:38 UTC 2014,90.5,0.12,31,47.1166,0.8,1,,
Fri Feb 21 13:58:46 UTC 2014,90.5,0.12,31,47.1166,0.8,1,,
Fri Feb 21 13:58:52 UTC 2014,90.5,0.12,31,47.1166,0.8,1,,
Fri Feb 21 13:58:58 UTC 2014,90.5,0.12,31,47.1166,0.8,1,,
Fri Feb 21 13:59:06 UTC 2014,90.5,0.12,31,47.1166,0.8,1,,
Fri Feb 21 13:59:14 UTC 2014,90.5,0.12,31,47.1166,0.8,1,,
Fri Feb 21 13:59:21 UTC 2014,90.5,0.12,31,47.1166,0.8,1,,
Fri Feb 21 13:59:28 UTC 2014,90.5,0.12,31,47.1166,0.8,1,,
Fri Feb 21 13:59:35 UTC 2014,90.5,0.12,31,47.1166,0.8,1,,
Fri Feb 21 13:59:41 UTC 2014,95.1049,0.12,32,38.8837,0.8125,1,,
Fri Feb 21 13:59:48 UTC 2014,95.1049,0.12,32,38.8837,0.8125,1,,
Fri Feb 21 13:59:55 UTC 2014,95.1049,0.12,32,38.8837,0.8125,1,,
Fri Feb 21 14:00:02 UTC 2014,95.1049,0.12,32,38.8837,0.8125,1,AppServer_scaleOut,AppServer
Fri Feb 21 14:00:17 UTC 2014,93.4,0.12,31,50.1917,0.7333,1,AppServer_scaleOut,AppServer
Fri Feb 21 14:00:29 UTC 2014,95.3954,0.12,31,48.6454,0.625,1,AppServer_scaleOut,AppServer
Fri Feb 21 14:00:41 UTC 2014,95.6044,0.12,31,47.7261,0.625,1,AppServer_scaleOut,AppServer
Fri Feb 21 14:00:52 UTC 2014,94.6,0.12,31,49.5993,0.6667,1,AppServer_scaleOut,AppServer
Fri Feb 21 14:01:05 UTC 2014,94.6,0.12,31,49.5993,0.6667,1,,
Fri Feb 21 14:01:13 UTC 2014,94.6161,0.24,31,49.4143,0.6667,2,,
Fri Feb 21 14:01:21 UTC 2014,94.6161,0.24,31,49.4143,0.6667,2,,
Fri Feb 21 14:01:29 UTC 2014,94.6161,0.24,31,49.4143,0.6667,2,,
Fri Feb 21 14:01:37 UTC 2014,94.6161,0.24,31,49.4143,0.6667,2,,
Fri Feb 21 14:01:45 UTC 2014,94.6161,0.24,31,49.4143,0.6667,2,,
Fri Feb 21 14:01:52 UTC 2014,94.6161,0.24,31,49.4143,0.6667,2,,
Fri Feb 21 14:01:59 UTC 2014,94.6161,0.24,31,49.4143,0.6667,2,,
Fri Feb 21 14:02:07 UTC 2014,94.6161,0.24,31,49.4143,0.6667,2,,
Fri Feb 21 14:02:14 UTC 2014,94.6161,0.24,31,49.4143,0.6667,2,,
Fri Feb 21 14:02:20 UTC 2014,94.6161,0.24,31,49.4143,0.6667,2,,
Fri Feb 21 14:02:26 UTC 2014,94.6161,0.24,31,49.4143,0.6667,2,,
Fri Feb 21 14:02:33 UTC 2014,86.9388,0.24,25.5,36.9223,1.1303,2,,
Fri Feb 21 14:02:42 UTC 2014,86.9388,0.24,25.5,36.9223,1.1303,2,,
Fri Feb 21 14:02:49 UTC 2014,86.9388,0.24,25.5,36.9223,1.1303,2,,
Fri Feb 21 14:02:55 UTC 2014,86.9388,0.24,25.5,36.9223,1.1303,2,,
Fri Feb 21 14:03:02 UTC 2014,86.9388,0.24,25.5,36.9223,1.1303,2,,
Fri Feb 21 14:03:08 UTC 2014,86.9388,0.24,25.5,36.9223,1.1303,2,,
Fri Feb 21 14:03:16 UTC 2014,66.9871,0.24,23,41.1343,1.3398,2,,
Fri Feb 21 14:03:23 UTC 2014,66.9871,0.24,23,41.1343,1.3398,2,,
Fri Feb 21 14:03:33 UTC 2014,66.9871,0.24,23,41.1343,1.3398,2,,
Fri Feb 21 14:03:42 UTC 2014,66.9871,0.24,23,41.1343,1.3398,2,,
Fri Feb 21 14:03:48 UTC 2014,66.9871,0.24,23,41.1343,1.3398,2,,
Fri Feb 21 14:03:57 UTC 2014,66.9871,0.24,23,41.1343,1.3398,2,,
Fri Feb 21 14:04:05 UTC 2014,66.9871,0.24,23,41.1343,1.3398,2,,
Fri Feb 21 14:04:13 UTC 2014,66.9871,0.24,23,41.1343,1.3398,2,,
Fri Feb 21 14:04:22 UTC 2014,66.9871,0.24,23,41.1343,1.3398,2,,
Fri Feb 21 14:04:29 UTC 2014,68.2406,0.24,18,37.0644,1.225,2,,
Fri Feb 21 14:04:38 UTC 2014,68.2406,0.24,18,37.0644,1.225,2,,
Fri Feb 21 14:04:46 UTC 2014,68.2406,0.24,18,37.0644,1.225,2,,
Fri Feb 21 14:04:52 UTC 2014,68.2406,0.24,18,37.0644,1.225,2,,
Fri Feb 21 14:04:59 UTC 2014,68.2406,0.24,18,37.0644,1.225,2,,
Fri Feb 21 14:05:06 UTC 2014,68.2406,0.24,18,37.0644,1.225,2,,
Fri Feb 21 14:05:13 UTC 2014,68.2406,0.24,18,37.0644,1.225,2,,
Fri Feb 21 14:05:21 UTC 2014,63.4553,0.24,14,30.3667,1.2875,2,,
Fri Feb 21 14:05:28 UTC 2014,63.4553,0.24,14,30.3667,1.2875,2,,
Fri Feb 21 14:05:33 UTC 2014,63.4553,0.24,14,30.3667,1.2875,2,,
Fri Feb 21 14:05:41 UTC 2014,63.4553,0.24,14,30.3667,1.2875,2,,
Fri Feb 21 14:05:47 UTC 2014,63.4553,0.24,14,30.3667,1.2875,2,,
Fri Feb 21 14:05:56 UTC 2014,63.4553,0.24,14,30.3667,1.2875,2,,
Fri Feb 21 14:06:04 UTC 2014,63.4553,0.24,14,30.3667,1.2875,2,,
Fri Feb 21 14:06:13 UTC 2014,63.4553,0.24,14,30.3667,1.2875,2,,
Fri Feb 21 14:06:20 UTC 2014,63.4553,0.24,14,30.3667,1.2875,2,,
Fri Feb 21 14:06:26 UTC 2014,63.4553,0.24,14,30.3667,1.2875,2,,
Fri Feb 21 14:06:34 UTC 2014,63.4553,0.24,14,30.3667,1.2875,2,,
Fri Feb 21 14:06:42 UTC 2014,58.1554,0.24,7.5,25.3935,1.1667,2,,
Fri Feb 21 14:06:48 UTC 2014,58.1554,0.24,7.5,25.3935,1.1667,2,,
Fri Feb 21 14:06:54 UTC 2014,58.1554,0.24,7.5,25.3935,1.1667,2,,
Fri Feb 21 14:07:00 UTC 2014,58.1554,0.24,7.5,25.3935,1.1667,2,,
Fri Feb 21 14:07:08 UTC 2014,58.1554,0.24,7.5,25.3935,1.1667,2,,
Fri Feb 21 14:07:14 UTC 2014,58.1554,0.24,7.5,25.3935,1.1667,2,,
Fri Feb 21 14:07:24 UTC 2014,62.95,0.24,8,25.7404,1.1796,2,,
Fri Feb 21 14:07:31 UTC 2014,62.95,0.24,8,25.7404,1.1796,2,,
Fri Feb 21 14:07:37 UTC 2014,62.95,0.24,8,25.7404,1.1796,2,,
Fri Feb 21 14:07:44 UTC 2014,62.95,0.24,8,25.7404,1.1796,2,,
Fri Feb 21 14:07:52 UTC 2014,62.95,0.24,8,25.7404,1.1796,2,,
Fri Feb 21 14:08:00 UTC 2014,62.95,0.24,8,25.7404,1.1796,2,,
Fri Feb 21 14:08:07 UTC 2014,62.95,0.24,8,25.7404,1.1796,2,,
Fri Feb 21 14:08:13 UTC 2014,62.95,0.24,8,25.7404,1.1796,2,,
Fri Feb 21 14:08:19 UTC 2014,62.95,0.24,8,25.7404,1.1796,2,,
Fri Feb 21 14:08:26 UTC 2014,62.95,0.24,8,25.7404,1.1796,2,,
Fri Feb 21 14:08:34 UTC 2014,62.95,0.24,8,25.7404,1.1796,2,,
Fri Feb 21 14:08:42 UTC 2014,62.95,0.24,8,25.7404,1.1796,2,,
Fri Feb 21 14:08:47 UTC 2014,68.8496,0.24,10.5,27.76,1.1,2,,
Fri Feb 21 14:08:53 UTC 2014,68.8496,0.24,10.5,27.76,1.1,2,,
Fri Feb 21 14:09:00 UTC 2014,68.8496,0.24,10.5,27.76,1.1,2,,
Fri Feb 21 14:09:06 UTC 2014,68.8496,0.24,10.5,27.76,1.1,2,,
Fri Feb 21 14:09:13 UTC 2014,68.8496,0.24,10.5,27.76,1.1,2,,
Fri Feb 21 14:09:19 UTC 2014,68.8496,0.24,10.5,27.76,1.1,2,CassandraNode_scaleOut,CassandraNode
Fri Feb 21 14:09:33 UTC 2014,58.4075,0.24,10.5,27.4944,1.2785,2,CassandraNode_scaleOut,CassandraNode
Fri Feb 21 14:09:47 UTC 2014,64.534,0.24,9.5,28.1394,1.2462,2,CassandraNode_scaleOut,CassandraNode
Fri Feb 21 14:09:59 UTC 2014,64.534,0.24,9.5,28.1394,1.2462,2,CassandraNode_scaleOut,CassandraNode
Fri Feb 21 14:10:13 UTC 2014,62.2346,0.24,10.5,28.2104,1.1796,2,,
Fri Feb 21 14:10:21 UTC 2014,62.2346,0.24,10.5,28.2104,1.1796,2,,
Fri Feb 21 14:10:27 UTC 2014,62.2346,0.24,10.5,28.2104,1.1796,2,,
Fri Feb 21 14:10:35 UTC 2014,62.2346,0.24,10.5,28.2104,1.1796,2,,
Fri Feb 21 14:10:44 UTC 2014,72.7784,0.24,13,33.017,1.1484,2,,
Fri Feb 21 14:10:52 UTC 2014,72.7784,0.24,13,33.017,1.1484,2,,
Fri Feb 21 14:11:00 UTC 2014,72.7784,0.24,13,33.017,1.1484,2,,
Fri Feb 21 14:11:07 UTC 2014,72.7784,0.24,13,33.017,1.1484,2,,
Fri Feb 21 14:11:13 UTC 2014,72.7784,0.24,13,33.017,1.1484,2,,
Fri Feb 21 14:11:21 UTC 2014,72.7784,0.24,13,33.017,1.1484,2,,
Fri Feb 21 14:11:29 UTC 2014,72.7784,0.24,13,33.017,1.1484,2,,
Fri Feb 21 14:11:35 UTC 2014,72.7784,0.24,13,33.017,1.1484,2,,
Fri Feb 21 14:11:41 UTC 2014,72.7784,0.24,13,33.017,1.1484,2,,
Fri Feb 21 14:11:47 UTC 2014,72.7784,0.24,13,33.017,1.1484,2,,
Fri Feb 21 14:11:55 UTC 2014,72.7784,0.24,13,33.017,1.1484,2,,
Fri Feb 21 14:12:01 UTC 2014,72.7784,0.24,13,33.017,1.1484,2,,
Fri Feb 21 14:12:06 UTC 2014,72.7784,0.24,13,33.017,1.1484,2,,
Fri Feb 21 14:12:13 UTC 2014,72.7784,0.24,13,33.017,1.1484,2,,
Fri Feb 21 14:12:21 UTC 2014,72.7784,0.24,13,33.017,1.1484,2,,
Fri Feb 21 14:12:27 UTC 2014,75.189,0.24,15,33.3724,1.2292,2,,
Fri Feb 21 14:12:34 UTC 2014,75.189,0.24,15,33.3724,1.2292,2,,
Fri Feb 21 14:12:40 UTC 2014,75.189,0.24,15,33.3724,1.2292,2,,
Fri Feb 21 14:12:46 UTC 2014,75.189,0.24,15,33.3724,1.2292,2,,
Fri Feb 21 14:12:52 UTC 2014,75.189,0.24,15,33.3724,1.2292,2,,
Fri Feb 21 14:12:58 UTC 2014,75.189,0.24,15,33.3724,1.2292,2,,
Fri Feb 21 14:13:05 UTC 2014,57.013,0.24,15,35.1907,1.2452,2,,
Fri Feb 21 14:13:11 UTC 2014,57.013,0.24,15,35.1907,1.2452,2,,
Fri Feb 21 14:13:18 UTC 2014,57.013,0.24,15,35.1907,1.2452,2,,
Fri Feb 21 14:13:25 UTC 2014,57.013,0.24,15,35.1907,1.2452,2,,
Fri Feb 21 14:13:33 UTC 2014,57.013,0.24,15,35.1907,1.2452,2,,
Fri Feb 21 14:13:40 UTC 2014,57.013,0.24,15,35.1907,1.2452,2,,
Fri Feb 21 14:13:47 UTC 2014,57.013,0.24,15,35.1907,1.2452,2,,
Fri Feb 21 14:13:54 UTC 2014,57.013,0.24,15,35.1907,1.2452,2,,
Fri Feb 21 14:14:00 UTC 2014,57.013,0.24,15,35.1907,1.2452,2,,
Fri Feb 21 14:14:05 UTC 2014,70.7693,0.24,15.5,34.3808,1.3,2,,
Fri Feb 21 14:14:12 UTC 2014,70.7693,0.24,15.5,34.3808,1.3,2,,
Fri Feb 21 14:14:19 UTC 2014,70.7693,0.24,15.5,34.3808,1.3,2,,
Fri Feb 21 14:14:26 UTC 2014,70.7693,0.24,15.5,34.3808,1.3,2,,
Fri Feb 21 14:14:35 UTC 2014,70.7693,0.24,15.5,34.3808,1.3,2,,
Fri Feb 21 14:14:43 UTC 2014,70.7693,0.24,15.5,34.3808,1.3,2,,
Fri Feb 21 14:14:50 UTC 2014,70.7693,0.24,15.5,34.3808,1.3,2,,
Fri Feb 21 14:14:58 UTC 2014,70.7693,0.24,15.5,34.3808,1.3,2,,
Fri Feb 21 14:15:07 UTC 2014,70.7693,0.24,15.5,34.3808,1.3,2,,
Fri Feb 21 14:15:15 UTC 2014,70.7693,0.24,15.5,34.3808,1.3,2,,
Fri Feb 21 14:15:24 UTC 2014,65.2306,0.24,15,36.3646,1.3086,2,,
Fri Feb 21 14:15:31 UTC 2014,65.2306,0.24,15,36.3646,1.3086,2,,
Fri Feb 21 14:15:40 UTC 2014,65.2306,0.24,15,36.3646,1.3086,2,,
Fri Feb 21 14:15:46 UTC 2014,65.2306,0.24,15,36.3646,1.3086,2,,
Fri Feb 21 14:15:54 UTC 2014,65.2306,0.24,15,36.3646,1.3086,2,,
Fri Feb 21 14:16:03 UTC 2014,65.2306,0.24,15,36.3646,1.3086,2,,
Fri Feb 21 14:16:12 UTC 2014,65.2306,0.24,15,36.3646,1.3086,2,,
Fri Feb 21 14:16:19 UTC 2014,65.2306,0.24,15,36.3646,1.3086,2,,
Fri Feb 21 14:16:26 UTC 2014,65.2306,0.24,15,36.3646,1.3086,2,,
Fri Feb 21 14:16:35 UTC 2014,65.2306,0.24,15,34.163,1.3,2,AppServer_scaleOut,AppServer
Fri Feb 21 14:16:50 UTC 2014,76.0398,0.24,15.5,34.163,1.3,2,AppServer_scaleOut,AppServer
Fri Feb 21 14:17:02 UTC 2014,76.0398,0.24,15.5,34.163,1.3,2,AppServer_scaleOut,AppServer
Fri Feb 21 14:17:14 UTC 2014,70.2136,0.24,14.5,34.9589,1.3667,2,AppServer_scaleOut,AppServer
Fri Feb 21 14:17:25 UTC 2014,70.2136,0.24,15,34.8528,1.2462,3,,
Fri Feb 21 14:17:35 UTC 2014,68.1748,0.36,15,34.8528,1.2462,3,,
Fri Feb 21 14:17:42 UTC 2014,68.1748,0.36,15,34.8528,1.2462,3,,
Fri Feb 21 14:17:48 UTC 2014,68.1748,0.36,15,34.8528,1.2462,3,,
Fri Feb 21 14:17:54 UTC 2014,68.1748,0.36,15,34.8528,1.2462,3,,
Fri Feb 21 14:18:01 UTC 2014,68.1748,0.36,15,34.8528,1.2462,3,,
Fri Feb 21 14:18:06 UTC 2014,68.1748,0.36,15,34.8528,1.2462,3,,
Fri Feb 21 14:18:13 UTC 2014,68.1748,0.36,15,34.8528,1.2462,3,,
Fri Feb 21 14:18:20 UTC 2014,68.1748,0.36,15,34.8528,1.2462,3,,
Fri Feb 21 14:18:26 UTC 2014,68.1748,0.36,15,34.8528,1.2462,3,,
Fri Feb 21 14:18:34 UTC 2014,68.1748,0.36,15,34.8528,1.2462,3,,
Fri Feb 21 14:18:41 UTC 2014,69.1049,0.36,15,35.2754,1.2,3,,
Fri Feb 21 14:18:46 UTC 2014,69.1049,0.36,15,35.2754,1.2,3,,
Fri Feb 21 14:18:53 UTC 2014,69.1049,0.36,15,35.2754,1.2,3,,
Fri Feb 21 14:19:00 UTC 2014,69.1049,0.36,15,35.2754,1.2,3,,
Fri Feb 21 14:19:06 UTC 2014,69.1049,0.36,15,35.2754,1.2,3,,
Fri Feb 21 14:19:13 UTC 2014,69.1049,0.36,15,35.2754,1.2,3,,
Fri Feb 21 14:19:20 UTC 2014,69.1049,0.36,15,35.2754,1.2,3,,
Fri Feb 21 14:19:26 UTC 2014,69.1049,0.36,15,35.2754,1.2,3,,
Fri Feb 21 14:19:32 UTC 2014,69.1049,0.36,15,35.2754,1.2,3,,
Fri Feb 21 14:19:38 UTC 2014,69.1049,0.36,15,35.2754,1.2,3,,
Fri Feb 21 14:19:45 UTC 2014,69.1049,0.36,15,35.2754,1.2,3,,
Fri Feb 21 14:19:52 UTC 2014,84.5237,0.36,22,37.7315,1.6121,3,,
Fri Feb 21 14:19:59 UTC 2014,84.5237,0.36,22,37.7315,1.6121,3,,
Fri Feb 21 14:20:05 UTC 2014,84.5237,0.36,22,37.7315,1.6121,3,,
Fri Feb 21 14:20:11 UTC 2014,84.5237,0.36,22,37.7315,1.6121,3,,
Fri Feb 21 14:20:17 UTC 2014,84.5237,0.36,22,37.7315,1.6121,3,,
Fri Feb 21 14:20:23 UTC 2014,84.5237,0.36,22,37.7315,1.6121,3,,
Fri Feb 21 14:20:29 UTC 2014,84.5237,0.36,22,37.7315,1.6121,3,,
Fri Feb 21 14:20:35 UTC 2014,84.5237,0.36,22,37.7315,1.6121,3,,
Fri Feb 21 14:20:42 UTC 2014,84.5237,0.36,22,37.7315,1.6121,3,,
Fri Feb 21 14:20:49 UTC 2014,84.5237,0.36,22,37.7315,1.6121,3,,
Fri Feb 21 14:20:55 UTC 2014,84.5237,0.36,22,37.7315,1.6121,3,,
Fri Feb 21 14:21:01 UTC 2014,84.5237,0.36,22,37.7315,1.6121,3,CassandraNode_scaleOut,CassandraNode
Fri Feb 21 14:21:14 UTC 2014,79.156,0.36,18.6667,35.8433,2.0576,3,CassandraNode_scaleOut,CassandraNode
Fri Feb 21 14:21:27 UTC 2014,70.1846,0.36,17.6667,35.8704,1.9875,3,CassandraNode_scaleOut,CassandraNode
Fri Feb 21 14:21:40 UTC 2014,70.1846,0.36,17.6667,35.8704,1.9875,3,CassandraNode_scaleOut,CassandraNode
Fri Feb 21 14:21:51 UTC 2014,75.5583,0.36,16,34.5593,1.9188,3,CassandraNode_scaleOut,CassandraNode
Fri Feb 21 14:22:03 UTC 2014,75.5583,0.36,16,34.5593,1.9188,3,,
Fri Feb 21 14:22:15 UTC 2014,63.4777,0.36,16.6667,35.7669,1.7151,3,,
Fri Feb 21 14:22:20 UTC 2014,63.4777,0.36,16.6667,35.7669,1.7151,3,,
Fri Feb 21 14:22:27 UTC 2014,63.4777,0.36,16.6667,35.7669,1.7151,3,,
Fri Feb 21 14:22:34 UTC 2014,63.4777,0.36,16.6667,35.7669,1.7151,3,,
Fri Feb 21 14:22:40 UTC 2014,63.4777,0.36,16.6667,35.7669,1.7151,3,,
Fri Feb 21 14:22:46 UTC 2014,63.4777,0.36,16.6667,35.7669,1.7151,3,,
Fri Feb 21 14:22:52 UTC 2014,63.4777,0.36,16.6667,35.7669,1.7151,3,,
Fri Feb 21 14:22:59 UTC 2014,63.4777,0.36,16.6667,35.7669,1.7151,3,,
Fri Feb 21 14:23:05 UTC 2014,63.4777,0.36,16.6667,35.7669,1.7151,3,,
Fri Feb 21 14:23:11 UTC 2014,63.4777,0.36,16.6667,35.7669,1.7151,3,,
Fri Feb 21 14:23:16 UTC 2014,63.4777,0.36,16.6667,35.7669,1.7151,3,,
Fri Feb 21 14:23:23 UTC 2014,63.4777,0.36,16.6667,35.7669,1.7151,3,,
Fri Feb 21 14:23:31 UTC 2014,63.4777,0.36,16.6667,35.7669,1.7151,3,,
Fri Feb 21 14:23:37 UTC 2014,63.4777,0.36,16.6667,35.7669,1.7151,3,,
Fri Feb 21 14:23:43 UTC 2014,75.8699,0.36,13.6667,30.923,2.157,3,,
Fri Feb 21 14:23:50 UTC 2014,75.8699,0.36,13.6667,30.923,2.157,3,,
Fri Feb 21 14:23:56 UTC 2014,75.8699,0.36,13.6667,30.923,2.157,3,,
Fri Feb 21 14:24:04 UTC 2014,75.8699,0.36,13.6667,30.923,2.157,3,,
Fri Feb 21 14:24:10 UTC 2014,75.8699,0.36,13.6667,30.923,2.157,3,,
Fri Feb 21 14:24:16 UTC 2014,75.8699,0.36,13.6667,30.923,2.157,3,,
Fri Feb 21 14:24:22 UTC 2014,75.8699,0.36,13.6667,30.923,2.157,3,,
Fri Feb 21 14:24:29 UTC 2014,75.8699,0.36,13.6667,30.923,2.157,3,,
Fri Feb 21 14:24:35 UTC 2014,75.8699,0.36,13.6667,30.923,2.157,3,,
Fri Feb 21 14:24:42 UTC 2014,75.8699,0.36,13.6667,30.923,2.157,3,,
Fri Feb 21 14:24:48 UTC 2014,75.8699,0.36,13.6667,30.923,2.157,3,,
Fri Feb 21 14:24:54 UTC 2014,75.8699,0.36,13.6667,30.923,2.157,3,,
Fri Feb 21 14:25:01 UTC 2014,75.8699,0.36,13.6667,30.923,2.157,3,,
Fri Feb 21 14:25:07 UTC 2014,75.8699,0.36,13.6667,30.923,2.157,3,,
Fri Feb 21 14:25:13 UTC 2014,75.8699,0.36,13.6667,30.923,2.157,3,,
Fri Feb 21 14:25:21 UTC 2014,75.8699,0.36,13.6667,30.923,2.157,3,,
Fri Feb 21 14:25:26 UTC 2014,75.8699,0.36,13.6667,30.923,2.157,3,,
Fri Feb 21 14:25:33 UTC 2014,75.8699,0.36,13.6667,30.923,2.157,3,,
Fri Feb 21 14:25:39 UTC 2014,75.8699,0.36,13.6667,30.923,2.157,3,,
Fri Feb 21 14:25:45 UTC 2014,66.5474,0.36,14,32.352,1.9452,3,,
Fri Feb 21 14:25:51 UTC 2014,66.5474,0.36,14,32.352,1.9452,3,,
Fri Feb 21 14:25:59 UTC 2014,66.5474,0.36,14,32.352,1.9452,3,,
Fri Feb 21 14:26:05 UTC 2014,66.5474,0.36,14,32.352,1.9452,3,,
Fri Feb 21 14:26:12 UTC 2014,66.5474,0.36,14,32.352,1.9452,3,,
Fri Feb 21 14:26:20 UTC 2014,66.5474,0.36,14,32.352,1.9452,3,,
Fri Feb 21 14:26:26 UTC 2014,66.5474,0.36,14,32.352,1.9452,3,,
Fri Feb 21 14:26:34 UTC 2014,66.5474,0.36,14,32.352,1.9452,3,,
Fri Feb 21 14:26:42 UTC 2014,66.5474,0.36,14,32.352,1.9452,3,,
Fri Feb 21 14:26:48 UTC 2014,66.5474,0.36,14,32.352,1.9452,3,,
Fri Feb 21 14:26:54 UTC 2014,66.5474,0.36,14,32.352,1.9452,3,,
Fri Feb 21 14:27:01 UTC 2014,66.5474,0.36,14,32.352,1.9452,3,,
Fri Feb 21 14:27:07 UTC 2014,66.5474,0.36,14,32.352,1.9452,3,,
Fri Feb 21 14:27:14 UTC 2014,66.5474,0.36,14,32.352,1.9452,3,,
Fri Feb 21 14:27:20 UTC 2014,66.5474,0.36,14,32.352,1.9452,3,,
Fri Feb 21 14:27:26 UTC 2014,66.5474,0.36,14,32.352,1.9452,3,,
Fri Feb 21 14:27:33 UTC 2014,61.6243,0.36,17,36.1821,1.9774,3,,
Fri Feb 21 14:27:39 UTC 2014,61.6243,0.36,17,36.1821,1.9774,3,,
Fri Feb 21 14:27:45 UTC 2014,61.6243,0.36,17,36.1821,1.9774,3,,
Fri Feb 21 14:27:53 UTC 2014,61.6243,0.36,17,36.1821,1.9774,3,,
Fri Feb 21 14:27:59 UTC 2014,61.6243,0.36,17,36.1821,1.9774,3,,
Fri Feb 21 14:28:06 UTC 2014,61.6243,0.36,17,36.1821,1.9774,3,,
Fri Feb 21 14:28:13 UTC 2014,61.6243,0.36,17,36.1821,1.9774,3,,
Fri Feb 21 14:28:20 UTC 2014,61.6243,0.36,17,36.1821,1.9774,3,,
Fri Feb 21 14:28:26 UTC 2014,61.6243,0.36,17,36.1821,1.9774,3,,
Fri Feb 21 14:28:33 UTC 2014,61.6243,0.36,17,36.1821,1.9774,3,,
Fri Feb 21 14:28:41 UTC 2014,61.6243,0.36,17,36.1821,1.9774,3,,
Fri Feb 21 14:28:47 UTC 2014,61.6243,0.36,17,36.1821,1.9774,3,,
Fri Feb 21 14:28:53 UTC 2014,61.6243,0.36,17,36.1821,1.9774,3,,
Fri Feb 21 14:28:59 UTC 2014,61.6243,0.36,17,36.1821,1.9774,3,,
Fri Feb 21 14:29:06 UTC 2014,61.6243,0.36,17,36.1821,1.9774,3,,
Fri Feb 21 14:29:14 UTC 2014,61.6243,0.36,17,36.1821,1.9774,3,CassandraNode_scaleIn,CassandraNode
Fri Feb 21 14:29:27 UTC 2014,75.5762,0.36,17.3333,36.5162,1.8452,3,CassandraNode_scaleIn,CassandraNode
Fri Feb 21 14:29:39 UTC 2014,75.5762,0.36,17.3333,36.5162,1.8452,3,CassandraNode_scaleIn,CassandraNode
Fri Feb 21 14:29:51 UTC 2014,68.1265,0.36,16.6667,35.8002,1.9025,3,CassandraNode_scaleIn,CassandraNode
Fri Feb 21 14:30:03 UTC 2014,68.1265,0.36,16.6667,35.8002,1.9025,3,CassandraNode_scaleIn,CassandraNode
Fri Feb 21 14:30:17 UTC 2014,68.1265,0.36,16,33.9157,2.0129,3,CassandraNode_scaleIn,CassandraNode
Fri Feb 21 14:30:29 UTC 2014,73.8953,0.36,16,33.9157,2.0129,3,CassandraNode_scaleIn,CassandraNode
Fri Feb 21 14:30:41 UTC 2014,63.0571,0.36,16,35.8746,1.9806,3,CassandraNode_scaleIn,CassandraNode
Fri Feb 21 14:30:53 UTC 2014,63.0571,0.36,16,35.8746,1.9806,3,CassandraNode_scaleIn,CassandraNode
Fri Feb 21 14:31:06 UTC 2014,63.0571,0.36,16,35.8746,1.9806,3,CassandraNode_scaleIn,CassandraNode
Fri Feb 21 14:31:18 UTC 2014,72.1345,0.36,16.6667,34.7326,1.914,3,CassandraNode_scaleIn,CassandraNode
Fri Feb 21 14:31:30 UTC 2014,72.1345,0.36,16.6667,34.7326,1.914,3,CassandraNode_scaleIn,CassandraNode
Fri Feb 21 14:31:43 UTC 2014,67.3973,0.36,15.6667,34.543,1.8914,3,CassandraNode_scaleIn,CassandraNode
Fri Feb 21 14:31:54 UTC 2014,67.3973,0.36,15.6667,34.543,1.8914,3,CassandraNode_scaleIn,CassandraNode
Fri Feb 21 14:32:06 UTC 2014,69.4979,0.36,16,34.2908,1.8667,3,CassandraNode_scaleIn,CassandraNode
Fri Feb 21 14:32:18 UTC 2014,69.4979,0.36,15.6667,33.2815,1.8796,3,CassandraNode_scaleIn,CassandraNode
Fri Feb 21 14:32:30 UTC 2014,73.4005,0.36,15.6667,33.2815,1.8796,3,CassandraNode_scaleIn,CassandraNode
Fri Feb 21 14:32:43 UTC 2014,73.4005,0.36,15.6667,33.2815,1.8796,3,CassandraNode_scaleIn,CassandraNode
Fri Feb 21 14:32:56 UTC 2014,65.6667,0.36,15.3333,33.9951,1.8583,3,CassandraNode_scaleIn,CassandraNode
Fri Feb 21 14:33:08 UTC 2014,65.6667,0.36,15.3333,33.9951,1.8583,3,CassandraNode_scaleIn,CassandraNode
Fri Feb 21 14:33:20 UTC 2014,71.2154,0.36,14.6667,33.1586,1.8,3,CassandraNode_scaleIn,CassandraNode
Fri Feb 21 14:33:34 UTC 2014,71.2154,0.36,14.6667,33.1586,1.8,3,CassandraNode_scaleIn,CassandraNode
Fri Feb 21 14:33:46 UTC 2014,65.9147,0.36,14.3333,33.6801,1.9,3,CassandraNode_scaleIn,CassandraNode
Fri Feb 21 14:33:59 UTC 2014,65.9147,0.36,14.3333,33.6801,1.9,3,,
Fri Feb 21 14:34:05 UTC 2014,65.9147,0.36,14.3333,33.6801,1.9,3,,
Fri Feb 21 14:34:13 UTC 2014,65.9147,0.36,14.3333,33.6801,1.9,3,,
Fri Feb 21 14:34:19 UTC 2014,65.9147,0.36,14.3333,33.6801,1.9,3,,
Fri Feb 21 14:34:25 UTC 2014,65.9147,0.36,14.3333,33.6801,1.9,3,,
Fri Feb 21 14:34:33 UTC 2014,70.2352,0.36,13.6667,32.5648,1.9452,3,,
Fri Feb 21 14:34:40 UTC 2014,70.2352,0.36,13.6667,32.5648,1.9452,3,,
Fri Feb 21 14:34:47 UTC 2014,70.2352,0.36,13.6667,32.5648,1.9452,3,,
Fri Feb 21 14:34:53 UTC 2014,70.2352,0.36,13.6667,32.5648,1.9452,3,,
Fri Feb 21 14:35:00 UTC 2014,70.2352,0.36,13.6667,32.5648,1.9452,3,,
Fri Feb 21 14:35:05 UTC 2014,70.2352,0.36,13.6667,32.5648,1.9452,3,,
Fri Feb 21 14:35:11 UTC 2014,70.2352,0.36,13.6667,32.5648,1.9452,3,,
Fri Feb 21 14:35:18 UTC 2014,70.2352,0.36,13.6667,32.5648,1.9452,3,,
Fri Feb 21 14:35:24 UTC 2014,70.2352,0.36,13.6667,32.5648,1.9452,3,,
Fri Feb 21 14:35:30 UTC 2014,70.2352,0.36,13.6667,32.5648,1.9452,3,,
Fri Feb 21 14:35:36 UTC 2014,70.2352,0.36,13.6667,32.5648,1.9452,3,,
Fri Feb 21 14:35:43 UTC 2014,70.2352,0.36,13.6667,32.5648,1.9452,3,,
Fri Feb 21 14:35:49 UTC 2014,70.2352,0.36,13.6667,32.5648,1.9452,3,,
Fri Feb 21 14:35:55 UTC 2014,70.2352,0.36,13.6667,32.5648,1.9452,3,,
Fri Feb 21 14:36:02 UTC 2014,70.2352,0.36,13.6667,32.5648,1.9452,3,,
Fri Feb 21 14:36:09 UTC 2014,70.2352,0.36,13.6667,32.5648,1.9452,3,,
Fri Feb 21 14:36:15 UTC 2014,75.0595,0.36,14.3333,31.7807,1.8258,3,,
Fri Feb 21 14:36:23 UTC 2014,75.0595,0.36,14.3333,31.7807,1.8258,3,,
Fri Feb 21 14:36:29 UTC 2014,75.0595,0.36,14.3333,31.7807,1.8258,3,,
Fri Feb 21 14:36:35 UTC 2014,75.0595,0.36,14.3333,31.7807,1.8258,3,,
Fri Feb 21 14:36:41 UTC 2014,75.0595,0.36,14.3333,31.7807,1.8258,3,,
Fri Feb 21 14:36:47 UTC 2014,75.0595,0.36,14.3333,31.7807,1.8258,3,,
Fri Feb 21 14:36:53 UTC 2014,75.0595,0.36,14.3333,31.7807,1.8258,3,,
Fri Feb 21 14:36:59 UTC 2014,75.0595,0.36,14.3333,31.7807,1.8258,3,,
Fri Feb 21 14:37:05 UTC 2014,75.0595,0.36,14.3333,31.7807,1.8258,3,,
Fri Feb 21 14:37:12 UTC 2014,75.0595,0.36,14.3333,31.7807,1.8258,3,,
Fri Feb 21 14:37:18 UTC 2014,75.0595,0.36,14.3333,31.7807,1.8258,3,,
Fri Feb 21 14:37:25 UTC 2014,75.0595,0.36,14.3333,31.7807,1.8258,3,,
Fri Feb 21 14:37:31 UTC 2014,75.0595,0.36,14.3333,31.7807,1.8258,3,,
Fri Feb 21 14:37:37 UTC 2014,75.0595,0.36,14.3333,31.7807,1.8258,3,,
Fri Feb 21 14:37:43 UTC 2014,75.0595,0.36,14.3333,31.7807,1.8258,3,,
Fri Feb 21 14:37:49 UTC 2014,75.0595,0.36,14.3333,31.7807,1.8258,3,,
Fri Feb 21 14:37:55 UTC 2014,75.0595,0.36,14.3333,31.7807,1.8258,3,,
Fri Feb 21 14:38:03 UTC 2014,75.0595,0.36,14.3333,31.7807,1.8258,3,,
Fri Feb 21 14:38:08 UTC 2014,63.4178,0.36,17,34.8271,2.0129,3,,
Fri Feb 21 14:38:16 UTC 2014,63.4178,0.36,17,34.8271,2.0129,3,,
Fri Feb 21 14:38:23 UTC 2014,63.4178,0.36,17,34.8271,2.0129,3,,
Fri Feb 21 14:38:30 UTC 2014,63.4178,0.36,17,34.8271,2.0129,3,,
Fri Feb 21 14:38:36 UTC 2014,63.4178,0.36,17,34.8271,2.0129,3,,
Fri Feb 21 14:38:43 UTC 2014,63.4178,0.36,17,34.8271,2.0129,3,,
Fri Feb 21 14:38:51 UTC 2014,63.4178,0.36,17,34.8271,2.0129,3,,
Fri Feb 21 14:38:56 UTC 2014,63.4178,0.36,17,34.8271,2.0129,3,,
Fri Feb 21 14:39:03 UTC 2014,63.4178,0.36,17,34.8271,2.0129,3,,
Fri Feb 21 14:39:09 UTC 2014,63.4178,0.36,17,34.8271,2.0129,3,,
Fri Feb 21 14:39:15 UTC 2014,63.4178,0.36,17,34.8271,2.0129,3,,
Fri Feb 21 14:39:22 UTC 2014,79.1082,0.36,16.6667,36.889,1.9,3,,
Fri Feb 21 14:39:28 UTC 2014,79.1082,0.36,16.6667,36.889,1.9,3,,
Fri Feb 21 14:39:34 UTC 2014,79.1082,0.36,16.6667,36.889,1.9,3,,
Fri Feb 21 14:39:40 UTC 2014,79.1082,0.36,16.6667,36.889,1.9,3,,
Fri Feb 21 14:39:46 UTC 2014,79.1082,0.36,16.6667,36.889,1.9,3,,
Fri Feb 21 14:39:52 UTC 2014,79.1082,0.36,16.6667,36.889,1.9,3,,
Fri Feb 21 14:39:58 UTC 2014,79.1082,0.36,16.6667,36.889,1.9,3,,
Fri Feb 21 14:40:04 UTC 2014,79.1082,0.36,16.6667,36.889,1.9,3,,
Fri Feb 21 14:40:11 UTC 2014,79.1082,0.36,16.6667,36.889,1.9,3,,
Fri Feb 21 14:40:17 UTC 2014,79.1082,0.36,16.6667,36.889,1.9,3,,
Fri Feb 21 14:40:22 UTC 2014,79.1082,0.36,16.6667,36.889,1.9,3,,
Fri Feb 21 14:40:29 UTC 2014,79.1082,0.36,16.6667,36.889,1.9,3,,
Fri Feb 21 14:40:35 UTC 2014,79.1082,0.36,16.6667,36.889,1.9,3,,
Fri Feb 21 14:40:43 UTC 2014,79.1082,0.36,16.6667,36.889,1.9,3,,
Fri Feb 21 14:40:49 UTC 2014,79.1082,0.36,16.6667,36.889,1.9,3,,
Fri Feb 21 14:40:55 UTC 2014,79.4003,0.36,17,35.8045,1.9903,3,,
Fri Feb 21 14:41:00 UTC 2014,79.4003,0.36,17,35.8045,1.9903,3,,
Fri Feb 21 14:41:06 UTC 2014,79.4003,0.36,17,35.8045,1.9903,3,CassandraNode_scaleOut,CassandraNode
Fri Feb 21 14:41:20 UTC 2014,73.6022,0.36,16.6667,36.5856,1.828,3,CassandraNode_scaleOut,CassandraNode
Fri Feb 21 14:41:31 UTC 2014,73.6022,0.36,16.6667,36.5856,1.828,3,CassandraNode_scaleOut,CassandraNode
Fri Feb 21 14:41:43 UTC 2014,72.1375,0.36,17,36.4971,1.7667,3,CassandraNode_scaleOut,CassandraNode
Fri Feb 21 14:41:57 UTC 2014,72.1375,0.36,17,36.4971,1.7667,3,,
Fri Feb 21 14:42:07 UTC 2014,72.1375,0.36,17,36.4971,1.7667,3,,
Fri Feb 21 14:42:13 UTC 2014,72.1375,0.36,17,36.4971,1.7667,3,,
Fri Feb 21 14:42:19 UTC 2014,72.1375,0.36,17,36.4971,1.7667,3,,
Fri Feb 21 14:42:25 UTC 2014,72.1375,0.36,17,36.4971,1.7667,3,,
Fri Feb 21 14:42:31 UTC 2014,72.1375,0.36,17,36.4971,1.7667,3,,
Fri Feb 21 14:42:38 UTC 2014,72.1375,0.36,17,36.4971,1.7667,3,,
Fri Feb 21 14:42:44 UTC 2014,74.4098,0.36,17,35.1405,2.0817,3,,
Fri Feb 21 14:42:50 UTC 2014,74.4098,0.36,17,35.1405,2.0817,3,,
Fri Feb 21 14:42:56 UTC 2014,74.4098,0.36,17,35.1405,2.0817,3,,
Fri Feb 21 14:43:03 UTC 2014,74.4098,0.36,17,35.1405,2.0817,3,,
Fri Feb 21 14:43:10 UTC 2014,74.4098,0.36,17,35.1405,2.0817,3,,
Fri Feb 21 14:43:17 UTC 2014,74.4098,0.36,17,35.1405,2.0817,3,,
Fri Feb 21 14:43:25 UTC 2014,74.4098,0.36,17,35.1405,2.0817,3,,
Fri Feb 21 14:43:31 UTC 2014,74.4098,0.36,17,35.1405,2.0817,3,,
Fri Feb 21 14:43:37 UTC 2014,74.4098,0.36,17,35.1405,2.0817,3,CassandraNode_scaleOut,CassandraNode
Fri Feb 21 14:43:51 UTC 2014,77.6032,0.36,17,35.5203,1.9473,3,CassandraNode_scaleOut,CassandraNode
Fri Feb 21 14:44:05 UTC 2014,77.6032,0.36,17,35.5203,1.8667,3,CassandraNode_scaleOut,CassandraNode
Fri Feb 21 14:44:17 UTC 2014,61.8912,0.36,17.3333,36.2556,1.8667,3,CassandraNode_scaleOut,CassandraNode
Fri Feb 21 14:44:29 UTC 2014,61.8912,0.36,17.3333,36.2556,1.8667,3,CassandraNode_scaleOut,CassandraNode
Fri Feb 21 14:44:41 UTC 2014,61.8912,0.36,17.3333,36.2556,1.8667,3,,
Fri Feb 21 14:44:49 UTC 2014,75.0753,0.36,18.6667,38.5435,1.8333,3,,
Fri Feb 21 14:44:57 UTC 2014,75.0753,0.36,18.6667,38.5435,1.8333,3,,
Fri Feb 21 14:45:04 UTC 2014,75.0753,0.36,18.6667,38.5435,1.8333,3,,
Fri Feb 21 14:45:10 UTC 2014,75.0753,0.36,18.6667,38.5435,1.8333,3,,
Fri Feb 21 14:45:18 UTC 2014,75.0753,0.36,18.6667,38.5435,1.8333,3,,
Fri Feb 21 14:45:23 UTC 2014,75.0753,0.36,18.6667,38.5435,1.8333,3,,
Fri Feb 21 14:45:33 UTC 2014,75.0753,0.36,18.6667,38.5435,1.8333,3,,
Fri Feb 21 14:45:40 UTC 2014,75.0753,0.36,18.6667,38.5435,1.8333,3,,
Fri Feb 21 14:45:47 UTC 2014,42.5533,0.36,20.3333,40.6443,2.0333,3,,
Fri Feb 21 14:45:54 UTC 2014,42.5533,0.36,20.3333,40.6443,2.0333,3,,
Fri Feb 21 14:46:00 UTC 2014,42.5533,0.36,20.3333,40.6443,2.0333,3,AppServer_scaleIn,AppServer
Fri Feb 21 14:46:16 UTC 2014,42.5533,0.36,20.3333,40.6443,2.0333,3,AppServer_scaleIn,AppServer
Fri Feb 21 14:46:28 UTC 2014,42.5533,0.36,20.3333,40.6443,2.0333,3,AppServer_scaleIn,AppServer
Fri Feb 21 14:46:40 UTC 2014,58.973,0.36,20.3333,41.7368,1.9333,3,AppServer_scaleIn,AppServer
Fri Feb 21 14:46:52 UTC 2014,58.973,0.36,20.3333,41.7368,1.9333,3,AppServer_scaleIn,AppServer
Fri Feb 21 14:47:05 UTC 2014,58.973,0.36,20.3333,41.7368,1.9333,3,AppServer_scaleIn,AppServer
Fri Feb 21 14:47:17 UTC 2014,58.973,0.36,20.3333,41.7368,1.9333,3,AppServer_scaleIn,AppServer
Fri Feb 21 14:47:29 UTC 2014,58.973,0.36,20.3333,41.7368,1.9333,3,,
Fri Feb 21 14:47:35 UTC 2014,68.7053,0.24,20,39.1153,1.3,2,,
Fri Feb 21 14:47:41 UTC 2014,68.7053,0.24,20,39.1153,1.3,2,,
Fri Feb 21 14:47:47 UTC 2014,68.7053,0.24,20,39.1153,1.3,2,,
Fri Feb 21 14:47:56 UTC 2014,68.7053,0.24,20,39.1153,1.3,2,,
Fri Feb 21 14:48:05 UTC 2014,68.7053,0.24,20,39.1153,1.3,2,,
Fri Feb 21 14:48:12 UTC 2014,68.7053,0.24,20,39.1153,1.3,2,,
Fri Feb 21 14:48:18 UTC 2014,68.7053,0.24,20,39.1153,1.3,2,,
Fri Feb 21 14:48:23 UTC 2014,68.7053,0.24,20,39.1153,1.3,2,,
Fri Feb 21 14:48:33 UTC 2014,68.7053,0.24,20,39.1153,1.3,2,,
Fri Feb 21 14:48:39 UTC 2014,68.7053,0.24,20,39.1153,1.3,2,,
Fri Feb 21 14:48:47 UTC 2014,74.2269,0.24,22.5,41.2319,1.2796,2,,
Fri Feb 21 14:48:54 UTC 2014,74.2269,0.24,22.5,41.2319,1.2796,2,,
Fri Feb 21 14:49:00 UTC 2014,74.2269,0.24,22.5,41.2319,1.2796,2,,
Fri Feb 21 14:49:07 UTC 2014,74.2269,0.24,22.5,41.2319,1.2796,2,,
Fri Feb 21 14:49:13 UTC 2014,74.2269,0.24,22.5,41.2319,1.2796,2,,
Fri Feb 21 14:49:18 UTC 2014,74.2269,0.24,22.5,41.2319,1.2796,2,,
Fri Feb 21 14:49:24 UTC 2014,74.2269,0.24,22.5,41.2319,1.2796,2,,
Fri Feb 21 14:49:29 UTC 2014,72.1834,0.24,26,44.3281,1.0871,2,,
Fri Feb 21 14:49:35 UTC 2014,72.1834,0.24,26,44.3281,1.0871,2,,
Fri Feb 21 14:49:41 UTC 2014,72.1834,0.24,26,44.3281,1.0871,2,,
Fri Feb 21 14:49:50 UTC 2014,72.1834,0.24,26,44.3281,1.0871,2,,
Fri Feb 21 14:49:55 UTC 2014,72.1834,0.24,26,44.3281,1.0871,2,,
Fri Feb 21 14:50:04 UTC 2014,72.1834,0.24,26,44.3281,1.0871,2,,
Fri Feb 21 14:50:09 UTC 2014,72.1834,0.24,26,44.3281,1.0871,2,,
Fri Feb 21 14:50:15 UTC 2014,72.1834,0.24,26,44.3281,1.0871,2,,
Fri Feb 21 14:50:23 UTC 2014,72.1834,0.24,26,44.3281,1.0871,2,,
Fri Feb 21 14:50:29 UTC 2014,72.1834,0.24,26,44.3281,1.0871,2,,
Fri Feb 21 14:50:36 UTC 2014,72.1834,0.24,26,44.3281,1.0871,2,,
Fri Feb 21 14:50:42 UTC 2014,72.1834,0.24,26,44.3281,1.0871,2,,
Fri Feb 21 14:50:49 UTC 2014,72.1834,0.24,26,44.3281,1.0871,2,,
Fri Feb 21 14:50:55 UTC 2014,72.1834,0.24,26,44.3281,1.0871,2,,
Fri Feb 21 14:51:03 UTC 2014,72.1834,0.24,26,44.3281,1.0871,2,,
Fri Feb 21 14:51:09 UTC 2014,72.1834,0.24,26,44.3281,1.0871,2,,
Fri Feb 21 14:51:15 UTC 2014,55.2529,0.24,24.5,42.0783,1.2473,2,,
Fri Feb 21 14:51:24 UTC 2014,55.2529,0.24,24.5,42.0783,1.2473,2,,
Fri Feb 21 14:51:32 UTC 2014,55.2529,0.24,24.5,42.0783,1.2473,2,,
Fri Feb 21 14:51:38 UTC 2014,55.2529,0.24,24.5,42.0783,1.2473,2,,
Fri Feb 21 14:51:45 UTC 2014,55.2529,0.24,24.5,42.0783,1.2473,2,,
Fri Feb 21 14:51:53 UTC 2014,55.2529,0.24,24.5,42.0783,1.2473,2,,
Fri Feb 21 14:52:00 UTC 2014,55.2529,0.24,24.5,42.0783,1.2473,2,,
Fri Feb 21 14:52:06 UTC 2014,55.2529,0.24,24.5,42.0783,1.2473,2,,
Fri Feb 21 14:52:14 UTC 2014,55.2529,0.24,24.5,42.0783,1.2473,2,,
Fri Feb 21 14:52:21 UTC 2014,55.2529,0.24,24.5,42.0783,1.2473,2,,
Fri Feb 21 14:52:30 UTC 2014,55.2529,0.24,24.5,42.0783,1.2473,2,,
Fri Feb 21 14:52:36 UTC 2014,55.2529,0.24,24.5,42.0783,1.2473,2,,
Fri Feb 21 14:52:42 UTC 2014,55.2529,0.24,24.5,42.0783,1.2473,2,,
Fri Feb 21 14:52:48 UTC 2014,55.2529,0.24,24.5,44.287,1.2333,2,CassandraNode_scaleOut,CassandraNode
Fri Feb 21 14:53:00 UTC 2014,41.9997,0.24,28.5,44.287,1.2333,2,CassandraNode_scaleOut,CassandraNode
Fri Feb 21 14:53:12 UTC 2014,41.9997,0.24,28.5,44.287,1.2333,2,CassandraNode_scaleOut,CassandraNode
Fri Feb 21 14:53:24 UTC 2014,41.9997,0.24,28.5,44.287,1.2333,2,CassandraNode_scaleOut,CassandraNode
Fri Feb 21 14:53:36 UTC 2014,46.0135,0.24,30,44.9979,1.3667,2,CassandraNode_scaleOut,CassandraNode
Fri Feb 21 14:53:48 UTC 2014,46.0135,0.24,30,44.9979,1.3667,2,,
Fri Feb 21 14:53:55 UTC 2014,46.0135,0.24,30,44.9979,1.3667,2,,
Fri Feb 21 14:54:01 UTC 2014,46.0135,0.24,30,44.9979,1.3667,2,,
Fri Feb 21 14:54:07 UTC 2014,46.0135,0.24,30,44.9979,1.3667,2,,
Fri Feb 21 14:54:12 UTC 2014,46.0135,0.24,30,44.9979,1.3667,2,,
Fri Feb 21 14:54:19 UTC 2014,46.0135,0.24,30,44.9979,1.3667,2,,
Fri Feb 21 14:54:25 UTC 2014,46.0135,0.24,30,44.9979,1.3667,2,,
Fri Feb 21 14:54:31 UTC 2014,46.0135,0.24,30,44.9979,1.3667,2,,
Fri Feb 21 14:54:37 UTC 2014,46.0135,0.24,30,44.9979,1.3667,2,,
Fri Feb 21 14:54:44 UTC 2014,46.0135,0.24,30,44.9979,1.3667,2,,
Fri Feb 21 14:54:50 UTC 2014,51.7478,0.24,28.5,42.5112,1.4333,2,CassandraNode_scaleIn,CassandraNode
Fri Feb 21 14:55:07 UTC 2014,51.7478,0.24,28.5,42.5112,1.4333,2,CassandraNode_scaleIn,CassandraNode
Fri Feb 21 14:55:18 UTC 2014,51.7478,0.24,28.5,42.5112,1.4333,2,CassandraNode_scaleIn,CassandraNode
Fri Feb 21 14:55:31 UTC 2014,58.9675,0.24,28.5,42.7613,1.5,2,CassandraNode_scaleIn,CassandraNode
Fri Feb 21 14:55:43 UTC 2014,58.9675,0.24,28.5,42.7613,1.5,2,CassandraNode_scaleIn,CassandraNode
Fri Feb 21 14:55:55 UTC 2014,58.9675,0.24,28.5,42.7613,1.5,2,CassandraNode_scaleIn,CassandraNode
Fri Feb 21 14:56:07 UTC 2014,45.9353,0.24,28.5,42.4784,1.4,2,CassandraNode_scaleIn,CassandraNode
Fri Feb 21 14:56:18 UTC 2014,45.9353,0.24,28.5,42.4784,1.4,2,CassandraNode_scaleIn,CassandraNode
Fri Feb 21 14:56:30 UTC 2014,51.4101,0.24,28.5,41.013,1.4667,2,CassandraNode_scaleIn,CassandraNode
Fri Feb 21 14:56:45 UTC 2014,51.4101,0.24,28.5,41.013,1.4667,2,CassandraNode_scaleIn,CassandraNode
Fri Feb 21 14:56:57 UTC 2014,51.4101,0.24,28.5,41.013,1.4086,2,CassandraNode_scaleIn,CassandraNode
Fri Feb 21 14:57:09 UTC 2014,43.6913,0.24,28,41.7688,1.4086,2,CassandraNode_scaleIn,CassandraNode
Fri Feb 21 14:57:21 UTC 2014,43.6913,0.24,28,41.7688,1.4086,2,CassandraNode_scaleIn,CassandraNode
Fri Feb 21 14:57:35 UTC 2014,43.6913,0.24,28,41.7688,1.4086,2,CassandraNode_scaleIn,CassandraNode
Fri Feb 21 14:57:47 UTC 2014,52.9678,0.24,28.5,41.8362,1.3667,2,CassandraNode_scaleIn,CassandraNode
Fri Feb 21 14:57:59 UTC 2014,52.9678,0.24,28.5,41.8362,1.3667,2,CassandraNode_scaleIn,CassandraNode
Fri Feb 21 14:58:11 UTC 2014,52.9678,0.24,28.5,41.8362,1.3667,2,CassandraNode_scaleIn,CassandraNode
Fri Feb 21 14:58:23 UTC 2014,52.9678,0.24,28.5,41.8362,1.3667,2,CassandraNode_scaleIn,CassandraNode
Fri Feb 21 14:58:35 UTC 2014,44.3726,0.24,26.5,40.7815,1.6667,2,CassandraNode_scaleIn,CassandraNode
Fri Feb 21 14:58:48 UTC 2014,44.3726,0.24,26.5,40.7815,1.6667,2,,
Fri Feb 21 14:58:53 UTC 2014,44.3726,0.24,26.5,40.7815,1.6667,2,,
Fri Feb 21 14:58:59 UTC 2014,44.3726,0.24,26.5,40.7815,1.6667,2,,
Fri Feb 21 14:59:05 UTC 2014,44.3726,0.24,26.5,40.7815,1.6667,2,,
Fri Feb 21 14:59:11 UTC 2014,44.3726,0.24,26.5,40.7815,1.6667,2,,
Fri Feb 21 14:59:19 UTC 2014,43.7504,0.24,31,43.6995,1.4333,2,,
Fri Feb 21 14:59:25 UTC 2014,43.7504,0.24,31,43.6995,1.4333,2,,
Fri Feb 21 14:59:31 UTC 2014,43.7504,0.24,31,43.6995,1.4333,2,,
Fri Feb 21 14:59:37 UTC 2014,43.7504,0.24,31,43.6995,1.4333,2,,
Fri Feb 21 14:59:44 UTC 2014,43.7504,0.24,31,43.6995,1.4333,2,,
Fri Feb 21 14:59:52 UTC 2014,43.7504,0.24,31,43.6995,1.4333,2,,
Fri Feb 21 15:00:01 UTC 2014,43.7504,0.24,31,43.6995,1.4333,2,,
Fri Feb 21 15:00:07 UTC 2014,43.7504,0.24,31,43.6995,1.4333,2,,
Fri Feb 21 15:00:13 UTC 2014,43.7504,0.24,31,43.6995,1.4333,2,,
Fri Feb 21 15:00:19 UTC 2014,43.7504,0.24,31,43.6995,1.4333,2,,
Fri Feb 21 15:00:27 UTC 2014,43.7504,0.24,31,43.6995,1.4333,2,,
Fri Feb 21 15:00:35 UTC 2014,43.7504,0.24,31,43.6995,1.4333,2,,
Fri Feb 21 15:00:43 UTC 2014,43.7504,0.24,31,43.6995,1.4333,2,,
Fri Feb 21 15:00:53 UTC 2014,43.7504,0.24,31,43.6995,1.4333,2,,
Fri Feb 21 15:00:59 UTC 2014,43.7504,0.24,31,43.6995,1.4333,2,,
Fri Feb 21 15:01:06 UTC 2014,43.7504,0.24,31,43.6995,1.4333,2,,
Fri Feb 21 15:01:12 UTC 2014,43.7504,0.24,31,43.6995,1.4333,2,,
Fri Feb 21 15:01:18 UTC 2014,43.7504,0.24,31,43.6995,1.4333,2,,
Fri Feb 21 15:01:25 UTC 2014,44.1877,0.24,31.5,44.6627,1.4333,2,,
Fri Feb 21 15:01:32 UTC 2014,44.1877,0.24,31.5,44.6627,1.4333,2,,
Fri Feb 21 15:01:40 UTC 2014,44.1877,0.24,31.5,44.6627,1.4333,2,,
Fri Feb 21 15:01:47 UTC 2014,44.1877,0.24,31.5,44.6627,1.4333,2,,
Fri Feb 21 15:01:55 UTC 2014,44.1877,0.24,31.5,44.6627,1.4333,2,,
Fri Feb 21 15:02:04 UTC 2014,44.1877,0.24,31.5,44.6627,1.4333,2,,
Fri Feb 21 15:02:13 UTC 2014,44.1877,0.24,31.5,44.6627,1.4333,2,,
Fri Feb 21 15:02:20 UTC 2014,44.1877,0.24,31.5,44.6627,1.4333,2,,
Fri Feb 21 15:02:26 UTC 2014,44.1877,0.24,31.5,44.6627,1.4333,2,,
Fri Feb 21 15:02:34 UTC 2014,44.1877,0.24,31.5,44.6627,1.4333,2,,
Fri Feb 21 15:02:43 UTC 2014,44.1877,0.24,31.5,44.6627,1.4333,2,CassandraNode_scaleOut,CassandraNode
Fri Feb 21 15:02:57 UTC 2014,38.5863,0.24,30,42.9593,1.6,2,CassandraNode_scaleOut,CassandraNode
Fri Feb 21 15:03:12 UTC 2014,38.5863,0.24,30,42.9593,1.6,2,CassandraNode_scaleOut,CassandraNode
Fri Feb 21 15:03:24 UTC 2014,40.1347,0.24,29.5,42.7862,1.5,2,CassandraNode_scaleOut,CassandraNode
Fri Feb 21 15:03:37 UTC 2014,61.293,0.24,30,43.8988,1.4333,2,CassandraNode_scaleOut,CassandraNode
Fri Feb 21 15:03:49 UTC 2014,61.293,0.24,30,43.8988,1.4333,2,,
Fri Feb 21 15:03:55 UTC 2014,61.293,0.24,30,43.8988,1.4333,2,,
Fri Feb 21 15:04:00 UTC 2014,61.293,0.24,30,43.8988,1.4333,2,,
Fri Feb 21 15:04:07 UTC 2014,61.293,0.24,30,43.8988,1.4333,2,,
Fri Feb 21 15:04:15 UTC 2014,65.9586,0.24,34.5,47.0336,1.4,2,,
Fri Feb 21 15:04:21 UTC 2014,65.9586,0.24,34.5,47.0336,1.4,2,,
Fri Feb 21 15:04:29 UTC 2014,65.9586,0.24,34.5,47.0336,1.4,2,,
Fri Feb 21 15:04:34 UTC 2014,65.9586,0.24,34.5,47.0336,1.4,2,,
Fri Feb 21 15:04:40 UTC 2014,65.9586,0.24,34.5,47.0336,1.4,2,,
Fri Feb 21 15:04:46 UTC 2014,65.9586,0.24,34.5,47.0336,1.4,2,,
Fri Feb 21 15:04:54 UTC 2014,65.9586,0.24,34.5,47.0336,1.4,2,,
Fri Feb 21 15:05:00 UTC 2014,65.9586,0.24,34.5,47.0336,1.4,2,,
Fri Feb 21 15:05:06 UTC 2014,65.9586,0.24,34.5,47.0336,1.4,2,,
Fri Feb 21 15:05:12 UTC 2014,59.7367,0.24,34.5,47.5924,1.4667,2,,
Fri Feb 21 15:05:18 UTC 2014,59.7367,0.24,34.5,47.5924,1.4667,2,,
Fri Feb 21 15:05:25 UTC 2014,59.7367,0.24,34.5,47.5924,1.4667,2,,
Fri Feb 21 15:05:32 UTC 2014,59.7367,0.24,34.5,47.5924,1.4667,2,,
Fri Feb 21 15:05:40 UTC 2014,59.7367,0.24,34.5,47.5924,1.4667,2,,
Fri Feb 21 15:05:46 UTC 2014,59.7367,0.24,34.5,47.5924,1.4667,2,,
Fri Feb 21 15:05:52 UTC 2014,59.7367,0.24,34.5,47.5924,1.4667,2,,
Fri Feb 21 15:05:58 UTC 2014,59.7367,0.24,34.5,47.5924,1.4667,2,,
Fri Feb 21 15:06:04 UTC 2014,59.7367,0.24,34.5,47.5924,1.4667,2,,
Fri Feb 21 15:06:09 UTC 2014,52.5457,0.24,34,48.0097,1.5333,2,,
Fri Feb 21 15:06:17 UTC 2014,52.5457,0.24,34,48.0097,1.5333,2,,
Fri Feb 21 15:06:23 UTC 2014,52.5457,0.24,34,48.0097,1.5333,2,,
Fri Feb 21 15:06:29 UTC 2014,52.5457,0.24,34,48.0097,1.5333,2,,
Fri Feb 21 15:06:36 UTC 2014,52.5457,0.24,34,48.0097,1.5333,2,,
Fri Feb 21 15:06:43 UTC 2014,52.5457,0.24,34,48.0097,1.5333,2,,
Fri Feb 21 15:06:49 UTC 2014,52.5457,0.24,34,48.0097,1.5333,2,,
Fri Feb 21 15:06:55 UTC 2014,52.5457,0.24,34,48.0097,1.5333,2,,
Fri Feb 21 15:07:01 UTC 2014,52.5457,0.24,34,48.0097,1.5333,2,,
Fri Feb 21 15:07:07 UTC 2014,52.5457,0.24,34,48.0097,1.5333,2,,
Fri Feb 21 15:07:13 UTC 2014,52.5457,0.24,34,48.0097,1.5333,2,,
Fri Feb 21 15:07:20 UTC 2014,51.1468,0.24,32.5,47.5678,1.5333,2,,
Fri Feb 21 15:07:25 UTC 2014,51.1468,0.24,32.5,47.5678,1.5333,2,,
Fri Feb 21 15:07:34 UTC 2014,51.1468,0.24,32.5,47.5678,1.5333,2,,
Fri Feb 21 15:07:40 UTC 2014,51.1468,0.24,32.5,47.5678,1.5333,2,,
Fri Feb 21 15:07:46 UTC 2014,51.1468,0.24,32.5,47.5678,1.5333,2,,
Fri Feb 21 15:07:52 UTC 2014,51.1468,0.24,32.5,47.5678,1.5333,2,,
Fri Feb 21 15:08:00 UTC 2014,51.1468,0.24,32.5,47.5678,1.5333,2,,
Fri Feb 21 15:08:06 UTC 2014,51.1468,0.24,32.5,47.5678,1.5333,2,,
Fri Feb 21 15:08:12 UTC 2014,51.1468,0.24,32.5,47.5678,1.5333,2,,
Fri Feb 21 15:08:18 UTC 2014,51.1468,0.24,32.5,47.5678,1.5333,2,,
Fri Feb 21 15:08:24 UTC 2014,51.1468,0.24,32.5,47.5678,1.5333,2,AppServer_scaleIn,AppServer
Fri Feb 21 15:08:36 UTC 2014,51.1468,0.24,32.5,47.5678,1.5333,2,AppServer_scaleIn,AppServer
Fri Feb 21 15:08:48 UTC 2014,54.0048,0.24,34,47.0522,1.5,2,AppServer_scaleIn,AppServer
Fri Feb 21 15:09:01 UTC 2014,54.0048,0.24,34,47.0522,1.5,2,AppServer_scaleIn,AppServer
Fri Feb 21 15:09:13 UTC 2014,54.0048,0.24,34,47.0522,1.5,2,AppServer_scaleIn,AppServer
Fri Feb 21 15:09:25 UTC 2014,62.2703,0.24,34,63.2051,1.5,2,AppServer_scaleIn,AppServer
Fri Feb 21 15:09:37 UTC 2014,62.2703,0.24,34,63.2051,1.5,2,AppServer_scaleIn,AppServer
Fri Feb 21 15:09:49 UTC 2014,62.2703,0.24,34,63.2051,1.5,2,AppServer_scaleIn,AppServer
Fri Feb 21 15:10:01 UTC 2014,61.2745,0.24,54.5,64.5405,1.4098,2,AppServer_scaleIn,AppServer
Fri Feb 21 15:10:13 UTC 2014,61.2745,0.24,54.5,64.5405,1.4098,2,AppServer_scaleIn,AppServer
Fri Feb 21 15:10:25 UTC 2014,59.2286,0.24,52.5,63.7041,1.4,2,AppServer_scaleIn,AppServer
Fri Feb 21 15:10:37 UTC 2014,59.2286,0.24,52.5,63.7041,1.4,2,AppServer_scaleIn,AppServer
Fri Feb 21 15:10:49 UTC 2014,59.2286,0.24,52.5,63.7041,1.4,2,AppServer_scaleIn,AppServer
Fri Feb 21 15:11:01 UTC 2014,95.8167,0.24,65,71.1758,0.7647,2,,
Fri Feb 21 15:11:13 UTC 2014,95.7043,0.12,65,68.8582,0.7647,1,,
Fri Feb 21 15:11:21 UTC 2014,95.7043,0.12,65,68.8582,0.7647,1,,
Fri Feb 21 15:11:27 UTC 2014,95.7043,0.12,65,68.8582,0.7647,1,,
Fri Feb 21 15:11:33 UTC 2014,95.7043,0.12,65,68.8582,0.7647,1,,
Fri Feb 21 15:11:41 UTC 2014,95.7043,0.12,65,68.8582,0.7647,1,,
Fri Feb 21 15:11:48 UTC 2014,95.7043,0.12,65,68.8582,0.7647,1,,
Fri Feb 21 15:11:53 UTC 2014,95.7043,0.12,65,68.8582,0.7647,1,,
Fri Feb 21 15:11:59 UTC 2014,95.7043,0.12,65,68.8582,0.7647,1,,
Fri Feb 21 15:12:05 UTC 2014,95.7043,0.12,65,68.8582,0.7647,1,,
Fri Feb 21 15:12:12 UTC 2014,95.7043,0.12,65,68.8582,0.7647,1,,
Fri Feb 21 15:12:19 UTC 2014,95.7043,0.12,65,68.8582,0.7647,1,,
Fri Feb 21 15:12:24 UTC 2014,95.7043,0.12,65,68.8582,0.7647,1,,
Fri Feb 21 15:12:30 UTC 2014,95.7256,0.12,60,71.454,0.9706,1,,
Fri Feb 21 15:12:38 UTC 2014,95.7256,0.12,60,71.454,0.9706,1,,
Fri Feb 21 15:12:44 UTC 2014,95.7256,0.12,60,71.454,0.9706,1,,
Fri Feb 21 15:12:52 UTC 2014,95.7256,0.12,60,71.454,0.9706,1,,
Fri Feb 21 15:12:58 UTC 2014,95.7256,0.12,60,71.454,0.9706,1,,
Fri Feb 21 15:13:05 UTC 2014,95.7256,0.12,60,71.454,0.9706,1,,
Fri Feb 21 15:13:10 UTC 2014,95.7256,0.12,60,71.454,0.9706,1,,
Fri Feb 21 15:13:16 UTC 2014,95.7256,0.12,60,71.454,0.9706,1,,
Fri Feb 21 15:13:22 UTC 2014,95.7256,0.12,60,71.454,0.9706,1,,
Fri Feb 21 15:13:29 UTC 2014,95.7256,0.12,60,71.454,0.9706,1,,
Fri Feb 21 15:13:35 UTC 2014,95.7256,0.12,60,71.454,0.9706,1,,
Fri Feb 21 15:13:43 UTC 2014,95.7256,0.12,60,71.454,0.9706,1,,
Fri Feb 21 15:13:49 UTC 2014,95.7256,0.12,60,71.454,0.9706,1,,
Fri Feb 21 15:13:56 UTC 2014,95.7256,0.12,60,71.454,0.9706,1,,
Fri Feb 21 15:14:03 UTC 2014,95.7256,0.12,60,71.454,0.9706,1,,
Fri Feb 21 15:14:09 UTC 2014,95.7256,0.12,60,71.454,0.9706,1,,
Fri Feb 21 15:14:15 UTC 2014,95.7256,0.12,60,71.454,0.9706,1,,
Fri Feb 21 15:14:22 UTC 2014,95.7256,0.12,60,71.454,0.9706,1,,
Fri Feb 21 15:14:28 UTC 2014,96.8064,0.12,56,63.1266,0.8065,1,,
Fri Feb 21 15:14:34 UTC 2014,96.8064,0.12,56,63.1266,0.8065,1,,
Fri Feb 21 15:14:42 UTC 2014,96.8064,0.12,56,63.1266,0.8065,1,,
Fri Feb 21 15:14:48 UTC 2014,96.8064,0.12,56,63.1266,0.8065,1,,
Fri Feb 21 15:14:54 UTC 2014,96.8064,0.12,56,63.1266,0.8065,1,,
Fri Feb 21 15:15:00 UTC 2014,96.8064,0.12,56,63.1266,0.8065,1,,
Fri Feb 21 15:15:05 UTC 2014,96.8064,0.12,56,63.1266,0.8065,1,,
Fri Feb 21 15:15:12 UTC 2014,96.8064,0.12,56,63.1266,0.8065,1,,
Fri Feb 21 15:15:18 UTC 2014,96.8064,0.12,56,63.1266,0.8065,1,,
Fri Feb 21 15:15:25 UTC 2014,96.8064,0.12,56,63.1266,0.8065,1,,
Fri Feb 21 15:15:31 UTC 2014,96.8064,0.12,56,63.1266,0.8065,1,CassandraNode_scaleOut,CassandraNode
Fri Feb 21 15:15:43 UTC 2014,96.8064,0.12,56,63.1266,0.7667,1,CassandraNode_scaleOut,CassandraNode
Fri Feb 21 15:15:55 UTC 2014,97.6024,0.12,57,69.2973,0.7667,1,CassandraNode_scaleOut,CassandraNode
Fri Feb 21 15:16:06 UTC 2014,97.6024,0.12,55,66.8331,0.9333,1,CassandraNode_scaleOut,CassandraNode
Fri Feb 21 15:16:19 UTC 2014,82.6,0.12,55,66.8331,0.9333,1,,
Fri Feb 21 15:16:29 UTC 2014,82.6,0.12,55,66.8331,0.9333,1,,
Fri Feb 21 15:16:34 UTC 2014,82.6,0.12,55,66.8331,0.9333,1,,
Fri Feb 21 15:16:42 UTC 2014,82.6,0.12,55,66.8331,0.9333,1,,
Fri Feb 21 15:16:48 UTC 2014,82.6,0.12,55,66.8331,0.9333,1,,
Fri Feb 21 15:16:55 UTC 2014,54.3719,0.12,57,70.1863,0.871,1,,
Fri Feb 21 15:17:01 UTC 2014,54.3719,0.12,57,70.1863,0.871,1,,
Fri Feb 21 15:17:10 UTC 2014,54.3719,0.12,57,70.1863,0.871,1,,
Fri Feb 21 15:17:16 UTC 2014,54.3719,0.12,57,70.1863,0.871,1,,
Fri Feb 21 15:17:23 UTC 2014,54.3719,0.12,57,70.1863,0.871,1,,
Fri Feb 21 15:17:30 UTC 2014,54.3719,0.12,57,70.1863,0.871,1,,
Fri Feb 21 15:17:37 UTC 2014,54.3719,0.12,57,70.1863,0.871,1,,
Fri Feb 21 15:17:43 UTC 2014,54.3719,0.12,57,70.1863,0.871,1,,
Fri Feb 21 15:17:51 UTC 2014,54.3719,0.12,57,70.1863,0.871,1,,
Fri Feb 21 15:17:57 UTC 2014,54.3719,0.12,57,70.1863,0.871,1,,
Fri Feb 21 15:18:07 UTC 2014,54.3719,0.12,57,70.1863,0.871,1,,
Fri Feb 21 15:18:14 UTC 2014,54.3719,0.12,57,70.1863,0.871,1,,
Fri Feb 21 15:18:23 UTC 2014,54.3719,0.12,57,70.1863,0.871,1,,
Fri Feb 21 15:18:31 UTC 2014,54.3719,0.12,57,70.1863,0.871,1,,
Fri Feb 21 15:18:40 UTC 2014,54.3719,0.12,57,70.1863,0.871,1,,
Fri Feb 21 15:18:46 UTC 2014,54.3719,0.12,57,70.1863,0.871,1,,
Fri Feb 21 15:18:54 UTC 2014,63.7652,0.12,63,76.2161,0.8333,1,,
Fri Feb 21 15:19:02 UTC 2014,63.7652,0.12,63,76.2161,0.8333,1,,
Fri Feb 21 15:19:08 UTC 2014,63.7652,0.12,63,76.2161,0.8333,1,,
Fri Feb 21 15:19:16 UTC 2014,63.7652,0.12,63,76.2161,0.8333,1,,
Fri Feb 21 15:19:22 UTC 2014,63.7652,0.12,63,76.2161,0.8333,1,,
Fri Feb 21 15:19:28 UTC 2014,63.7652,0.12,63,76.2161,0.8333,1,,
Fri Feb 21 15:19:35 UTC 2014,63.7652,0.12,63,76.2161,0.8333,1,,
Fri Feb 21 15:19:41 UTC 2014,63.7652,0.12,63,76.2161,0.8333,1,,
Fri Feb 21 15:19:47 UTC 2014,63.7652,0.12,63,76.2161,0.8333,1,,
Fri Feb 21 15:19:54 UTC 2014,63.7652,0.12,63,76.2161,0.8333,1,,
Fri Feb 21 15:20:03 UTC 2014,63.7652,0.12,63,76.2161,0.8333,1,,
Fri Feb 21 15:20:11 UTC 2014,63.7652,0.12,63,76.2161,0.8333,1,,
Fri Feb 21 15:20:20 UTC 2014,63.7652,0.12,63,76.2161,0.8333,1,,
Fri Feb 21 15:20:27 UTC 2014,63.7652,0.12,63,76.2161,0.8333,1,,
Fri Feb 21 15:20:32 UTC 2014,63.7652,0.12,63,76.2161,0.8333,1,,
Fri Feb 21 15:20:39 UTC 2014,63.7652,0.12,63,76.2161,0.8333,1,,
Fri Feb 21 15:20:45 UTC 2014,63.7652,0.12,63,76.2161,0.8333,1,,
Fri Feb 21 15:20:53 UTC 2014,87.6862,0.12,56,69.8672,0.6452,1,,
Fri Feb 21 15:20:59 UTC 2014,87.6862,0.12,56,69.8672,0.6452,1,,
Fri Feb 21 15:21:08 UTC 2014,87.6862,0.12,56,69.8672,0.6452,1,,
Fri Feb 21 15:21:16 UTC 2014,87.6862,0.12,56,69.8672,0.6452,1,,
Fri Feb 21 15:21:23 UTC 2014,87.6862,0.12,56,69.8672,0.6452,1,,
Fri Feb 21 15:21:28 UTC 2014,87.6862,0.12,56,69.8672,0.6452,1,,
Fri Feb 21 15:21:38 UTC 2014,87.6862,0.12,56,69.8672,0.6452,1,,
Fri Feb 21 15:21:44 UTC 2014,87.6862,0.12,56,69.8672,0.6452,1,,
Fri Feb 21 15:21:51 UTC 2014,87.6862,0.12,56,69.8672,0.6452,1,,
Fri Feb 21 15:21:57 UTC 2014,87.6862,0.12,56,69.8672,0.6452,1,,
Fri Feb 21 15:22:05 UTC 2014,87.6862,0.12,56,69.8672,0.6452,1,,
Fri Feb 21 15:22:11 UTC 2014,87.6862,0.12,56,69.8672,0.6452,1,,
Fri Feb 21 15:22:17 UTC 2014,87.6862,0.12,56,69.8672,0.6452,1,,
Fri Feb 21 15:22:27 UTC 2014,87.6862,0.12,56,69.8672,0.6452,1,,
Fri Feb 21 15:22:35 UTC 2014,87.6862,0.12,56,69.8672,0.6452,1,,
Fri Feb 21 15:22:41 UTC 2014,80.0598,0.12,49,56.329,0.8667,1,,
Fri Feb 21 15:22:47 UTC 2014,80.0598,0.12,49,56.329,0.8667,1,,
Fri Feb 21 15:22:53 UTC 2014,80.0598,0.12,49,56.329,0.8667,1,,
Fri Feb 21 15:22:58 UTC 2014,80.0598,0.12,49,56.329,0.8667,1,,
Fri Feb 21 15:23:04 UTC 2014,80.0598,0.12,49,56.329,0.8667,1,,
Fri Feb 21 15:23:10 UTC 2014,80.0598,0.12,49,56.329,0.8667,1,,
Fri Feb 21 15:23:16 UTC 2014,80.0598,0.12,49,56.329,0.8667,1,,
Fri Feb 21 15:23:23 UTC 2014,80.0598,0.12,49,56.329,0.8667,1,,
Fri Feb 21 15:23:29 UTC 2014,80.0598,0.12,49,56.329,0.8667,1,,
Fri Feb 21 15:23:37 UTC 2014,80.0598,0.12,49,56.329,0.8667,1,,
Fri Feb 21 15:23:44 UTC 2014,80.0598,0.12,49,56.329,0.8667,1,,
Fri Feb 21 15:23:50 UTC 2014,80.0598,0.12,49,56.329,0.8667,1,,
Fri Feb 21 15:23:58 UTC 2014,39.0722,0.12,31,47.635,0.6667,1,,
Fri Feb 21 15:24:06 UTC 2014,39.0722,0.12,31,47.635,0.6667,1,,
Fri Feb 21 15:24:13 UTC 2014,39.0722,0.12,31,47.635,0.6667,1,,
Fri Feb 21 15:24:21 UTC 2014,39.0722,0.12,31,47.635,0.6667,1,,
Fri Feb 21 15:24:30 UTC 2014,39.0722,0.12,31,47.635,0.6667,1,,
Fri Feb 21 15:24:36 UTC 2014,39.0722,0.12,31,47.635,0.6667,1,,
Fri Feb 21 15:24:44 UTC 2014,39.0722,0.12,31,47.635,0.6667,1,,
Fri Feb 21 15:24:52 UTC 2014,39.0722,0.12,31,47.635,0.6667,1,,
Fri Feb 21 15:24:58 UTC 2014,39.0722,0.12,31,47.635,0.6667,1,,
Fri Feb 21 15:25:06 UTC 2014,39.0722,0.12,31,47.635,0.6667,1,,
Fri Feb 21 15:25:12 UTC 2014,39.0722,0.12,31,47.635,0.6667,1,,
Fri Feb 21 15:25:18 UTC 2014,39.0722,0.12,31,47.635,0.6667,1,,
Fri Feb 21 15:25:25 UTC 2014,39.0722,0.12,31,47.635,0.6667,1,AppServer_scaleOut,AppServer
Fri Feb 21 15:25:36 UTC 2014,39.0722,0.12,31,47.635,0.6667,1,AppServer_scaleOut,AppServer
Fri Feb 21 15:25:49 UTC 2014,16.0991,0.12,8,24.3035,0.8667,1,AppServer_scaleOut,AppServer
Fri Feb 21 15:26:02 UTC 2014,16.0991,0.12,8,24.3035,0.8667,1,AppServer_scaleOut,AppServer
Fri Feb 21 15:26:14 UTC 2014,16.0991,0.12,8,24.3035,0.8667,1,,
Fri Feb 21 15:26:26 UTC 2014,17.0732,0.24,7,21.8839,0.6333,2,,
Fri Feb 21 15:26:34 UTC 2014,17.0732,0.24,7,21.8839,0.6333,2,,
Fri Feb 21 15:26:43 UTC 2014,17.0732,0.24,7,21.8839,0.6333,2,,
Fri Feb 21 15:26:51 UTC 2014,17.0732,0.24,7,21.8839,0.6333,2,,
Fri Feb 21 15:26:57 UTC 2014,17.0732,0.24,7,21.8839,0.6333,2,,
Fri Feb 21 15:27:03 UTC 2014,17.0732,0.24,7,21.8839,0.6333,2,,
Fri Feb 21 15:27:12 UTC 2014,17.0732,0.24,7,21.8839,0.6333,2,,
Fri Feb 21 15:27:20 UTC 2014,17.0732,0.24,7,21.8839,0.6333,2,,
Fri Feb 21 15:27:26 UTC 2014,17.0732,0.24,7,21.8839,0.6333,2,,
Fri Feb 21 15:27:34 UTC 2014,17.0732,0.24,7,21.8839,0.6333,2,,
Fri Feb 21 15:27:42 UTC 2014,17.0732,0.24,7,21.8839,0.6333,2,,
Fri Feb 21 15:27:48 UTC 2014,17.0732,0.24,7,21.8839,0.6333,2,,
Fri Feb 21 15:27:59 UTC 2014,17.0732,0.24,7,21.8839,0.6333,2,,
Fri Feb 21 15:28:05 UTC 2014,17.0732,0.24,7,21.8839,0.6333,2,,
Fri Feb 21 15:28:12 UTC 2014,17.0732,0.24,7,21.8839,0.6333,2,,
Fri Feb 21 15:28:22 UTC 2014,17.0732,0.24,7,21.8839,0.6333,2,,
Fri Feb 21 15:28:31 UTC 2014,17.0732,0.24,7,21.8839,0.6333,2,,
Fri Feb 21 15:28:40 UTC 2014,17.0732,0.24,7,21.8839,0.6333,2,,
Fri Feb 21 15:28:48 UTC 2014,17.0732,0.24,7,21.8839,0.6333,2,,
Fri Feb 21 15:28:54 UTC 2014,17.0732,0.24,7,21.8839,0.6333,2,,
Fri Feb 21 15:29:01 UTC 2014,17.0732,0.24,7,21.8839,0.6333,2,,
Fri Feb 21 15:29:10 UTC 2014,17.0732,0.24,7,21.8839,0.6333,2,,
Fri Feb 21 15:29:18 UTC 2014,8.9235,0.24,8,21.6797,1.1667,2,,
Fri Feb 21 15:29:24 UTC 2014,8.9235,0.24,8,21.6797,1.1667,2,AppServer_scaleIn,AppServer
Fri Feb 21 15:29:39 UTC 2014,8.9235,0.24,8,21.6797,1.1667,2,AppServer_scaleIn,AppServer
Fri Feb 21 15:29:51 UTC 2014,8.9235,0.24,8,21.6797,1.1667,2,AppServer_scaleIn,AppServer
Fri Feb 21 15:30:04 UTC 2014,8.9235,0.24,8,21.6797,1.1667,2,AppServer_scaleIn,AppServer
Fri Feb 21 15:30:18 UTC 2014,8.9235,0.24,8,21.6797,1.1667,2,AppServer_scaleIn,AppServer
Fri Feb 21 15:30:30 UTC 2014,8.9235,0.24,8,21.6797,1.1667,2,AppServer_scaleIn,AppServer
Fri Feb 21 15:30:43 UTC 2014,8.7722,0.24,11,24.0294,1.2667,2,AppServer_scaleIn,AppServer
Fri Feb 21 15:30:55 UTC 2014,8.7722,0.24,11,24.0294,1.2667,2,AppServer_scaleIn,AppServer
Fri Feb 21 15:31:09 UTC 2014,8.7722,0.24,11,24.0294,1.2667,2,AppServer_scaleIn,AppServer
Fri Feb 21 15:31:21 UTC 2014,8.7722,0.24,11,24.0294,1.2667,2,AppServer_scaleIn,AppServer
Fri Feb 21 15:31:32 UTC 2014,8.7722,0.24,11,24.0294,0.6,2,AppServer_scaleIn,AppServer
Fri Feb 21 15:31:44 UTC 2014,3.2869,0.24,13,25.5353,0.6,2,AppServer_scaleIn,AppServer
Fri Feb 21 15:31:56 UTC 2014,3.2869,0.24,13,25.5353,0.6,2,AppServer_scaleIn,AppServer
Fri Feb 21 15:32:08 UTC 2014,3.2869,0.24,13,25.5353,0.6,2,,
Fri Feb 21 15:32:15 UTC 2014,3.2869,0.24,13,25.5353,0.6,2,,
Fri Feb 21 15:32:22 UTC 2014,3.2869,0.24,13,25.5353,0.6,2,,
Fri Feb 21 15:32:27 UTC 2014,3.2869,0.24,13,25.5353,0.6,2,,
Fri Feb 21 15:32:37 UTC 2014,3.2869,0.24,13,25.5353,0.6,2,,
Fri Feb 21 15:32:44 UTC 2014,3.2869,0.24,13,25.5353,0.6,2,,
Fri Feb 21 15:32:50 UTC 2014,3.2869,0.24,13,25.5353,0.6,2,,
Fri Feb 21 15:32:57 UTC 2014,3.2869,0.24,13,25.5353,0.6,2,,
Fri Feb 21 15:33:05 UTC 2014,3.2869,0.24,13,25.5353,0.6,2,,
Fri Feb 21 15:33:14 UTC 2014,3.2869,0.24,13,25.5353,0.6,2,,
Fri Feb 21 15:33:23 UTC 2014,4.7141,0.12,15,29.0749,0.5667,1,,
Fri Feb 21 15:33:30 UTC 2014,4.7141,0.12,15,29.0749,0.5667,1,,
Fri Feb 21 15:33:36 UTC 2014,4.7141,0.12,15,29.0749,0.5667,1,,
Fri Feb 21 15:33:44 UTC 2014,4.7141,0.12,15,29.0749,0.5667,1,,
Fri Feb 21 15:33:53 UTC 2014,4.7141,0.12,15,29.0749,0.5667,1,,
Fri Feb 21 15:34:03 UTC 2014,4.7141,0.12,15,29.0749,0.5667,1,,
Fri Feb 21 15:34:09 UTC 2014,4.7141,0.12,15,29.0749,0.5667,1,,
Fri Feb 21 15:34:17 UTC 2014,4.7141,0.12,15,29.0749,0.5667,1,,
Fri Feb 21 15:34:23 UTC 2014,4.7141,0.12,15,29.0749,0.5667,1,,
Fri Feb 21 15:34:30 UTC 2014,4.7141,0.12,15,29.0749,0.5667,1,,
Fri Feb 21 15:34:38 UTC 2014,4.7141,0.12,15,29.0749,0.5667,1,,
Fri Feb 21 15:34:44 UTC 2014,4.7141,0.12,15,29.0749,0.5667,1,,
Fri Feb 21 15:34:52 UTC 2014,4.7141,0.12,15,29.0749,0.5667,1,,
Fri Feb 21 15:34:58 UTC 2014,4.7141,0.12,15,29.0749,0.5667,1,,
Fri Feb 21 15:35:04 UTC 2014,4.7141,0.12,15,29.0749,0.5667,1,,
Fri Feb 21 15:35:12 UTC 2014,4.7141,0.12,15,29.0749,0.5667,1,,
Fri Feb 21 15:35:18 UTC 2014,4.7141,0.12,15,29.0749,0.5667,1,,
Fri Feb 21 15:35:25 UTC 2014,4.7141,0.12,15,29.0749,0.5667,1,,
Fri Feb 21 15:35:31 UTC 2014,4.7141,0.12,15,29.0749,0.5667,1,,
Fri Feb 21 15:35:40 UTC 2014,4.7141,0.12,15,29.0749,0.5667,1,,
Fri Feb 21 15:35:46 UTC 2014,4.7141,0.12,15,29.0749,0.5667,1,,
Fri Feb 21 15:35:52 UTC 2014,4.7141,0.12,15,29.0749,0.5667,1,,
Fri Feb 21 15:35:59 UTC 2014,4.7141,0.12,15,29.0749,0.5667,1,,
Fri Feb 21 15:36:05 UTC 2014,4.7141,0.12,15,29.0749,0.5667,1,,
Fri Feb 21 15:36:13 UTC 2014,4.7141,0.12,15,29.0749,0.5667,1,,
Fri Feb 21 15:36:21 UTC 2014,4.7141,0.12,15,29.0749,0.5667,1,,
Fri Feb 21 15:36:29 UTC 2014,3.1,0.12,17,29.3481,0.6333,1,,
Fri Feb 21 15:36:35 UTC 2014,3.1,0.12,17,29.3481,0.6333,1,,
Fri Feb 21 15:36:41 UTC 2014,3.1,0.12,17,29.3481,0.6333,1,,
Fri Feb 21 15:36:47 UTC 2014,3.1,0.12,17,29.3481,0.6333,1,,
Fri Feb 21 15:36:54 UTC 2014,3.1,0.12,17,29.3481,0.6333,1,,
Fri Feb 21 15:37:00 UTC 2014,3.1,0.12,17,29.3481,0.6333,1,,
Fri Feb 21 15:37:07 UTC 2014,3.1,0.12,17,29.3481,0.6333,1,,
Fri Feb 21 15:37:14 UTC 2014,3.1,0.12,17,29.3481,0.6333,1,,
Fri Feb 21 15:37:22 UTC 2014,3.1,0.12,17,29.3481,0.6333,1,,
Fri Feb 21 15:37:28 UTC 2014,3.1,0.12,17,29.3481,0.6333,1,,
Fri Feb 21 15:37:34 UTC 2014,3.1,0.12,17,29.3481,0.6333,1,,
Fri Feb 21 15:37:41 UTC 2014,3.1,0.12,17,29.3481,0.6333,1,,
Fri Feb 21 15:37:49 UTC 2014,3.1,0.12,17,29.3481,0.6333,1,,
Fri Feb 21 15:37:55 UTC 2014,3.1,0.12,17,29.3481,0.6333,1,,
Fri Feb 21 15:38:01 UTC 2014,3.1,0.12,17,29.3481,0.6333,1,,
Fri Feb 21 15:38:07 UTC 2014,3.1,0.12,17,29.3481,0.6333,1,,
Fri Feb 21 15:38:14 UTC 2014,3.1,0.12,17,29.3481,0.6333,1,,
Fri Feb 21 15:38:25 UTC 2014,3.1,0.12,17,29.3481,0.6333,1,,
Fri Feb 21 15:38:31 UTC 2014,3.1,0.12,17,29.3481,0.6333,1,,
Fri Feb 21 15:38:37 UTC 2014,3.1,0.12,17,29.3481,0.6333,1,,
Fri Feb 21 15:38:44 UTC 2014,3.1,0.12,17,29.3481,0.6333,1,,
Fri Feb 21 15:38:52 UTC 2014,3.1,0.12,17,29.3481,0.6333,1,,
Fri Feb 21 15:38:59 UTC 2014,4.6859,0.12,15,28.0342,0.6,1,,
Fri Feb 21 15:39:06 UTC 2014,4.6859,0.12,15,28.0342,0.6,1,,
Fri Feb 21 15:39:15 UTC 2014,4.6859,0.12,15,28.0342,0.6,1,,
Fri Feb 21 15:39:20 UTC 2014,4.6859,0.12,15,28.0342,0.6,1,,
Fri Feb 21 15:39:27 UTC 2014,4.6859,0.12,15,28.0342,0.6,1,,
Fri Feb 21 15:39:35 UTC 2014,4.6859,0.12,15,28.0342,0.6,1,,
Fri Feb 21 15:39:43 UTC 2014,4.6859,0.12,15,28.0342,0.6,1,,
Fri Feb 21 15:39:50 UTC 2014,4.6859,0.12,15,28.0342,0.6,1,,
Fri Feb 21 15:39:56 UTC 2014,4.6859,0.12,15,28.0342,0.6,1,,
Fri Feb 21 15:40:02 UTC 2014,4.6859,0.12,15,28.0342,0.6,1,,
Fri Feb 21 15:40:08 UTC 2014,4.6859,0.12,15,28.0342,0.6,1,,
Fri Feb 21 15:40:14 UTC 2014,4.6859,0.12,15,28.0342,0.6,1,,
Fri Feb 21 15:40:21 UTC 2014,4.6859,0.12,15,28.0342,0.6,1,,
Fri Feb 21 15:40:27 UTC 2014,4.6859,0.12,15,28.0342,0.6,1,,
Fri Feb 21 15:40:33 UTC 2014,4.6859,0.12,15,28.0342,0.6,1,,
Fri Feb 21 15:40:39 UTC 2014,4.6859,0.12,15,28.0342,0.6,1,,
Fri Feb 21 15:40:45 UTC 2014,4.6859,0.12,15,28.0342,0.6,1,,
Fri Feb 21 15:40:51 UTC 2014,1.7085,0.12,14,26.5166,0.6333,1,,
Fri Feb 21 15:40:57 UTC 2014,1.7085,0.12,14,26.5166,0.6333,1,,
Fri Feb 21 15:41:03 UTC 2014,1.7085,0.12,14,26.5166,0.6333,1,,
Fri Feb 21 15:41:11 UTC 2014,1.7085,0.12,14,26.5166,0.6333,1,,
Fri Feb 21 15:41:17 UTC 2014,1.7085,0.12,14,26.5166,0.6333,1,,
Fri Feb 21 15:41:22 UTC 2014,1.7085,0.12,14,26.5166,0.6333,1,,
Fri Feb 21 15:41:28 UTC 2014,1.7085,0.12,14,26.5166,0.6333,1,,
Fri Feb 21 15:41:34 UTC 2014,1.7085,0.12,14,26.5166,0.6333,1,,
Fri Feb 21 15:41:41 UTC 2014,1.7085,0.12,14,26.5166,0.6333,1,,
Fri Feb 21 15:41:47 UTC 2014,1.7085,0.12,14,26.5166,0.6333,1,,
Fri Feb 21 15:41:53 UTC 2014,1.7085,0.12,14,26.5166,0.6333,1,,
Fri Feb 21 15:42:00 UTC 2014,1.7085,0.12,14,26.5166,0.6333,1,,
Fri Feb 21 15:42:05 UTC 2014,1.7085,0.12,14,26.5166,0.6333,1,,
Fri Feb 21 15:42:12 UTC 2014,1.7085,0.12,14,26.5166,0.6333,1,,
Fri Feb 21 15:42:18 UTC 2014,1.7085,0.12,14,26.5166,0.6333,1,,
Fri Feb 21 15:42:24 UTC 2014,1.7085,0.12,14,26.5166,0.6333,1,,
Fri Feb 21 15:42:31 UTC 2014,1.7085,0.12,14,26.5166,0.6333,1,,
Fri Feb 21 15:42:36 UTC 2014,1.7085,0.12,14,26.5166,0.6333,1,,
Fri Feb 21 15:42:42 UTC 2014,1.7085,0.12,14,26.5166,0.6333,1,,
Fri Feb 21 15:42:47 UTC 2014,7.3589,0.12,21,33.0963,0.6333,1,,
Fri Feb 21 15:42:53 UTC 2014,7.3589,0.12,21,33.0963,0.6333,1,,
Fri Feb 21 15:43:00 UTC 2014,7.3589,0.12,21,33.0963,0.6333,1,,
Fri Feb 21 15:43:06 UTC 2014,7.3589,0.12,21,33.0963,0.6333,1,,
Fri Feb 21 15:43:11 UTC 2014,7.3589,0.12,21,33.0963,0.6333,1,,
Fri Feb 21 15:43:17 UTC 2014,7.3589,0.12,21,33.0963,0.6333,1,,
Fri Feb 21 15:43:24 UTC 2014,7.3589,0.12,21,33.0963,0.6333,1,,
Fri Feb 21 15:43:29 UTC 2014,7.3589,0.12,21,33.0963,0.6333,1,,
Fri Feb 21 15:43:35 UTC 2014,7.3589,0.12,21,33.0963,0.6333,1,,
Fri Feb 21 15:43:43 UTC 2014,7.3589,0.12,21,33.0963,0.6333,1,CassandraNode_scaleIn,CassandraNode
Fri Feb 21 15:43:55 UTC 2014,5.2472,0.12,22,34.3962,0.6333,1,CassandraNode_scaleIn,CassandraNode
Fri Feb 21 15:44:08 UTC 2014,5.2472,0.12,22,34.3962,0.6333,1,CassandraNode_scaleIn,CassandraNode
Fri Feb 21 15:44:20 UTC 2014,2.719,0.12,22,33.9427,0.6333,1,CassandraNode_scaleIn,CassandraNode
Fri Feb 21 15:44:31 UTC 2014,2.719,0.12,22,33.9427,0.6333,1,CassandraNode_scaleIn,CassandraNode
Fri Feb 21 15:44:45 UTC 2014,2.719,0.12,22,33.9427,0.6333,1,CassandraNode_scaleIn,CassandraNode
Fri Feb 21 15:44:57 UTC 2014,18.1723,0.12,21,37.1236,0.6333,1,CassandraNode_scaleIn,CassandraNode
Fri Feb 21 15:45:09 UTC 2014,18.1723,0.12,21,37.1236,0.6333,1,CassandraNode_scaleIn,CassandraNode
Fri Feb 21 15:45:21 UTC 2014,18.1723,0.12,21,37.1236,0.6333,1,CassandraNode_scaleIn,CassandraNode
Fri Feb 21 15:45:33 UTC 2014,7.3779,0.12,29,40.5076,0.7,1,CassandraNode_scaleIn,CassandraNode
Fri Feb 21 15:45:45 UTC 2014,7.3779,0.12,29,40.5076,0.7,1,CassandraNode_scaleIn,CassandraNode
Fri Feb 21 15:45:58 UTC 2014,7.9681,0.12,27,38.771,0.8333,1,CassandraNode_scaleIn,CassandraNode
Fri Feb 21 15:46:10 UTC 2014,7.9681,0.12,27,38.771,0.8333,1,CassandraNode_scaleIn,CassandraNode
Fri Feb 21 15:46:22 UTC 2014,7.7228,0.12,27,37.7705,0.8333,1,CassandraNode_scaleIn,CassandraNode
Fri Feb 21 15:46:36 UTC 2014,7.7228,0.12,27,37.7705,0.8333,1,,
Fri Feb 21 15:46:44 UTC 2014,7.7228,0.12,27,37.7705,0.8333,1,,
Fri Feb 21 15:46:51 UTC 2014,7.7228,0.12,27,37.7705,0.8333,1,,
Fri Feb 21 15:46:57 UTC 2014,7.7228,0.12,27,37.7705,0.8333,1,,
Fri Feb 21 15:47:04 UTC 2014,7.7228,0.12,27,37.7705,0.8333,1,,
Fri Feb 21 15:47:10 UTC 2014,7.7228,0.12,27,37.7705,0.8333,1,,
Fri Feb 21 15:47:16 UTC 2014,7.7228,0.12,27,37.7705,0.8333,1,,
Fri Feb 21 15:47:23 UTC 2014,7.7228,0.12,27,37.7705,0.8333,1,,
Fri Feb 21 15:47:29 UTC 2014,7.7228,0.12,27,37.7705,0.8333,1,,
Fri Feb 21 15:47:35 UTC 2014,7.7228,0.12,27,37.7705,0.8333,1,,
Fri Feb 21 15:47:41 UTC 2014,7.7228,0.12,27,37.7705,0.8333,1,,
Fri Feb 21 15:47:47 UTC 2014,7.7228,0.12,27,37.7705,0.8333,1,,
Fri Feb 21 15:47:54 UTC 2014,7.7228,0.12,27,37.7705,0.8333,1,,
Fri Feb 21 15:48:00 UTC 2014,7.7228,0.12,27,37.7705,0.8333,1,,
Fri Feb 21 15:48:06 UTC 2014,7.7228,0.12,27,37.7705,0.8333,1,,
Fri Feb 21 15:48:14 UTC 2014,9.6677,0.12,28,39.6827,0.6667,1,,
Fri Feb 21 15:48:20 UTC 2014,9.6677,0.12,28,39.6827,0.6667,1,,
Fri Feb 21 15:48:26 UTC 2014,9.6677,0.12,28,39.6827,0.6667,1,,
Fri Feb 21 15:48:32 UTC 2014,9.6677,0.12,28,39.6827,0.6667,1,,
Fri Feb 21 15:48:39 UTC 2014,9.6677,0.12,28,39.6827,0.6667,1,,
Fri Feb 21 15:48:46 UTC 2014,9.6677,0.12,28,39.6827,0.6667,1,,
Fri Feb 21 15:48:52 UTC 2014,9.6677,0.12,28,39.6827,0.6667,1,,
Fri Feb 21 15:49:04 UTC 2014,9.6677,0.12,28,39.6827,0.6667,1,,
Fri Feb 21 15:49:11 UTC 2014,9.6677,0.12,28,39.6827,0.6667,1,,
Fri Feb 21 15:49:17 UTC 2014,9.6677,0.12,28,39.6827,0.6667,1,,
Fri Feb 21 15:49:23 UTC 2014,5.7229,0.12,27,40.9436,0.6333,1,,
Fri Feb 21 15:49:29 UTC 2014,5.7229,0.12,27,40.9436,0.6333,1,,
Fri Feb 21 15:49:36 UTC 2014,5.7229,0.12,27,40.9436,0.6333,1,,
Fri Feb 21 15:49:43 UTC 2014,5.7229,0.12,27,40.9436,0.6333,1,,
Fri Feb 21 15:49:51 UTC 2014,5.7229,0.12,27,40.9436,0.6333,1,,
Fri Feb 21 15:49:56 UTC 2014,5.7229,0.12,27,40.9436,0.6333,1,,
Fri Feb 21 15:50:02 UTC 2014,5.7229,0.12,27,40.9436,0.6333,1,,
Fri Feb 21 15:50:08 UTC 2014,5.7229,0.12,27,40.9436,0.6333,1,,
Fri Feb 21 15:50:15 UTC 2014,5.7229,0.12,27,40.9436,0.6333,1,,
Fri Feb 21 15:50:21 UTC 2014,5.7229,0.12,27,40.9436,0.6333,1,,
Fri Feb 21 15:50:29 UTC 2014,5.7229,0.12,27,40.9436,0.6333,1,,
Fri Feb 21 15:50:34 UTC 2014,5.7229,0.12,27,40.9436,0.6333,1,,
Fri Feb 21 15:50:41 UTC 2014,5.7229,0.12,27,40.9436,0.6333,1,,
Fri Feb 21 15:50:47 UTC 2014,13.3201,0.12,30,44.5686,0.6667,1,,
Fri Feb 21 15:50:53 UTC 2014,13.3201,0.12,30,44.5686,0.6667,1,,
Fri Feb 21 15:50:59 UTC 2014,13.3201,0.12,30,44.5686,0.6667,1,,
Fri Feb 21 15:51:06 UTC 2014,13.3201,0.12,30,44.5686,0.6667,1,,
Fri Feb 21 15:51:13 UTC 2014,13.3201,0.12,30,44.5686,0.6667,1,,
